ID,Target,text_length,length_bin,fold
uGI8F9Er0c5XwdnX,By this publique Act and Instrument of protest,46,0,4
Dqt2gc3V5RJqmLE5,By this publique Act and Instrument of protest,46,0,4
eqF93vAKYa4aOeHr,By this public act and Instrument of protest be it known,56,1,2
SEYEZ7fwp3MbYkkB,By this public act and Instrument of protest be it known,56,1,2
sQjpjiUTThaMf4j6,By this public act and Instrument of protest be it,50,0,0
Zer3bZ5I7YFGoqS6,By this public Act and Instrument of protest be it,50,0,3
xD0EIkxQ5xUJIjuV,of February In the year of our Lord God one thousand six hundred sixty,70,3,0
vIO1Vk2ZKi0Yn0Sz,of February in the Year of our Lord God one thousand six hundred sixty,70,3,4
0mbbbshnl0XReeqC,of February in the year of our Lord God one thousand six hundred sixty,70,3,3
8kn3TLDy8Pzkhxre,date the Sixth day of July One thousand Six hundred,51,1,2
ATePrG4XYYSk9SqP,date the Sixth day of July One thousand Six hundred,51,1,3
nRvxGECsX83w3iAn,Signed Sealed and delivered in the prsence of us,48,0,0
ik2J2jh39lYRPIih,Signed Sealed and delivered in the presence of us,49,0,1
WDbUz3HEvBWEdEfO,Signed Sealed and delivered in the presence of us,49,0,3
y4cX8NR9p3eQRAcH,Signed sealed and delivered in the prsence of us,48,0,2
Z2mR1OD41ELWIjS3,This done and protested the day and year aforesaid,50,0,2
tcWjg7hB7HjofnFN,This done and protested the day and year aforesaid,50,0,3
8K3R5VHfGgPa9cZR,This done and protested the day and Year aforesaid,50,0,2
243Efrgr29lBU5si,omitt Suffered or done ^by the said John Bawdon,47,0,1
m2hBfXjaPMNj7JAQ,omitt Suffered or Done ^by the Said John Bawdon,47,0,1
H6MlB7cGEGI4lZ6J,To all Christian People to whome this present writeing shall come,65,2,2
ewYlEIEmas0JBluR,To all Christian People to whome this present writeing shall come,65,2,4
BU7IrN4RM2C3UZC0,Sealed and delivered in the prsence of,38,0,0
UUMGGElAnTqRKlfO,Sealed and delivered in the presence of,39,0,3
huKYbaDS0hn3iQSa,Sealed and delivered in the prsence of,38,0,1
zF6Y0Q8CW0z7x0EU,Sealed and delivered in the prsence of,38,0,0
v2PiLBtv4u7leFxd,sealed and delivered in the presence of,39,0,1
5fg6hZ3GqQbzwqGI,Sealed and delivered in the presence of,39,0,0
rmAMD7qwDT9Hnue7,Sealed and delivered in the presence of,39,0,2
R3i1amI9QDkg6ihX,Sealed and delivered in the prsence of,38,0,3
0ZvGzksVcRwCqqvb,To all Christian People to whome these presents shall,53,1,2
gg5hfS9d6SHxZS3e,To all christian people to whome these presents shall,53,1,0
tlIG4kS1IsC4cvjc,To all Christian People to whome these presents shall,53,1,2
7G2Eyw9CxUwwivGA,To all Christian people to whome these presents Shall,53,1,0
RAalP94Vy9npUxzr,To all Christian people to whome these presents shall,53,1,1
ChtGx4491s5eJoNw,To all Christian people to whome this prsent writing,52,1,2
Jrm3V9E0DcaSAlZF,To all Christian people to whom this present writing,52,1,2
i5MI0a58XRPBHAx3,French ship call the St. Robert of Rochell in France (where name the said appearer,82,4,4
cSHBo8ZEYXywLZV6,French ship call the St. Robert of Rochill in France (where name the said Appearer,82,4,2
6Q9xqqBd0In0I4xS,for or by reason of the said Whiston not loading of the said twelve,67,3,2
eEMNnCTYJgaPRPW6,for or by reason of the said Whiston not loading of the said twelve,67,3,1
lX9s1LYu4gomLBB0,Charles the second by the grace of God of England,49,0,1
trQe5eMPRmws6XCS,Charles the Second by the grace of God of England,49,0,1
vPp8Ebgi7VUqkQsQ,of twenty seventy acres of land as aforesaid and all and singular the,69,3,4
aI94QnYrXA1qRrZi,"and for Euer guift claime, and Confirme unto my Said Son",56,1,3
W84Lw7FYVOL8tFrx,age portion to and with the Said Elizabeth Vaughan Now in -,59,2,3
f8QIolG5Xe3f2ZYp,and one rood and all and Singuler other the premises hereby,59,2,2
VbZcY4RkcIKyFzVc,the Full Sume of FFive hundred pounds Currant mony,50,0,1
P9tEpZZRztDeSdkC,to have and hould all and singular the premises with the apurtenances unto the above said,89,4,3
9wdssHO7eGmXOlWg,estate of the deceased Earle of Carlyle whereof all that tyme there was fare ~,78,4,3
G8Lbj4koER0KdcT0,the said bill of exchange to which the said Barton made answer,62,2,2
2ozi1Own8zA4ADUC,I John More doe assign & sett ovr: all my whole right title & interest,70,3,4
7AjOpUt60TfQMKRy,peny to me oweinge as aforesd & evy or any pte thereof as to my sd,66,3,2
fsGQONvf08WpRtoZ,executors or assynes the sume of Eight thousand pounds of the like tobaccoe in manner and forme followinge,106,4,1
EnSU1hjHkeOgYelz,and Impositions whatsoever. And the Said Henry: Hutchin,55,1,0
CoUUBxj5EfFlDl03,Mcht & Nathan Gragly of Barbados mchant Ten acres of land lying & being in,74,4,2
maPDcMdzp57pydiF,This Indenture made the the twenty and nineth day of,52,1,1
Yid6ZCdtNOBegRdJ,the premisses by vertue of these presents In witness whereof I have hereunto,76,4,2
BayKI3G7iytIBi9V,"Maurice Morgan , John Earle , John Seberry",42,0,4
J3ZY5fFgDuk7sker,Ented Know all men in by these psents that I Stephen Howe of Darham in the,74,4,1
aqTw9otCG3kCDQiu,or Meant mentioned or Intended to be Granted & Conveyed unto the s^.d Benj,74,4,1
nHG8uqzC6WToOtUF,menconed or Intended to be herein and hereby granted bargained and,66,3,0
dp8N7j310savSZht,or by them pretendinge any right title or interest therein In witness whereof wee,81,4,2
VC4fyNsDO9j3kOZ7,To all Christian people to whome this psent writinge shall come know ye yt I John,81,4,3
3NyZ0vCSVx2mWPFY,pay unto him five hundred pounds Sterl. part of the Port,56,1,3
4djkWNdRfrCQBFMC,merchantable cotton wooll that the aforesaid thirty acres of land is not formerly mortgaged,91,4,2
C0BJGnJUYzHLYHjw,Singular the premisses with the Appurtenances,45,0,1
AMQB9QlyeAJq0wvk,heires executors administrators and assignes for ever without,61,2,2
jlLJjhbNXmxOWjt5,"by these presents, that all and singuler the premises, now are and soe shall forever",84,4,4
JesQeqgmULF8vwiQ,apptening unto him ye sd Benjamin Andrew his heires Exrs admrs or assignes for evr,82,4,0
ejDLHm5h4lWWqiJR,lyeinge windward of Edward Browne and adjoyninge upon,53,1,1
UL8ikhp4e6Ec55fN,The bill of Sale on the other side was this acknowledged,56,1,3
3Q3jk3jlXTdAttUX,wch is due to us or either of us from Thomas Wall Willm Bradshaw and Wm Wilcocks,80,4,1
Np9cR4uy6Y8hyqIU,unto the said Thomas Wall his exers admistrs and assignes att his or their will and,83,4,2
OkjmIPbenQC9clb2,and Effectt of the Said Deed in the presence of us whose,56,1,3
ztxc2RjJlYUpgpqi,booke or other wayes and all and singuler w^tsoever my said,59,2,2
ggux4tiyX0W3iPRj,agreed bargained and sould unto John Curtis twentye acres of land adjoining leeward to,86,4,4
bomhHnAf3YeSmp0P,administrators or assignes shall well and truely pay or caused to,65,2,4
mUep3DpDetxco8e1,of them ye said Christopher Lyne and Elizabeth his wife,55,1,2
sb6H0XxGZGCFcs5P,more or lesse or there aboutes accordinge to the bounds withall profitts comodities,83,4,3
bCnqDIE4YWoUwthr,"Exec:^rs Adm:^rs and assignes, That if the Said Richard",55,1,1
HvLmggaMTeLY1m5K,for them before delivery which the said agents on behalf of the said company,76,4,3
rLcW2ctSM1dpERkM,Reeve and George Read to be performed the abovesaid Richard,59,2,3
FUQEsJR1UFDadEJJ,inst rents & dues as shal be come due from the said,51,1,2
t69q7vZgYrY7nBFW,or may accur or arise to the said appearer or any of them therein,65,2,0
fotfkvVpPZH1S75X,being received of the said m^r Abraham Chapman,46,0,0
yEPSBtKigueT63YI,for and in consideracon of the some of the some of foure thousand pounds of,75,4,4
crGEocrxhLquvVGA,Stephen hath hereunto put his hand and seale,44,0,1
ZAySEi2vlgtwlTB4,admistrs and assignes all our parte of that twenty acres of land fallen,71,3,4
fZyQb4BQmKk9oeH7,"Executors, and Administrators doe Covenant, grant",49,0,0
HthoIQphlDBcFIXp,God that hee did See the within named James: Keith an,53,1,3
KuxK31gOkAHfocFH,"in habitance in feesimple, And hath in himself good -",53,1,0
wFDxzNUskXMHtZea,"appointed for payment of the rent as aforesaid, and if it shall happe",69,3,4
IpxyMLLEWhlwjXc1,Willm: Cumplin a Constable by a Ishams warrant,46,0,1
ZfIICfPh1tHBcd3P,the lett trouble hinderance or molestacon of by or from any,59,2,3
OuEGYmMT09IcmEbn,Togeather with all the houses Edifices building eas,51,1,1
rs063BLUtxNXz7qJ,Gent am become bound & engaged in one bond o^r specialtie betwix ye date,72,3,1
sTyVL2nCeZrDPJFw,written Deede of sale to the use therein expressed,50,0,4
6WmaDed2Ie5WBKVk,Provided nevertheless That This Grant and Confirmacon,53,1,4
tXHgjWYslgfsbYJR,have hereunto sett my hand and seale this foure and twentieth day of,68,3,1
THZWM5WJ8LJFTJ52,them In testimony whereof ye said John Cooke,44,0,0
f0hic7FbgHSQbSvO,This 25:^th day of November 1674 made oath,42,0,3
EmgbnkOsfE2htYzE,former bargaines Sales guifts grants leases feoffmts : mortgages Judgmts : Execucons,84,4,2
CZaeT06qk4B29Qib,particular & private debts & duties aforesaid In Witness whereof ye,67,3,4
nD0ymFgvn0LWHG2u,John Smith of the Pish of S^t James in the Island of Barbados carpenter of,74,4,3
8uwnh2ScFmF5elja,Costs and Damages that may be Comemed and arrea ag,50,0,0
6XBathpqHldH83Zq,this Island of Barbados have or did tender to the said Appearer,63,2,4
sBYwHvRVCJxz0txf,"payments, tenders, and Receipts of moneyes",42,0,3
X9iBG63d1hHjtkku,Ford his heires executors administrators & assignes to enter upon possess & enioye as his,89,4,3
WvicwIv0Pl1XRDSE,To all Xpian People to whome theis prsents shall come greeting in our Lord God Everlasting,90,4,4
WyjGNFSmwgHMZykj,debts in the Island of Barbados in the parts beyond the,55,1,1
XvlEjHDVybUpjaG6,To All Christian people to whom thise present writing,53,1,0
eZG1CxzYLlB5S5Li,Intr Ut Supra -Signed by- Gyles Jenkins -,41,0,3
s6HN2J1KWvNzw7sA,Sealed and delivered in the presence of John Gregory Thomas clarke,66,3,2
aQHPYQFW9ktqEGp1,Land be it more or be it lesse being Butting and,48,0,1
ZhAsYXrTBA0GrZEg,Assines To and for the recovering obtaining,43,0,1
j2LurOY7wQORapJ7,wise appteyninge To have & to hould the sd Moyetie or halfe,59,2,2
QUi3QTPXo3RN2M7o,edifices and buildings upon ye said land erected -,50,0,1
1oHGkWjXggtZVvCF,Benjamin Wright his heires Ex^rs Adm^rs or assignes or assignes or any of,73,3,3
ctrKB2ty7ejUNoKd,hereunto moving but principally and more especially for and in Con,66,3,3
1RVuCVydhJZXHoar,"Slaues viz^t eight men negroes named old mingo, Young Mingo-",60,2,3
P3BeMsw0GJEc732E,part or parcel thereof the Invacon of the forraigne enimye excepted &,69,3,0
uSaaRnyLguxN3qlJ,the said Capt James Futter his heires and assignes forever provided always that in,82,4,1
6o0C4w7bAdzGxpyf,or thereabouts to be delivered unto His and W^m and Thomas or their assignes with the said,90,4,2
YOB1qMVWwkwqKYlb,hundred thirty Eight tobaccoe due to Mr Mathew Willet & the same,64,2,3
MwUzVCGmj8nKSPVY,Matthew Greene the aforesaid Land & premises and every part & parce,67,3,2
jlsaq14SPRnlAggI,and To Hold the said twentie acres of land to them the said James,65,2,2
fegDvq4KqsKvEPsk,of these presents Inwitness whereof wee have thereunto set our hands & sea,74,4,1
IcNepOR6soVfBgWO,and find all to contayne seaventy and three acres according to the statute measure of England,93,4,2
bvNtQfVwBFheDCun,Eviccon or hinderance whatsoever of him the said Richard Willi,62,2,2
YYLWa2J8KZyrX9Ly,ssignes and every of them freely and absolutely,47,0,2
JalL0RUsqS0y41i5,"Second by the grace of God of England, Scotland,",48,0,3
yakxcIlR15AgfWkn,maner of thing +things whatsoever now thereon growinge + being or any,69,3,0
eSC9eMR9O9e5yo7Z,"now or late of Richard: Howard, upon the Lands of",49,0,3
pLl5zyMnE21azoi0,hatchetts two howes two cotton baggs and a paire of bedsteads,61,2,3
jC3LYWViPYtzpjb5,To have and to hold the said parcell of land with the breath aforesaid,70,3,1
cC6ZKPmuMEGj9dCg,& Charles Wilson to have and to hold to ye abovesd Jo Gunning his heires Exrs Admrs or ass,90,4,4
A3HYU3omvwSCaZFC,At thirty days sight Pay my first Exchange my second and third,62,2,3
btXc5htjqD774Z6n,parsell thereof to ye onely use and behalfe of the sayde George Greene,70,3,1
48MQ0jL6VMY8UJpn,tunes of Sugar Barbados as tunnage and fifty bags of cotton two,63,2,4
n1oDC215ogiNEm48,"Richard Fawcett, Thomas Clarke, W^m Bluant",42,0,0
xvDyStDxA2P2X17z,thereof Doth hereby Acquitt and Discharge the said George,57,1,0
1vRG2yH4TcqSmMqj,Nicholas Rice North togeather with all the houses,49,0,2
9JvRXcUlofW9i70R,of Febuary 1641 - Sealed and delivered in the presence,54,1,3
OJhRQ83sCjOmDnwA,Gent for a valuable consideracon to me in hand paid and,55,1,3
rfsOMe2VudDAXl3O,the condicon of this obligacon is such that if the above named Henry,68,3,1
Vf0sgib9T70aFqO7,and either of them theire and either of their heyrs of,54,1,1
KIOp1Y9WPWuNARA6,Comander of the ship called etu William which Appear did,56,1,1
xqfxQ5PkdzOtUSWo,like cotton wool Ano 1642. And three thousand first day of June after And lastly three,86,4,1
o5bo2OIsyMgRlJgx,Sterling money of Barbados to mee in hand paid & secured to be,62,2,4
ORKkWTLEdtXunH9B,signe seale and as his act and deed deliver th,46,0,3
isjAKVuE4uo1SIve,Vertu^e of ffull power and Authority unto me granted from his most Sacred,73,3,3
xpPakfrXzwQzzLmH,w.^th the s^d Thomas Crosse & John Lastilas theire heires executors administrators,82,4,1
zGccciTvZEHDjM5G,recorded nlt: have taken and freighted the shipp called the Metior of Wover of Nathaniell,89,4,0
tCBJ8f93Glz084Gm,writeing under their hands and seales had and made between them haveing,71,3,4
qLAsM04P89Hwzbhl,of the sume of six hundred pounds of Tobaccoe in hand received as also for,74,4,4
6ErMq1Ryw1OnL1Gs,presents doe give grant bargaine and sell unto Thomas Macolley aforesaid his,76,4,0
UDOQSw2eYIzn9B0n,the recovery receiveing acquitting or dischargeing of the premisses shall be requisite,86,4,2
11iuHKmFVcYPIuRH,Tobias Foote of the Island of Barbados Planter for full satisfaction,68,3,2
IMAXPyAav6pslHfy,St michaells in the Island aforesaid containing in measure thirty,65,2,0
INWVUFR8NU0fCC5X,"meanes, assent, consent acte or procurement and I the sayde Anthony",67,3,0
OKnxmKgOapGPXLeS,"Greeting in o^r Lord God everlasting , know ye that",51,1,4
ZiZWgpelxejKZpXf,any other pson or psons whatsovr claymeing or ptending any right title,70,3,2
GwhdWP8hCtKVaDvp,hereunto sett our hands and seales this xvi^th day of November Anno Domi 1639,77,4,3
j3m24ehi8mj7TCsX,for the use or uses benefitt or behoofe formerly expressed acording,67,3,1
SUHOikQqiZVhzIjA,breadeth north and south 75 Poole The corner trees marked.,58,1,3
9bVFZcBcbFr8yg1r,man servant named Howlett one boy called,40,0,2
H7nLSXKRFVK1ITr1,Enemy expected In witness whereof I have hereunto sett my hand,62,2,4
uDMih4ThyivbzSZL,Comander of the ship St. Robert and company did plunder,55,1,0
yuOHmE0mTFMTlEsU,said Morgan Powell my heires exers administrators or anie other person,70,3,3
XN6E32VUdTiHnJuQ,1647 of Barbados Mchants Joyntly & servally wth our Joynt and Servall heires Exrs & adrs,88,4,0
UpwQWMO0k03nTAgo,before had from Walter Powell of the said Island planter doe hereby,67,3,0
8ZMhpQyD4Qu8M8g6,Westward in length one hundred twenty and one,45,0,0
1s8Yupy1sNKzgTdF,whatsoever will warrant and by these presents,45,0,1
zl54SNMfCkgFs8kM,"p^rmisses for ever more w^th,, out the lett hindrance deniall",61,2,2
eNsUTM0DLAOMvIyE,to say fower thousand pounds of the like condiconed cotton att or on the,72,3,4
OJtuqPDbTO1uaObw,"for Ever, one fourth part of ^all that plantacon Scit",53,1,2
yjuEwa1rkltz3qWd,date at Westminster the fower and twentieth day of ffeb^ry,58,1,1
mhHgNx3WIGoDXOQn,bee in the yeare of our Lord God 1642 at a convenient storehouse by the seaside,79,4,2
TBkSCwCcU36wNBrO,twenty acres or thereabouts fallen and unfallen situate lyeing and being in Christ Church,89,4,0
M9wBW3SDiQfFyYXe,ye said Stephen Thody for ye consideration ~,44,0,3
OjZ3YibcJTPhbYbg,"enfeoffed and confirmed, and by these presents doe fully clearly",64,2,1
8RljdKCx8vRbzgDX,the date hereof To the only use & behoofe of them the,53,1,3
YYARFiOtpqQjTBYy,To all Xpian people to whome theis presents ^writeinge shall come Michaell Cooke of the,87,4,0
lxumDhqQ3FH9OuMy,or any other plantacon that the said Richard shall come to live on but not to cally am,86,4,0
JUgQhXGbQJZlKPVo,"if I the saide Mary: Sanders my heyes, Exec:^rs Adm:^rs or -",60,2,4
jnnZVmVPaxU2KgRY,posses and every all and singular the premisses and there appurtenances and,75,4,2
l063vbDUyBBc7yKP,hold the saide Plantacon Lands tenem:^ts negre,46,0,3
PT3AenHi7AYJEcNX,for ever and we ye sd Tho Merricks & Adam Morgan doth by,56,1,1
Pom37V7sjiunLo8N,to whom & as the said Othniell shall dirrect or appoint the Same,64,2,3
MazVb1Mh2FXwcDvh,"P the Grace of God of England , Scotland , Ffrance , and",56,1,2
wJfMMYu3yasAyXfU,bargained and sould Audley this pnts doe give grant bargaine and sell unto John Holland,87,4,2
pVGFW0NPc1GUemR8,foure thousand and ffive hundred pounds of Lawfu,48,0,1
8AwC3HmCSePRxg9Y,"Sandiford and Edmund Sandiford appeared be fore me, and",55,1,3
uUl0TMCWNKnTqM2A,March In any of the said yeares from the day,44,0,4
pyseFPAu9SKib610,"called Peeter, Robin, Nick, Mary, Phillis, Priscill",51,1,1
RWUXQR1iOg5OPctY,standing or growinge to them the aforesaid John Robert and Wm their heires exers admistrs and,93,4,4
ro7qE721txjtvUw1,before then sealinge and delivery hereof doth remise release and forever,72,3,4
d6XfPKoIVU27c66l,nyne as alsoe another bill of fifteene hundred pounds of cotton beareing date w^th theis,88,4,4
uKAotL71WbWb7fLC,before Rehearsed and thereunto Belonging to,43,0,4
kaACSMEscosTsS3D,admistrs and assignes forever without the lett suite trouble or denyall of mee the said Thomas,94,4,4
Ahet7zqqyTPf9gL2,to have & to hold the foresd Twentie acres unto him,51,1,1
fGa0q4XicRjkmauX,Sold aliened Conveyed enfeoffed and Confirmed And doe,53,1,4
VV5UwnA5P2GjkloN,any manner of right title or interest in or to ye sd pr bargained prmiss or any pt,82,4,0
9W3yiUxodnd4ir2e,Parcell of Land Conteyneing by Estimacon foure and,50,0,3
JVJAVgXOKwRDSQB4,"William Hilliard Deft the deft to delivr to the pl^t,, one man servant w^th the",79,4,4
3KE4wDpnX0BJXPWl,In Witness whereof Shee the Said Madam Katherine Be,51,1,4
spfNiCspZflABAwz,said John Burrows and my heires ye said granted,47,0,3
7Ei4U1aODW1oJ3T2,us hereunder witten as wittnes our hands this 19^th day of ~,60,2,1
vlohjckhLew1bXwF,in the said will and that he had heard of the Kings grant or Lease,66,3,1
eventWQyxdITQAuS,the said shipps hire the said Appearer further,46,0,3
XtSzA1aS8OyoGTY0,"heyres & Assignes, immediately at the Day of the",48,0,2
dPqW0hdkDzEtEV8W,Everlastinge Know yee that I the said Bennett Allett for and in consideracon of,79,4,4
QYjkphcuKiCqxlnJ,other Pson or Psons whatsoever lawfully haveing or claymeinge from by or under,78,4,0
dqZ9oGgZDCNM4VG7,To all xpian people to whome these presents,43,0,1
JoCtrXreXFkorwBX,thereof doe for myself my heires exe^rs Ad^rs & ass bgaine sold,63,2,2
bx3M3TnlqSeIoiRV,Twenty Feet in breadth a little more or Less and in Length from I the said Aree,79,4,1
ZOatEE55qiuQIx9N,To all Xpian People to whome theirs prsents shall come Henry Voadar and,71,3,4
cuwMP4psiMzEQhQe,and administrators for ever by these presents Hath granted bargained sold,73,3,2
3sxH9rFtmZzlhTmb,Anthoney Terrell all that my plantacon late purchased of one William,68,3,3
a2vobEfkl6Ac3d5J,dues duties claymes demands or Incumbrances whatsovr:,53,1,1
IQUTEJsjQSEEvguo,Executo^rs administrat.^rs and assignes shall a,47,0,3
NRC3nf5giWhLUyw9,lynes adjoyneing on John Lawrensons plantacon and the foot - lyne upon the llyle and,84,4,3
BzslBC3Y4o34xeZj,Eustace Hatch his heires & assignes for evy: the above named,60,2,0
UQtvTDQLHHK4rW5i,engaged and mortgage the above menc^oed xx^ty acres of Land withall and,71,3,0
XRRpqOq44BAzgcwg,theire owne proper Cost andCharges plant or cause to bee planted upon some part of,82,4,1
3wDD4BlRA4iyp8zC,hereunto sett my hand and seale the 17^th day of June 1659,58,1,2
dBKofM1BpbY2p7NM,and Jon Robinson windward and butting upon the land wch was,59,2,0
DmBEKU1M4df04aiP,"Thomas x^ Sign Vyntton, Richard Credge",38,0,0
69p7rZuelMHjMPVq,before the moneth of November which shall bee in,48,0,4
5TTXn3gECMavptc6,recovery discharged also or other wayes well and Sufficiently,61,2,4
XIMZRt7YnoPiFA2m,Greetinge in Our Lord God Evlastinge Know ye yt I the,53,1,2
hKEIOZXLyI4eiyzA,"Deed, the said Elizabeth acknowledging",38,0,4
6XmBlLjsuZMQIKET,that his parcell of Land Lyeing and being in the Sai,52,1,1
LLuAmVR5uoXhuogp,planters for good and valuable consideracons us thereunto moveinge Have granted,79,4,1
cJdOKPGNYChD5oPo,that is y^e said Robert Hollings shall be minded to Learne off,62,2,2
yDOQHhRfQZ0bIZ87,warrant and for ever Defend by these pnts And the,49,0,3
JdAQeZUNdjipeRhz,Johnstone his heires Executors Admrs & assigns forever. with,60,2,0
cfzujCAf7oAQJetL,or more under him or them to revoake at his will and pleasure,61,2,0
KOeFDGxdF2KkxkqX,their heires & assignes & evy of them yt they the sd Stephen Tho James & Martin Noell,85,4,2
yuAlAcaJaxLIbQ3h,Rous of the parrish of S:^t Johns w:^ch Execution w,51,1,0
Z8LokcFZ1YWTcK94,Have given granted bargained and sould and by these,51,1,1
PAGFQarUDULAzQP2,currant money of England to him in hand by the said George,58,1,2
qErfwW1f1BVojNuB,the day and yeare first above written : . the mar,49,0,4
QOpmX7bZjB92Ow7V,five pounds att ye house of Edmunds Keysar the 1^st Nov^r 1640,62,2,1
cV7NRWoBFjWP8v5c,Delivery thereof was owner & Seized of the P^rmises in fee & had pers,69,3,0
EQUdngFutoHbXl4C,me my heires executors and administrators for divers good causes,64,2,4
BY7CP8pVWx0mJqQi,had made comitted and done by from or under,43,0,2
wEIYFw6KGuyrlbuM,every part and pcell thereof Together with all the profitts and comodities whatsoever,85,4,1
qMBQQmXN4YiZXSsm,convenient storehouse neare the seaside and for the better securitie I,70,3,4
VOBXTUIBGh34hetY,assigns yt he shall & may peaceably & quietly possesse,54,1,3
CrpQuvnD9Mvb6SiP,lands of Capt^n Thomas Ellis in the parish of S^t James To have and to hould,76,4,1
JyvxZH143hyDwWNl,being four hundred negros and hath brought but one hundred,58,1,4
klGWOini4uRn1tGQ,thereunto belonging the which Land or Ground,44,0,0
ZMDkoUybjsYsBWV1,ially for my intire affection and care have given granted passed,64,2,3
rp4H5pJTa7wJSk7A,one Morgan Powell tenant in the sd lands together with all houses,65,2,0
RoG6xCT4KjHkzZjV,Sand Four hundred pounds of musc:^o Sugar to mee paid an,56,1,1
3QRn6pjkjOSX0CoS,unto M^r Revell thirty tunne of baske thiese said goods was to the,66,3,1
b7HjDFQcuzrzh7RV,& for ye accompt of Mr Roger Pill & then att ye arrivall of her,63,2,3
oPj6r0jedkYtMV0K,aforesaid have hereunto sett o^r hands & seales. This sixteenth day of Novembres Anno Dom 1642,94,4,1
ZANKTAgUUXmhv1kT,the above bargained premisses unto the abovesiad Richd,54,1,1
2GVTk6xsn89eHnZ0,whatsoever had made comitted or done by the said Richard Seawell his,68,3,1
GjqXnDwNzHVzIRBl,"othere pson or psons whatsoever, by my meanes, act, title",57,1,3
RGhk1U3NC8ThYLiQ,Hartley did then and there make answere that hee the,52,1,1
9acI3ilidwpiVkcI,Side of these presents before Signeing -,40,0,1
7ZHsmcYMGHSoNkRc,Junii 21st 1644 To all Christian people to whome theise pnts shall come greetinge,81,4,3
pW2d1LV7gleGujE5,known and manifest unto all Christian people that upon the,58,1,2
TgNODagxcUgKBFM2,thereunto belonging To have and to hold the prebargained,56,1,3
ppLPLXWGkskyzQjg,Phillips in the said Island and conteyning by estimation two,60,2,4
ovO0ctCAoK4kInXO,ponds privileges commodities & advantages unto ye Same any ways ariseing,72,3,4
tanz0KqG2QfQhlPA,on or abouts the foure and twentyeth day of July one thousand,61,2,2
puiTYVFR8BZlYZwv,"~Add~ Anderson, To have and to hold the afores",46,0,1
q7i5BfOXzAQArEeb,yeare of the Reigne of our Souereigne Lord Charles the,54,1,3
msrIuXCQhrjkrha9,the prmises to doe say pursue implead seaze requested attach arrest imprison and,80,4,0
0pAcgRa77LVPNKpY,Scituate in the towne of St Michaells at this Island,52,1,2
1OQyYV09ehJBG33b,the same And in witnes whereof I have hereunto,46,0,0
REsL1mjwfhqSYLDH,of land conteyneing Thirty & six Acres of Land or thereabouts,61,2,1
HYZAZH2isRdweAyw,of land with five men servantes and one maid servantes for the,62,2,3
HEbMU8OlL2vgARkJ,"upon the Land of the s^d: Nicholas Campion, East upon",53,1,1
AN58NPhn9jW23OLp,in time and place as of right shall appertaine,46,0,4
mnXyL0hflG6LUHhk,right title or interest unto the aforesd forty acres of land or any pte,71,3,3
Lsheu7397XAncjLu,one hundred pounds and fiftye of Cotton neett for the use of the,64,2,3
zUbnjmuGteIYalNu,send Greetinge Know ye yt I the sd Jon Bonner for & in,54,1,2
MO5lseB8OgfMw3rc,"of Octobe 1675 Johns in the Island of Barbados Gent, Sendeth",60,2,2
ckVIKetfzSh1iUJr,of Barbados planter sendeth greetinge in our Lord God Everlastinge Knowe yee,76,4,1
YErAYWX2JPimutA3,Shall come Send greeting In our Lord God ever lasting Knowe ye that,67,3,3
ysa9Bsfjm7S8YVPe,three pounds fifteen shillings & Nine pence,43,0,2
gvtuikU8BYO9FPul,his heires exers and assignes forever In witness whereof I have hereunto sett my hand,85,4,0
9aQEBvblq4ekRW2a,be by the ptie deceased by his will in Writinge or otherwise be Expressed,73,3,0
BLvb21REZlvMlwcg,Gentl: of the other part: Wittnesseth That the Saide Thomas,59,2,2
zMKau0vJu9w6FYxL,Concerning or by reason of any action suit non suite pceeding,61,2,3
vxS3klyteViqy95x,premises with their and euery of their up,41,0,1
vq3qKZ8XFNTUhl5C,& joyninge to ye land of the Welchmans folly & adjoyninge to ye land,68,3,2
B6XjP7K6kueJI8Uh,1647 Imps to a debt Captn: Geo Richardson past for to Mr Jackson Stiller 42 0000,80,4,1
qugjl5q3tqeXGLNE,"John Bradshawe David Jeffes sign x W^m Vittrey, Symon Harper",60,2,4
qAfF4vjc4ipGMF9r,and buildinges with three servants for the tyme they have to save and,69,3,3
lbTdtygujA5uqy80,unto the same belonginge or appertaininge unto them the said William Townes-,76,4,0
nq4AeeHMFHFmCjHl,Dumesnell - to - our Soverigne Lord King Charles the Second of England,70,3,4
5zRUeTPWyqhCbavm,singlr: ye debts Dues somes or quantities of Tobaccoe,53,1,0
TBVUAtdu7OM4KEOR,and John Johnson his Agents or ffacto:^r and all other the,58,1,3
7RlGPPe4BI8Kyaay,Baird there shall be due acceptance And due paym^t made of,58,1,1
a8xYoGsr4Qqt15Y6,selves either to other theire heires executors and admintrs in one hundred,74,4,2
1LsMAGOsnBq0wVpH,To all Xpian people to whome theise prsents shall come greetinge Knowe,70,3,4
TPdI4dn8HUGKOWUV,Proved before me by M^r Rich: Andrewes this 26^th March 1659,60,2,1
hWddOaByuIsGs999,To all Xpian people to whome these presents shall come to-,58,1,4
V4lGCqOjZxAuz956,"aforesaid To Have , Hold , Receive , perceive",45,0,0
rNLIce5nUCBJo5AF,exceutors Admrs: & assignes or any his or their meanes or ~~~,61,2,1
F7Ff2FSbmcwAGC6d,covenant & grant to & with ye sd William Drax his heires,56,1,2
uj7Pzt6jW4VrnCtj,Signe Seale and Deliver the within writeing as,46,0,4
FvcrsYHZbzPpOlqr,"Thomas Colleton & Jn,^o Reid and tentred according",50,0,3
NQJ8xfzwjlQHF4nu,Advantages and Appertunances whatsoever to,42,0,3
YpjAEkCppj4AiCC6,His Master under God for this present voyage John Philpott and,62,2,2
4kJHoznTvI8dQxWn,Their heires haveing or lawfully Claymeing to,45,0,2
UCmTes0kh1EQvyir,"Severall goods and M^rchandizes bound for Virginia, and in",58,1,1
RkBY1IMdbNG2B9Rd,Roger Burch This first day of July 1681 ffarrell Mackward,57,1,1
KkjuePEr3FulMrNC,of these p^rsents are Lawfully Surely Sol,41,0,1
oQW1edazs9RNntXU,I Thomas Burke for divers good causes and consideracons me hereunto,67,3,3
NRsUkHKPQQUtAtkb,Stocke househould stuffe and other goods menconed and expressed in an,69,3,2
75rzCAeDbMKxhfWc,sixty and one made between the said Thomas,42,0,4
SL9zBwTQiNt0Hm2c,Sattisfaction to be rendred for the Same In Witness where of the,64,2,1
DCWI3Rk4cvG63OjM,is personally appeared in the secretarys office of the Island Barbados,70,3,3
EnUTikV903RGpAaR,Islands afore said or at worst to have the advantage of a trade winds,69,3,4
bGXbA2Pne8UpLvNP,his Honored ffather the said William James one third pa,55,1,3
OW8LN9cCzfLhWOGh,profitts priviledges and appurtenances unto the same,52,1,1
VoCYS8kgnGzYvZJN,other the bargained pmises as in the s^d schedule or Inventory hereunto annexed is,82,4,1
EHkQzt3GEhocddlv,writting as be his discharge according to ye within -,53,1,2
mjt21n9iMJnLwriU,whereon I lived and together with all liberties easmt^s pfitts + comodities,75,4,2
9cCJ5RJR4SAKGV13,in ye pishof S^t Michaells neare ye place,41,0,0
RnfSxbpkgMGxWL0R,and confirmed and by Vertue of these presents doe ~,51,1,4
jIzCSPkd77jXccMv,and for the true pformance hereof wee the sd W^m Baldwine and Tho,65,2,0
Zy4Eb89rUP5ucj2p,Crispe two thousand five hundred pounds of good and merchantable cotton,71,3,0
dkyayq7YYDsBS9UY,in the said Brick house as aforesaid Shall be & amount,54,1,4
PbN7AgFVWN7IgOCG,our heires execr^s administrato^rs ye afore s^d land butting leward of M^r,74,4,3
0PPIgSLnC18UBGtX,"All ye dunghill fowles, three hens and one cocke excepted",57,1,0
ZnAFa9tOkvOtRNBN,pay ment of elevn thousand pounds of good neat and well cleered cotton,70,3,4
w7evzbKwhrUi7DEd,these are to Corlisio that Rob:^t Cole had on bear,50,0,0
ST1nH2w8W5BhBlSD,"of Stephen: Gibbs Chirurgion, South on the lands of Thoma",57,1,3
lU0igyQMM4uG4yAM,"lett or sett ~over~ the said plantac""on or the stocke or appurtenance bought untill",83,4,1
0GpYQYyZqpV8fBFV,5^0 die July Barbados this 2 day of January 1643,48,0,4
bhgU4jvOaePGz1Oc,penall sume of eight thousand pounds of the like condiconed,59,2,1
X45z2YGR6He46kFL,"Act, and Deed Given under my hand the 31^th. 8 .^ber 1693.",58,1,0
3FQcedBxmzcwsYU0,Inmates and other Charges And also payin,40,0,2
80WGNlTG5Mh5tRn0,"prove the Said Will, and did take upon them the execon",54,1,2
EC06U91KV2mZpop1,paym.^t being two hundred pounds Sterl: to be paid and,54,1,1
P4chgRiCnIo2fQ8H,to and in the said three Acres of Land with the prebargained-,61,2,1
oRKzLbru2nVXQL3l,"the plantac""on of Wm: Land all windward and to the Gulle",56,1,2
ruh1NzFI3CFJGZcX,to the Said Appearer or his Owners for or by,44,0,2
lfjerzft3TC3AHnQ,Where As I the said Ralph Wyatt upon the day of the date of these presents,74,4,1
DnNQujp3jIx9xwJb,place bordwinder hime his heires executors administrators,57,1,2
u39hfeqkUqhksSZG,pounds Lik money at the begining of Every Six months from the,61,2,2
yxCgB1YGLTBPifmj,"Chamberlaine surveyor, beareing date the twenty Seventh Day of June",67,3,1
NU5Mv17Kc03bfc8P,the cropp of corn thereon now groweing onely excepted unto the sole and proper use of the,89,4,4
XujX3g08HRinUcDy,of the Island of Barbados Gent send greetinge in our Lord God Everlastinge Knowe,80,4,1
LtNd5vIXaEDG5EKU,give grant bargane and sell unto the said W^m Yeomans twenty acres of land with,79,4,3
0heCwhFpQnxJmAj5,the grdes of God of England Scotland france and,47,0,4
UYExopv1vlBSkdiM,Island his heires executors administrators and,46,0,2
MiEx2OkmrdGFcWxA,the terme afores^d be Sold Conveyed Disposed or Sent,52,1,0
5dloZHc9ze4D3sX2,to the said Richard Davis his heires and assynes forever freely and clearly acquytted,85,4,2
XStGH8IjmVWF0Oju,ever as witness myhand this 25^th day of June 1640,50,0,2
LlRfPmuptTDUdwa0,grounde and in the house one grind~ing~ stone,45,0,0
6x6uZheB1nZMPCfs,"and seale ye seaventeenth day of December Ann, Dom: 1647",56,1,4
teBDKuOQkPclDMX6,then att the Expiracon of the Said notifyed yeare the,53,1,0
oyyigbmH36GRA0jM,these presence confirmeing all and w^tsoever my said attorney in my name and place,82,4,1
AlJDTKW6iml1ysJF,and in further testimonery have caused the seale of the office of Maiorallitye,78,4,3
3LilQldxyiPbg9QV,up in Reath & Roule Due to be pd at or upon ye fyveteenth day,61,2,4
nQmK2stLS9x3obaz,sterling-money of England to mee in hand paid by John Milles of the,67,3,0
XjuCV0kFpO8tT04A,"of and from all and all manner of forever and other gifts grants, bargaines, sales",82,4,4
TtNZPHaQ0Jt7Qg84,Witnesseth that the Said Nicholas Blacke and Nicholas,53,1,0
EBz2UXZYeIoay9S0,(Good and marchantable) was interlyned & ye word day before the sealinge hereof,79,4,4
qWTcMzVv7Wi7RA0e,Memorand: that on the day of the Date of the above,50,0,0
p0qwcM0zGuNnGczk,nowe ridinge att ankore in the Barbados & by God's,50,0,0
IVNDje4W6Uv4r8cy,all others there Concerned for all wrongs preducies hindrances injuries,71,3,0
Di5Y120oFRllvWLn,ye same day freely gave her consent to ye abovesaid,51,1,0
qelRraRW1qmKBHsG,within written Deed In the p^r:Sence of us : .,46,0,3
AHUUMoprxadqgNxf,This Indenture made the Thirteenth day July,43,0,3
W8r9lhWCvhGX1XID,summe contrary to the day and ye are above mencoed and expressed that,69,3,0
bYRLk0bwp2yubsOw,"thirteene Sixteenths thereof , being the groper Estate",54,1,3
glh7OYQMbO2vVfJ4,and manifest with all Christian people that upon the three and,62,2,3
17EGzd8T7Z4ihxKL,Have given granted bargained & sould and by theis,49,0,3
3kHzHgflUnObnHGv,aboard her with all things to the said ship belonging having time,65,2,3
DoDxvmRTqqMV7bih,Everlasting know ye yt I ye sd Xposer Thombleson for divers good causes,71,3,0
xJ4ep9Hc9vColhoy,sell assigne and sett over unto y.^e saide James Thorpe his heyre,65,2,4
AOYNDeh15FMIbOGK,plantacon and halfe of three men (onely one sow to be excepted and Repentance her turkeyes,90,4,3
PWwZ5CUmbSywUiq5,title or interest in or unto ye premisses or any part or pcell thereof in witness,81,4,2
XaDB8eucsjduMJQy,of this above menconed plantacon being yt pte wch lyeth,55,1,2
L11gpEaHwJ4C9HnE,Singular the houses and buildings there on beinge as alsoe a,60,2,4
e9D87KLAlm5wyNL6,them or any of them or against any of their goods or Estates in,63,2,2
0Tp3uhMFGX4XJgA4,written to be his free and voluntary Act & deede,48,0,1
1VRzuhRKIiu19YnW,planter his heires exers admistrs & assynes forever this my plantacon whereon I,79,4,1
vLcpd7GhKBUU21Nv,said parish Marchant my wife and that in case it,48,0,4
tcCABqiaCP5yRnjE,Entred ye Fawcett have bargained and sold unto Nicholas Hide and,64,2,2
2YjzLWwIRjBQrfYJ,bills of Sale mortgages or any other Imcumbrance whatsovr: and yt he,68,3,3
jIz3HVEOkYUP2Ojd,use and behoofe of y^e Saide Richard fford his heyres,53,1,4
zLT5UZrUX856Ov8m,the pish of St Andrews in ye Island aforesd Joyninge & abutinge on,66,3,3
i6NZonvNHVrCZtkk,the same to be recovered against him them or any of them,56,1,4
LnTGAfzOVfS7HQEZ,And It is soe by and between them ffully and absolute,53,1,3
x9pBxKE2rzy7UMXG,the six thousand pounds of Tobaccoe and if in case yt ye said Sixe,66,3,4
Zf2tTj1d1jJzgi0j,"Said Land and premises, free from all Incumbrances -",52,1,3
e6T87shXCg58XyvE,title & interest of & in one plantacon lying & being in the,59,2,3
3OjzxaBY0Q5ljL8l,W^m powrey Esq^re one hundred foott square of land I have limitted and,70,3,2
ifxzSmq4Svl3Anzk,of land being part of the Plantation mee the said Thomas Rennolls conteyneing,77,4,2
iZ6dtH3hYScKp69d,might or may have upon ye land aforesaid To have,48,0,4
6jXh2H3x9exT8QzL,withall houses edifices househould stuffe and implements of househould stuffe x x x x,85,4,0
ERaEE8rxTrsEUS9Y,of Thomas Wills & Robert Wills and xxx of the Rocke and beneath,63,2,0
e4upqQSFsmM7iFaH,to Time and at all Times Dureing The Tearme hereby -,52,1,3
Fdt7T4Se6Efa2PnS,have given granted alliened enfeoffed confirmed Bar-,52,1,1
j8DBSkipAIpfZlEv,pounds Sixteen Shilling five pence Sterling with all the profits,64,2,2
pFjgTUP3GyddmkdS,Wee require & except by theis prsents due & full satisfacon from,64,2,2
r7ir3YdPp0nIhaPw,pson or psons whatsoevr freed & freely discharged well & suffly saved kept,74,4,2
qtpAdj0oWts2Y75i,assigne and settover unto him the said Isaac his lawfull attorney,65,2,0
XxPL1BKkQWc5zzQ9,of Barbados gent for my selfe my heires Executors,49,0,4
7gfQ3dsaJoGqpVD2,of their Mortality p^t and parte like and I do by these presence,64,2,2
xOW4Wt1RBjSe15kE,apptenances unto them the said Thomas Whithead and Peeter Gill theire,69,3,2
O4kWZMuLVIzCDESd,"with forty three Negroes Menn, women, & Children with all uten",62,2,3
bXNXO8827HliedrZ,Wm Lea and Wm Cave both of the same Island planters their heires exes,69,3,2
zecb2UkogQgF7REu,"John Mercer , came and appeared before me this eighteenth day of May 1659",73,3,2
lTIZ0gVim1eimMj4,from henceforth forever to and for such only use and behoofe as they,68,3,3
SMpib8fiB4SWwD29,Padmore west and a parcell of land in the possession of M^r Andrews,67,3,3
Up5Js7uPpP8fLGWd,Issues and proffits whatsoever of all and singular the said Recited,67,3,1
rTe2jJ4aqsCg43kc,Barbados planter for and in Consideracon of the Sume of,55,1,0
49Y8hZ7t7sgwRlLH,Francis Hickman doe for us our heires and assignes covent and grant and,71,3,3
Exy6jl792cJZ6TVP,Intr Ultimo Die unto Leonard Dowden at tene days sight of the sd bill of Exchange and,85,4,2
pFlZH3cvf9jM70j1,Knowe yee that I the said Peeter Parker for and in consideracon of the summe of,79,4,1
uoCwWlwCUtZtRZ80,"adm^rs and either of us, and eother of our heyres Xrs; to and wit",65,2,3
XwlpP5otmI1pUXZY,Samuell Adams w^th the one halfe of all moveables belonginge to the ptacon,74,4,3
6jAabGcizwJKTnQq,made answer that he hath no effects the drawer in his frauds,60,2,3
BCZc0CEybtXiN6Um,sole benefit and use of Will^m Coningham sone,45,0,2
taGghVXrqZfxClIh,of ye date hereof and further I ye said Edward Crane,52,1,2
bVsOqm5fH2TmPtpB,of them doe hereby respectively acknowledge and thereof and,59,2,0
G60ly3eQ50XebPmu,forever & the sd William Drax for him his heires Executors,58,1,2
XXVo8pxx2HGwD29j,the receipt whereof I do hereby acknowledge and there,53,1,3
UeukGvrDOVGRXeTS,fallen and unfallen land or thereaboutes together with the moyetie or one,73,3,4
KACX04e8SrH9bmTX,against hime them or any of them or against of them goods,57,1,3
pw8jI2CHNFgxU5mw,A boutting & Bounding on the Lands of Coll Tymothy Thornhiill,61,2,0
KtSXbIWrlK5Va1AM,near the Towne of St Michaells in the Island of Barbados next,61,2,4
FuN7WNHVO4cRgYef,ye Isld of Barbados Gent & Richd Heughes of ye same Isld Pltr: sendeth,70,3,4
QczOg8vGerJ9I2VI,given in judgemente courte and without done in London this twentieth day,72,3,0
Jtc8PJLiiOEbz35K,"grant, bargaine Sell & Convey all & Singular the before hereby",62,2,2
iGw8dBFykxhv6Rp1,To all Christian people to whome these prsents shall come I John Richardson,75,4,4
ec6qdyV7RjLgfICk,thousand one hundred four pounds of muscavado for the value,59,2,2
OgnbsKNw2dtp7GKR,"Peter Morch and Thomas Williams of the other parrish of St James,",65,2,0
xoUzi8B28rEujQ2G,or any other benefitts thereunto belonginge without suite in Law,64,2,3
ImvmRvqtV0XR2rmT,and pte in the pish of Andrews Overhills in the Island afores'd abutting and,76,4,0
kxIlIqHXJM5fLQ40,of Barbados Cooper and Charity his wife the sole daughter and Hairres of,72,3,4
NE87QeXu74dBz0Bj,the lands of Henry Murrey windward of John Hopcott Leeward the Sea on,69,3,3
VO8WpcESrIkQWSUa,thousand pounds of sound & marchantable tobaccoe in Roule unto Edward,69,3,0
XuuDAV1TBpVZtu4t,and all other rights Title claim and demand whatsoever And,58,1,4
7jhrUxHqSgr3QHZt,"said Luet Coll Richard Bayley and John Sampson, their heirs Executors",69,3,1
pzETr7KDIvjqMeqh,Thomas Austin and John Woodcocke doe binde us or'' heires and assignes,70,3,2
4hlCUmUgFT3sRU3Q,one halfe of my household stuff except one,42,0,4
2znD0YmTvgWAc7O1,8 die Junn 1644 To all Christian people to whome theise psents shall concearne Know,83,4,4
YxLyO8KpjvKgsbXG,all other convenience thereunto belong or in any wayes appertening .,68,3,3
jujrl9mvjv0Vy1ca,is to say five acres of land lying and being in ye,50,0,1
3ijfGIpT0qOZRuS7,in or to the said land any wise belonginge or apptyinge w^th the,64,2,2
KFljH24u6I1SjRxJ,day of ye date of these presents) unto M^r William ~,52,1,3
68XTQQxO8JgaswWF,Stephen Wood in the psence of Franncis Pratt~ Wyatt,51,1,4
1ZMOluz98C1N7ESX,Right title Sufferance or procurement in any Manner of,54,1,1
GvOh4O9I6ZW0Xzlz,& Abraham Symonds for divers good causes & valuable consideracons,65,2,1
XEhx6eusUFtBNhhD,mentioned in manner and form as followeth that is to say to Christopher Neverson,80,4,0
THBj9wz9PD3Bggkx,Tobaccoe well made up in role or Two hundred pounds of,54,1,0
gZTYL1EmGfQU3ZRK,Said Plantacon as formerly and allso accomodation,49,0,2
gLu3GbSabYJtgzjR,Secretary haveing heard did protest as by these p^rsents,56,1,4
UYN9Yx3NPymueZXJ,benefitt use and Behoofe for Ever more and that,47,0,4
s8iWji42Mj7wpIqe,Said Indenture of lease ^as aforesaid And the said,50,0,3
KNKJBnlqxWpujCVL,following that is to say that I Edward Harris have in,53,1,0
ZUQupPMhjID9GGQq,and manifest unto all Christian people that upon the eighteenth day,67,3,0
iUu28y9QRMj4tUFA,hath hereunto sett his hand and seale ye even in London,55,1,2
km5oTMjgRI2GUow5,Lawrence Sonne & daughter unto ye above sd Alex^r Lawrence Thirty,65,2,1
8UV0VUuaj5D7jF3u,or tymber trees thereupon erected standinge and beinge together alsoe with,74,4,3
b5vRxXTxTw87Uy0j,thereof hereunto anexed und:^r the hand of Andrew: Nor,54,1,2
VSC9FEb3CLpmsK11,To all xpian people to whome these prsents shall come greetinge I Thomas Watt,77,4,2
4wXSHorPPXrobi0L,Said John: Sampson. his heyres exec:^rs and adm: of,51,1,3
EASNjYXyJK56LqCo,assignes and Every of them shall and Lawfully may by force,58,1,4
1LoCqt5P2c0oQ5Lq,grant bargaine sell alien enfeoffe and confirme unto the said Captain,69,3,4
gT7S2CnDnp1MEZOQ,One .^th Appearer then and there did .... a contain bill of,59,2,3
YP6Oku21gFEsOIwB,of mee the said Thomas Reade my heyres or assignes,50,0,4
9WnZHqY88T78Cgvz,the some and somes of money herein after menconed & agreed,58,1,4
I8LB7Medjt2hKG10,of Land and premisses doth warrant unto the said,48,0,0
9XAfWiN6tYpLGxiN,10^th Aprill Nettmaker of the one ptie and Capt Christopher Middleton and,73,3,4
kZLBPQwB8giZdY18,To all Christian people to whome these presents shall Co,56,1,3
ds2yzgNWAo3MYQNa,grante bargaine confirme and sell unto phillip Jones of this Isle his heires,76,4,0
NxaNW56UrkHPeBIo,to an Act of this Island made for the Establishing,50,0,0
fk4LdCXvWMzu63NM,Perce Arthur land Richard Robinson windward all which land I the,64,2,3
c4NtZ7rj6nGPAdlc,St Michaels bounded south ward in the land of Mr Thomas Panby,61,2,2
MzHQVvX9NcPLBSQt,in comodities at ye piece curant to windward of the bridge,58,1,0
2YImftXDjEBbhk5j,accordinge to the tenor effect intent and true meaninge of the same Indenture,77,4,0
7lDBxlJMkIBys2QS,plantacon & now called Arcadia & each of them to bear theire equall shares,74,4,2
s4ZRrORurv2KwRAY,above menconed have interchangeably sett their hands,52,1,2
BEqypcdb6M01LGrR,appear Now know ye that we the sd Anna Cornwell & Grace Degennes,64,2,3
oEmdHRDf7rWmLbmN,"Cleared from all former gifts, grants, bargaines, Sales, Judg",61,2,0
0DFBEVC6x3enGEDQ,Bee it knowne unto all men by these presents,44,0,4
qNyOLpOwEHQ9l4t1,peaceably and quietlye enjoye the said land and houseing without the lett,73,3,4
2kbJzvBREwWzzeHU,him them or any of them or against their or any of them goods or Estates In,75,4,3
Do9613kZhc4ERTHH,the other Moyetie or halfe pte of the sd sume of money,54,1,0
9buXSXJAKvaEmlgU,I Capt Thomas Stanhope of the Island of Barbados Esqr doe acknowledge,69,3,1
mQVgQmjTqVvi2SC8,Easements proffitts comodityes Emoluements and advantages whatsoever to,71,3,4
tlFcfdoMobHEav6N,Knowe all men by these prts that I W^m Waterfield of the Island of Barbados carpenter,85,4,2
9Yyul1VsgVuFoeQG,Edw^d. Littleton Esq.^r Guardian of the Said John Burroughs,59,2,0
qlMHylk9AKNiayAz,County of Devon Merchants for that they nor any agent or factor,63,2,1
y3vKE8CoNygX7cQm,Councell of this Island of Barbados now Know yee that wee the said,66,3,4
XRSdH1cm8ft5LV5K,To have and to hould ye one halfe or moyetye of ye said land ground and,71,3,1
msOTKPhl1nkhyQRa,To all people to whome these pr^sents Shall come S:^d Patience Ward Leu:^t Lord,79,4,4
vKzcNrxrQqYPZXMa,Daniell Leech Gabriell Broome and Martine Clarke another bill of sale for,73,3,4
vhlwMTkRDlY9LezM,and unexpired of the said Terme of Ninety and nine,50,0,3
3T8vpteNv3WiYWGW,power and authority to give grant bargain sell enfeoffee assu,61,2,3
AtCiuSrSoSKV3lsv,by these p^rsents acknowledge himselfe to be,44,0,2
Opq31fbBxXD05iNU,of this aforesaid Appearer have protested even,46,0,3
XBolZ9SHDdJp62hD,or cause to be notified by mee or any other person or persons that noe debters pay or cause to be paid,102,4,1
ySXS1iixqMj7coAY,sea betwixt those two portcht storehouses ye one where -,56,1,2
2Pxh4b0BrcFc9DHn,"Edward Walrond, Constant Silvester, Gowin Cavowe",48,0,0
e75E38DWZci4jQnJ,Barbados. To all Christian People to Whome These presents Shall Come I Daniel,77,4,4
XYRMCyIhVR5yX6a1,pounds of like money upon the three and twentieth day,53,1,3
AG4l1kGDKuTzetXf,heyrs according to the forme and Effectt of,43,0,4
2BJ8SFYoT2VdsxfM,he hath been at all Seasonable times ready to receive the said turnage,70,3,0
auytbZ5KKx2e9lmO,and att all tymes hereafter forever peacebly and quietly have hould use,71,3,0
DrK1dDNCFLBe9kbJ,molestacon or deniall of me the said John Mills my heirs or assignes or,71,3,2
xwYwMSZX7nx3vGGe,furniture apparell whatsoever unto ye said shipp,48,0,0
pRlbKgqSaeBNmoWZ,Executors Adm^rs & assignes doth further pmise covent conclude,62,2,1
qfrrFrPnUi7V3HVh,the sd James Noell Martin Noell & W^m Seaman doe for them & evy of,66,3,4
jP8UlChLQ0kAbWi7,hould unto him the sd Richard Vines his heires,46,0,2
2uXhwofies5eR2oT,so all the Said Plantacon Messuages Lands,41,0,4
QjQCogGz9JXVnTci,consideracon of the sume of two thousand one hundred pounds of,62,2,0
nNTsRw6RiTP9lGIS,as by a shedule hereunto annexed more plainly shall and may appeare And the same to,83,4,0
rg41PsSpNebVnl8p,"or assignes or any of us, or of or by any other person or per",61,2,1
SW7TaOdDOjk649Cz,Land and all y^e: Proffits & Advantages thereunto belonging unto the aboves:^d Rich^d:,86,4,2
bQr93mpSCZaPc3K1,of theire goods or Estates in time and place as right shall appertaine,70,3,0
S3UKNP7OPY10G2Z0,Merchant for good consideracon me moveinge,42,0,4
OwAlLzxDwXsj0RW4,and Mosses Perrera of Amsterdam aforesaid when in amongst other things,70,3,2
JmDPCOtpw6rVd9S2,either of them or theire order the full and just summe,54,1,3
8SW0pxCNRQ3EGAQm,use to aske demand leavy recover and receive all and singuler such sume and,75,4,2
w8ny1LcQUjyWPf9e,assignes that ye said W^m Daniell his heires exers admistrs and assignes,72,3,2
opBh4gU1p8Cf7gH4,God Evlastinge Know ye yt I the sd Luiet: Willm Pead as well for,64,2,4
dsgpzFDE9yFMxZLQ,as they are now in my possession by name Dick and Joane,55,1,4
rPBrSY95z3BVcpn2,Blackman having taken aboard his said ship Island,49,0,2
d4qfiedDcQ2rR9ne,"Doe fully cleerely & absolutely give, grant bargaine",52,1,0
3wK1giuCntNGLK58,conteyned I the sd Willm Harbroh: doe bind myself my heires ex^rs,65,2,0
Mundfi8Tdo39pKGb,Reade als Hutchinson unto the abovesd Robert Flanill,52,1,1
0XFqMaOSzcSXCiQS,penall some of twentie and foure thousand pounds of good sound Tobaccoe,71,3,3
HEJ0WPahQwCp5PN6,Either by my meanes or procurement Provided that the said George Dane att anie tyme,83,4,3
vRLYsG33GZlUeHHr,sd John Maycom my heires Exec^rs Adm^rs or assignes or any other,64,2,2
L1LR1r9kArcFAbOJ,put my hand & seale this 21^th day of September 1645,52,1,2
3ZCkKrYCBp6JaIo9,amount to the sume of one hundred and four pounds four shillings,64,2,1
sbFk0Z9or8ZAgxUc,the said parties that the said Raymond should wth,49,0,3
GWHz0OHVXA1ZvySQ,years from thence ensueinge and fully to be compleate & _,57,1,1
dw9ge8uTEMsjpH8F,such house hould stuffe tooles and stocke as are in sehedule exepreped,70,3,0
xqsfLVcWYqmFD3ck,Michaells In the Island aforesayd the full and Ins,50,0,2
7S3dq4Ychd8teqvS,To all Christian people to whome these presents writeinge shall come knowe,74,4,1
bE4V6crlP4ow56DX,and deed given under my hand ye day and yeare,45,0,2
yiB41hfs9jqnYAQi,Knowe all men by theis pnts that I the sd Alexander Lindsay doe by,66,3,0
Df4U8pt1RP853mVW,the said John Kempson Thomas Bond and Thomas Jones by severall daies and,72,3,2
xbxZLBlxD2eKD5yb,"execuson dues, duetyes demands and all other incumbrances whatsoevr",67,3,1
X3YabLNZL6GBB5R7,"for Ever, without y^e Lett hindirance, Molest",45,0,0
gwDKldJlQpYByf1T,any such payment will and sufficiently appearing and,52,1,0
nm6tJae12v3oCVpx,hands and seales the Twentieth day of July Ano: Dom. 1643,57,1,1
16e55iHtdnopLWLE,my heires and admistrs or any other pson or psons by from or under me ye,72,3,4
kHaLisghwau0bPN9,Lord God Everlasting Know yee that I the said John Ham,54,1,3
XGeUUg5qPoDsqDdg,seaside in the parish of St Luceyes To have and to hould the said fifteene acres of,83,4,0
nDoeQ0rPNxce4nAt,in or about the prmisses shall be needfull necessary & convienent as full &,75,4,4
QEDO9rMQavcPN8Cu,Barbados Know all men by thiese puts that I Thomas Cro^wther Commander of the,77,4,1
APJMGJUc4FCwE3O7,"about it are menconed, Surveyed in Barbado",42,0,0
6hylUeJPmRpWR0oL,the sd land or plantacon as by a liste hereunto anexd,53,1,4
dNOQ7N6EQFbaIJAa,or any other pson or psons wtsoever provided alwaies and neverthelesse it is the intent,87,4,1
tbsyltEIBRUmYw1C,London the 26: March 1669. ffor 100 Sterl:,42,0,1
RFqJwRN2Kszre9Gm,years full to be compleat & ended To have & to hold unto the said,65,2,4
VhMl6LVjQCxZlqYS,lawfull to and for the said Richard Bert his heires or assignes to reenter upon,79,4,2
Xejl0WsGNYcuyEcG,doe give grant bargaine and sell unto Edward Porte in the same Island,69,3,2
9GpGG5k6a6TeuhrL,"March; 1674 Lord Charles the second by the Grace of God of England,",67,3,0
37E5BATnl2FQLSTd,so ever In witnes whereof I ye said John Ramsey,47,0,0
gHqA1DLdJDEZSoEn,date the Sixteenth day of June which was in the,47,0,1
Vzg5jk3j6IPpPTOb,Sett my hand & Seale this 20^th day of Aprill Ano Dom,53,1,0
I1af7W2pkAFEn3z5,to the old Bounds to Contain Two Thousand Four hundred,54,1,1
skjRDf4Of8To4nZR,of person to deliver and to recover receive compound agree release acquitt,74,4,1
TD9rf9ReTOsHyR47,mchantable Tobaccoe well made upp in wreath & Role Witnes,57,1,3
xXcaTMlqrMTOlH8C,trees fallen ground standing wood ponds watters wast land -,59,2,3
CcLxUif6suVAlmiY,Have given granted bargained sould aliened enfeoffed and confirmed and by these presents doth,93,4,3
Vyq37KAnllxfF1tY,Suorum nie non de conficend verum et plenum inventarium omnium et,65,2,0
yEHt0ntRcF19SndC,Turn over twoe leaves and there is more accons entered,54,1,4
u5IfijoySjTneAAv,-and pounds of good and merchantable cotton dated the last day of July 1640 with condicon to perform,100,4,1
A1QQdem0WGjUrflC,the full and juste summe of Funteene hundred pounds of good well Cleered,72,3,2
y5SvHcsBWrS8NIKY,ye aforesd demised seaventy acres of ld with all privileges pfitts advages & -,78,4,3
EjBHn3N8xcXDVSbw,"A Lyst or Shedule of names of all the men, women and Childr,",60,2,2
V7pi6arZR8rfpXIs,Morgan W^m Bayley & Lewis Koller. or to either of them or either of their,73,3,3
qlri5n1JPoLCkHpp,of the goods and Merchandise aboard the said ship belonging to Capt,67,3,0
uyr0Yzxh7KmLIlRX,knowe yee that I W^m Stiles of the Island of Barbados planter for divers good considera,87,4,4
29IotFQ5CVcwfaP0,p^rmisses wth thappurtences wthout any ma,41,0,3
XqV5OM8HpKeb9nla,of the aforesaid Island Merchant Have given grant,49,0,1
VYFQGk6lea1kOf4F,Attorney shall seeme meete and necessary is as full and ample man^er,68,3,3
cdPxsnBqvNZ4WDcg,agents or assignes any thinge for the same with the shipps cables and provision,79,4,4
j5P0RRt8vztefLNk,heires Exec Admr^s & assignes of & from all & all maner,55,1,0
QH8gKPh45OKsJ06R,Cowes Esqr Together with all houses Edifices,44,0,4
TXyLhv8XEnTqMq4m,heyres and assignes Signe Seale and Deliver Such,48,0,2
auSaTvnDKYu5oJey,To all Christian people to whome theise prsents shall come I William Liver,74,4,0
GjteTqbIfCciHqBe,Sealed signed & delived in the prsence of us,44,0,0
NQkBsbunTjO0CmP9,ruption or hindrance of me ye said Edw^. Cole or of,51,1,3
bNAsFtiMOmizHpUt,"the S:^d Rich.^d Vinter his heyres & Assignes, in the",53,1,3
LobYyQZqUy4hs8mG,forever to the onely proper use & behoofe of hi,47,0,3
MwFs6Wtw7Trb2BL8,and quietly have hold occupy possess and enjoy the said,55,1,0
SZdxKEnW7BrVSXlr,sett over and by theise prnts doe fully freely and absolutely give grant,72,3,1
Fwg9lqEBraadyHCv,hundred pounds of good and well condiconed tobaccoe made up in,62,2,2
z1uffJgR4uGnV9CY,use the sume of five shillings of lawfull money of England,58,1,3
R1uViiAitMYfviRH,any Meanes of mine or by my privity or Consent,46,0,4
sJaRUTJxYwD3Gcak,Aprill Middeton Thomas Bright by the said Capt giveinge the said,64,2,4
tqRqYGyvDrmb5zj0,Appearer further averring that the said,39,0,0
yOFIIsuE37o20j6e,"Every parte and pcell thereof, imediately from and after y^.e death",67,3,4
dPbGExFXvDvg8Snh,intended and Soe shall Continue and Rema,40,0,1
q69wZ5I5ZGaTWLEh,demise or grante and shall express and declare ye same,54,1,1
prlZ86ciY21iiRSo,doth and may appeare Now knowe yee that I the said Henry Chubb,62,2,0
1IBeZ421t05ilM5o,ing any right title or Interest unto the same lawfully,54,1,0
RUoYv1AfhJGSWja9,"in Carlile Bey Sends greeting, Know yee that I the said David Robertson",71,3,2
vSAFYSzDCA5eL3vi,Entr:^d y.^e 18.^th day yeare of our Lord god one thousand six hundred seven,76,4,4
AzdQ1Y6mb7KIdw8f,Day of September yearely to the Gover: in Cheife (for,53,1,0
Mu3q1uOG2qUt6AwD,for Wind ward of Guardalope and ordinary of the,47,0,2
oXHyC6Ct3LBtKNdN,under or them or any of them ( except before excepted )the said mortgage to the abovesaid John,94,4,0
JNBBFAduYBqka0Y7,"M^r"" Richard Glascocke made oath before me the 4^th day of February",67,3,2
OuptI0Bsc2gd8tQ9,voluntary oath y^t uupon y^e five and twentieth day of June last part,69,3,2
q3uPcTOiqbXxpCFk,of are now resident on ye plantation and two more,49,0,4
BHew23WKtXD5SqXD,take unto his use and possession the aforesaid plantacon and,60,2,4
COF7FrxK3lxs4Thi,Nosse with ye full bredth of my land betweene ye,48,0,1
Qf7kG5FR0LrYkMQB,Henry Hawley & Turberville Morgan Esqr for & in consideracon of the,67,3,4
BuM3VCVtq1WkwjyQ,Land Scituate in the parish of Snt Michaells Cont: in,53,1,4
qsgb75V3Rk6UoYGE,ye world until ye sealing of this within deed as witnes my,58,1,1
xiVS42zcHPIwmlMZ,"written to be their free and volentary act and deed, and that it -",66,3,0
IgAEcrBJSBeefq48,the said William and Mathew theire heires executors administrators and,70,3,3
nSdanAaCiipucjVP,wth ye house in as good order as it is at the prsent ~,54,1,2
Ojj6uX95vgCZre1M,To have & to hould the sd plantacon & land wth the prmises,58,1,4
9ae8JUPDyXS3Mk1C,willingly Suffered to bee done by the Said Christop,51,1,2
Df05Zk1Auy9wy26S,Sale to be his act and deed William Sharpe,42,0,0
kqDffZCJGERWXwaU,abovesaide with the appurtenances to the use and behoofe,56,1,2
XEhKI7wvRtzdO9Pf,of tobacco in lew thereof and noe more It is ordered that Xtopher Nevison shall,79,4,4
4Py29m6mVVaSI0mm,Robert Browne southward Edward Evans and Bartholomew Walters north,66,3,1
6EtdIS453FF3iecC,unto belonging and adjoyneing and is scytuate,45,0,2
cLOVrvJExKwdGSlw,To all Christian People to whom these presents Shall,52,1,4
BH8T470otO2f8tAX,p'forme the above menconed cotton or servants then it shall be lawfull upon,75,4,4
jiqx4LpoqZtfKzK6,heires exers admistrs and assignes the afores'd house or tenement w^th all pfitts,81,4,2
CWX4uIjzHiUPNxdI,King of England Scotland France and Ireland,43,0,2
MMrz6M319zzRMp3T,The one moyety or halfe parte of all ye wooden suger,52,1,2
5hLE76qPbcvAqmv4,Crocker the said ship according to order and agreement but hath neglected,73,3,2
y9ettYz4ylFBnUna,fowl weather for all losses damages determnts hints produce,59,2,2
hwnxLDDhdQdhh8vP,consideracon sold and delivered in our owne and the names,57,1,0
65jDI4xojsOUl99y,plantacon And that I the said Henry Chubb my heirs excers adminstrs and,71,3,3
9e3BFMnceq6Ifgza,Severally to grant bargaine sell aliene enfeoffe and confirme,61,2,3
ggKvBPPXVM6ztBb9,Intr 3^o 8 br Barbados second of October 1647.,46,0,3
8WRAnp0vSrlaT5vb,"Three Coppers, Two , two ladles, one head& worms",48,0,1
BZsYTf8BnHivfgE2,our Lord God Euerlasting know yee that I the aforesaid,54,1,0
9MzXubOrYCFowJ8y,men servants whose names are Tobias matthew Sam Lennings John Patefield timely to serve,87,4,1
zmjkSQH1SVVb9fkA,heires Executors and Adm^rs jointly & servally to him,53,1,4
Lc67u18NryL7TMHW,these presents doe give grante bargained for and sell,53,1,4
lB45GZDqr2RP4RFd,Paul white his heires or assignes By Eliazar Cockram of the Island,66,3,4
B3LF272aHYwAW2Cu,in ^hand already paid by Henry: Dorne of the Said Island of,59,2,3
ib10LmS2x9wUy1Ye,his heires exers admistrs and assgnes that them this prsent deed and,68,3,3
KCqrk0do3UzdEI6X,the sayd land with all easements profitts and comodities,56,1,4
tRD66zb6Fu2fZkfd,or persons whatsoever lawfully claymeing by from or under him or by from or,75,4,0
KJEYpxTGFlD9kNM4,without any the lett hinderance or denyall of him the said John Leslye or a,75,4,1
0lz6epqbSN3Eof3i,"the lands of Jeremiah: Egginton, M^r William: Dyer, Jn:^o Knig",62,2,0
oRldxGZyKKCk5r6x,William doe by these presents give grant infeoffe,49,0,4
UOgcxLnMrURIguaX,"and assignes forever more, and free and Cleer and freely & Cleerly aquitted",75,4,3
pIQHhKd6hgW82r06,& doth further warrant the Said Negro unto her ^her heires & assignes against,77,4,2
0wm1HqLu4ThzUoZj,w^ch are for securaty of the payment of twelve thousand eight hundred,69,3,4
6LbgMnZuGTXVGYLT,by ye authority of ye Kinge Ma^ty 'or Soveraigne Lord admitted and sworne,73,3,1
5SqgTBDyjgZIFVsp,"Signeing sealing & Delivery of these presents, seased",53,1,0
fvHJi4UUe1H39D9c,Have & To Hold the sd plantacon together with all &,51,1,2
r7VJrwvUvTQPEy81,Charges Att the Suite of Moior Thomas Rous w:^ch Said Exe,57,1,1
VmfbvwCFeQc7nRdQ,"all, or any othere title, charge, trouble or",44,0,1
sRPnjJlo4MemiQTe,and alsoe against the said Royall Company,41,0,4
eljuMcZ9LYSvyzWI,sellings tradings and doeing as shall be need full and within tene,66,3,1
GkGgCLrFEKwa26Zc,said Francis now liveth conteyning by estimacon one,51,1,4
ntB4yKk71xqJfiWf,Thomas Guy for himselfe his exers admistrs and assignes covenanteth pmisetta,76,4,3
ntPunwpG7SeeSvFw,Williamson doe from me my heires executors ad-,46,0,2
g6x6qG6aMrcPrPEz,my heires exers admistors and assignes in the penall some of twenty nyne,72,3,3
jq6tz2NHrwKINUbM,Samuells Boatswaime and him this deponent,41,0,2
RRxTIJunZDLHlhUU,to the same the invasione of foreigne kings and princes onely excepted,70,3,3
lstgZJk54jkAhI6N,condempne & out of prison to deliv: & genally to doe all things wch he,70,3,3
HYRx8bCjXaTZH8ef,Received by me Capt James Browne receiver mennated and appointed by the right,77,4,3
USsilUa8S8Kz2X9K,whereof I the said Leut Robert Terrell have to theise presents sett my hand and seale,85,4,3
HnyADvkxtUuX8KMf,of the Island aforesaid planter sendeth greeting in or Lord God Everlastinge Knowe yee that,91,4,4
VLSw3TNOBkNiYn0n,prmisses And to substitute one ~and~ or more attorney or attorneys under him with like,86,4,2
OK6oTLNp00pFKE4b,in our Lord God Everlastinge Knowe yee that I Paul White of the Island,70,3,0
Jq2WcfhGtx9IkB8Q,comeing after the date of theise psents for ever and the said Walton Fenton,75,4,1
0AVFWH3x0dGYketT,me the s^d Robert my executo^rs & ass^s.. And that he the s^d Robert ass^s shall not,84,4,1
nRXVpa3NBF7mMCNG,.& to her two children Robert & Ann to them & either of them,60,2,2
DQWJl4bOTH3lKFnQ,adm^rs or assignes wart: secure & defend the former bargained prmisses & unto,77,4,3
sqn0kVXKZYALfqjk,~quantity~ may appeare ^now if the said Thomas Duncombe his heires Executors Adm:^rs or,87,4,0
0uBeAe2LDmJqYq9X,and demands. whatsoever In wittness whereof. I the said,55,1,3
ModMWfT9r71Od6gR,or assignes by me or their assent consent or procurement,56,1,1
Y8q5eGRNcW8Qiss8,"Wormlaton and Easter wife, the above bargained and Sold",55,1,0
PPMTvjiJTEPRufia,given und.^r my hand the 22.^th of August 1676 :,48,0,1
PABzZFZd1Hd6GxbK,of the Pish of maker in the Countie of Cornwall now master of the shipp,71,3,2
vr8RbWnLaMGq9RyH,Greetinge in Our Lord god everlasting know ye that Lieft,56,1,4
RMdJncAONlxdSTLW,the Raigne of our Lord Charles the second of England,52,1,4
euYlcqNMGcZLtP1M,Hoble: Tho Ea of Carlile Govr: & church all ways excepted and it is,67,3,4
fdoxzxFrPJdJ6tmF,pish of St. Michaell within y^e Island aforesaid Abbutting,58,1,1
3lSgDEOX5mvP8W7f,& sale shall not or be not pformed unto the sd Richard as-,58,1,1
APmOaxyMvP9PWA6l,"and on the Lands of the Said John: Booke, together w:^th",56,1,2
1bga6jWiiUhkSzJ1,interest or Estate in or neare the BridgeTowne,46,0,1
w2SeLJdCa1XR5iDU,Councell of this Island of Barbados Now Know Yee that,53,1,3
wsD1jQ5WdsFqY1ti,said Deputy Secretary having heard did protested,48,0,4
4BOXvhynMhDkEgXv,written deed as his voluntary act and deeds ~~,46,0,0
WKyEa8wtWy2591AI,recovryes executors dues duties dmnds & all other incumbrance or incumbrances wtsoevr for any cause,99,4,1
WSlmnVErULWHMsg1,Sealed and delivered in the pesence of - with these words vizt: - parcell of land lyenig att the,96,4,0
dolcEqkTDBh57FcC,and wholly as the said constituent themselves might or could doe psonally the,77,4,0
kN4Ixhsr1JzKJocx,took their owne goods and parte of what other goods they were to,64,2,1
rlnNnuSqn6Wo0O4D,Sealed and delivered in the wth possession,42,0,4
cXcUcqwnL68TJbrS,Anndell for Divers good causes and valuable considerations mee,62,2,1
Mqjf9xk8KhaTHBX6,any two neighbours shall appause them indifferently betweene both parties and,77,4,4
76MzbQm7n7slM61X,from his most Sacred Maj^ty Charls the Second,45,0,1
r9dIh2iSpvBoZfzF,Administrators and Assignes shall and may y,43,0,0
0yzdjCgzJLlDH5OJ,heires executo^rs Administrato^rs or Assign,43,0,2
kIvmIzm3gauOcuZl,premisses unto ye sd Tho wave his heirs Executors & Admrs forever,65,2,4
bGQWFIHtTEC2KIG6,soever now in the peceable possession of the said Richard,57,1,3
JCvY3E97yfFzxRFk,and Deliuery of these p^rsents haue full power,46,0,2
ne0uZN6X5NHUD8wh,Signed Sealed & delived in the pnce of us,41,0,2
Snya2vORqM6s5B46,Sealed and delivered in the prsence of sign x Jasper Alder,58,1,1
IpUJuaGVnpkEgbtu,"Scituate , Lyeing and being in the Said parrish",47,0,2
KP4J42f1Mtae36Wr,"Scottland , ffrance and Ireland King Defender of the ffa",56,1,1
xZFuryblCoqPew5f,of the other ptie Witnesseth that the said Farford Goldesmythe for valluable,76,4,1
9dj4ZPfPQFC4seDq,aforesaid Gent doe confess myself to owe and be justly indebted to,66,3,1
I61wKPcFqjMrftjQ,of land or plantation conteyning fower acres and a,50,0,0
rxXp1JPedNETNtg9,meanes and pcuremt In wittness whereof I the said Capt John Burch,65,2,4
A0FOd3p5MonyC2RF,Date hereof repaire the Dwelling House of time,46,0,1
CHi1Ds6hTT62hC4B,sealed and delivered unto the above named Capt Francis Futter one bond or,73,3,1
NqkzLskbnTSLIR9Q,Barbados planter for and in consideracon of a valluable some to,63,2,2
c4scbsTAq2wqNDyH,Williams Patrick Long Thomas Dawden and the sd Jacob English,60,2,2
4FDahhRvtRNg19DR,causes and considerations me hereunto moveing but,49,0,3
ODIlyY41BgiHCSuG,all the before bargained prmisdes from all former motgages giftes grannts,73,3,4
GD1NmcK7jRxl2nMd,shall Come I Thomas: Reade of the Towne of S^t. Micha:^lls,58,1,1
wof8rRYnr5llcF0c,Almighty God that he did See Frans Stonehall above,50,0,2
9YRu9JdaVqmN3X33,storehouse at the seaside Witness my hand this sixe and twentieth day of March 1640,83,4,1
KIWQqJH0sSbiXXe3,to ye sd Tho: Jones & Owen Williams Together wth all Houses buildings -,71,3,0
yKZgZHtxrrg3RZLI,"owne use and uses benefitt , and aduantage And it is h",54,1,4
uHagaJ5PJ4R0AFMF,Said S:^r Timothy Thornhill Barro:^tt doth acknowledge himselfe,63,2,0
BIJxs2YuQvpX3ORz,the said Edmund Reynall his Executo^rs Admini,45,0,4
3X8XLgUVSy8Pq3OO,& Edw: Hollinshead North road upon ye ld of Ja: Eastmond & southwd upon ye,74,4,3
CjuUcIPtu0UVlt7b,ninety ffive one hundred Pounds and in the yeare one,52,1,4
67aCyQIfCPacBIe5,enfeoff and confirm for ever unto the said henry Sealy his,58,1,0
joPD57E6xAFEN7r7,full force and vertue . In wittnes whereof,42,0,1
xEqGh8DbayZAz92g,planter for a valuable consideracon already received Have given granted,71,3,4
p3bhTzdtNV8HBa08,shall come Greetinge Knowe yt whereas Jonathan Andews of London~,64,2,4
jYXRd00TByCBzusP,"farmer and other gifftts, grants, bargaines, Sales, Annuityes, Re",65,2,4
6SVyPySNfbd5W412,divers good causes and valluable consideracons me hereunto,58,1,4
sIT2zuknXcIasu1n,The Island of Barbados sendth greeting in our Lord,50,0,4
DsvZ7m0DhsCp91jc,and boulster and all thereunto belonging except,47,0,4
148GoWNoan9NWwpM,"of the Said partyes, shall have, receive and Enjoy the produce and",66,3,0
xCVjCMXcQ7GXmXnU,with free ingresse and egresse to goe to the said storerome to carry or,71,3,1
t6ltJZD0pLAkyiwM,Samuell Lapthorne his heires executors or administrators,56,1,4
pG6SDBl3f6w5ETFZ,W^m Olivant W^m Booke Dennis Cornelius,38,0,3
ZCIugzN076LrXNEc,Robert Downman of the parish of St Luceys in the Island of Barbados,67,3,0
N4IuDZuixyOnFq86,"thousand six hundred Seaventy and six, and in the Eight and",59,2,2
7U6gZs4HH3ZhwQW1,His free and Voluntary act and Deed. Sam: ffa,45,0,1
sbRLoaNNWNIBGMfM,debt & debts dues & demands whatsoever which,44,0,2
kKylVAokTEnk9q8o,said Allexander ~Dantee~ Nicholls . To Have and to Hold,55,1,1
3COir8VRRrXF7TM0,"act, to a sent, privity or procurement, In witness where of",59,2,0
lD86mhBbp1wdjSt5,yeare of the Reigne of our Sovereigne Lo,40,0,2
xkxwnQrS7RPeMOkI,"intended, to be granted, bargained and Sold, and every part &",61,2,4
WvRMZ0cyEWnKAntR,penall sume of Tenne Thousand pounds of very good tobaccoe well,63,2,3
ESinjOrHCAp8lNSc,on the lands of Capt Thomas Seales windward and of Edward Port leeward w^ch was,79,4,3
kWhC844wHGV7oKCG,Signed sealed and delivered in the prsence of us & possession given,67,3,2
hPRgPskKL6MrGhsh,we the said John Salmon and Elie Amie for and,45,0,2
KNLjDvknC5gb4aUj,This Indenture; made the 25^th day of September,47,0,1
1wiG5k9iT8ZWyg1K,thirty Seven Perches and a halfe Perch of Land was Attached from Thoma,70,3,4
FEDa5UEwbgmKPRNn,or appointment shall bee made by the said Alice in his,54,1,4
zPFZuMVMRpc7beo4,in the nineteenth yeare of the reigne of our most gratious,58,1,4
voqbaSelRCBVS64k,aforesd: Gent my heires Exec^rs & Adm^rs to pay & delivr: unto,62,2,1
EFxKnxYJBen1XtfF,gifts writing or Contract whatsoever any parte or,49,0,3
F4RHudZS46CH3P3B,oath that hee saw the within named John Withing,47,0,0
jwPso64RyR4T05hF,pfitts and advantages whatsovr: thereunto belonging or any ways appteyneth,74,4,3
sZDZiwrlBws4eBVZ,parish of all saints and now adjoyneing to ye,45,0,0
pNMVEq12VgJwA3pa,in an other bond or Specialtie beareing date wth ye of the paymt:,65,2,1
eNeHAUkUmpMXWl1l,windward and the plantacon of the said Tho Mayer and Peter Bray leeward,71,3,1
YRXwkzhuHD86HNT6,These are to Lye Certifie all whome it may concerne that upon,61,2,4
UPDVV4FokZzsp8bK,Just sume of foure thousand pounds of machant able cotton or tobacco,68,3,3
0U9WVefldiEnb11P,& deliver this as his voluntary act & deede,43,0,4
rlkjM8EvGLeCdZT4,Richard Smith leward To have and to hould the above demised pmisses,67,3,0
s2MsNg2IwhtVDwB8,as aforesaid and the said william Martin,40,0,3
u2GmKpt49cHoxrO0,on y^e. Lands of the said Reece which hee Lately. purchased from,64,2,1
7oPYu2dmzIChuOWz,lands scituate in the pish of S^t Andrews Overhill bounding ~~,62,2,2
0sh6VmDlDEQ5yHxE,& valuable consideracons me hereunto moveing as also for and in,63,2,3
veRn1vmHOPgrGPnE,all persons In wittness whereof the parties to these prsents,60,2,0
buiofUS8irrEm9fw,unto him the aforesaid Thomas Bacon his heires exers admistrs and assignes,74,4,0
4Qz2qjTvIwzi6yg2,1642 Theis P^rnts bindeth me Thomas Sewell of the Island aforesaid Gent,71,3,0
5sFX4xspPfGIzYtx,the said James Butler his heires Executo:^rs Administrato:^rs,61,2,4
OfuQgiRM8vrxWZJM,hearafter att and upon every reasonable reques,46,0,4
imjJw6qgqi7kA0oO,Secretary of the said Island and sole notary,44,0,4
XnmyTHMXyda6GmrD,require that the estate aforesaid belong unto my sonne,54,1,4
7s4catKMg7vsDPIH,to make seale deliver and (if need bee) for the premisses or any part thereof to appeare,88,4,4
MWYWih3ZxecP8MJ1,of him the said Richard Seawell his Executors &,47,0,2
PuDCCRnGEY59YVkQ,Judgements wherein he is bound to Robert Harrison by the first day of May next dated y^e 15^th Aprill 1642,106,4,4
5uF3MIflmG9DJ7Tb,thereof upon or before the twelveth day of May then likewyse next ensueing by the,81,4,3
vA5PxE8sNbkxcs7j,prmises from me the said Nicholas Butler my heires executors administra,71,3,4
BaYTvwbHPbPcv16d,within written wittnessed by us whose names are heir,52,1,4
onoiFNXJVZ8UJ8iZ,Seventy acres or there about was Atached An,43,0,1
ftCq5R12ClNKdTwx,In the yeare of our Lord and thousand six hundred,49,0,3
WbWUD9VaX1QumiRz,sell alien enffeoffee and confirm to the said Thomas Ellacott his,65,2,1
tOjgQGfuqqXFJGLn,right title and interest that now apperteyne unto mee and,57,1,0
BlRLQyfXNsZpTefr,Francis Darham for a valluable consideracon re^cd hath sould unto Richard Southwell his,87,4,4
8AEEISYk9SBw6SKy,whereof I the s^d John Tobin have hereunto set my hand and seale the 30^th,74,4,0
aMaN6h88wmG0O3Ab,pmisses . and appurtnances to him the said John Tobin his heires,64,2,3
8Qe2wC27oQOAHvaP,Acertaine pcell of land or ground scituate Lyeing & being,57,1,1
jnFs8dFEKrpo1lWu,that my pte being the one half of twenty acres of land more or less,67,3,0
k15qV1Sfsbydk2KX,warrant and defend the same against all persons wtsoever lawfully Clayming any right,84,4,3
h2p7yJUvlIPmaRBf,and Morris Spirnger of the Island of the planter or to their assignes,69,3,0
4sOpnMYO1vl4PZFx,the date hereof sould unto M^r Daniell Wright and William Clutter buck,70,3,0
czgP2A9uaOq9S3Fl,Last will & testment of y^e s^d James Tyson deced as,52,1,4
bAYgzUIjsKELOpNM,Twenty & two casses of speritts foure barrels one Bagg pepper,61,2,2
penyQ9dAPi47i1Lb,Shipped by the grace of God in good order & well condicon,57,1,0
z0XzFCRbN3RxjeG6,"William Dymache, and South upon the Lands of George",51,1,1
DX6jCOyJkMCWug7r,admistrs or assignes the summe of fourteene hundred pounds of the like,70,3,2
JclfPGRJ7NobyoWw,for and in consideration of the sum of ten thousand pounds of,61,2,2
ANK6BSVoIFYrsE4F,Barbados before me Richard Noke Deputy Sec:^ry,46,0,0
UdLEkHOUNX1yj0Rp,already before the ensealing and delivey of thiese prsents paid the receipt whereof I do,88,4,0
sCHwoLcDGNvBCDBA,unto the said fran O'Mulquiny his heires exers admistrs and assignes forever,76,4,1
kjsHRnZN8TxHMqED,to the said Tene acres of land accordinge as the same were held betweene,72,3,4
DzEdkxt9ygAGq6sr,and that I have good right full power and Lawfull Authority,59,2,3
7eGjxzMzeLif8jPT,negroes horses mares catles stock and plantation utencells before hereby,72,3,2
NMIsYI3b8ki56c2v,that he see the subscriber William Clarke to signe seale and deliver,68,3,1
wXKNACbyMleNv0IC,land I the said John Dyer purchased of Capt Phillipp Wood house,63,2,0
dCixtrvUjEJAedMv,"Edifices and buildings thereon with all timber, timber",54,1,3
otGSflslVXzBsErj,or assignes the just sum of five hundred pounds,47,0,4
mWB9qX6WUwGTFOSx,acres of land bounded on the south to the lands lately in the possession of,75,4,4
IsoozHEv1bLiWAmk,Jone Williams Fran: Lawrence & Margt: Lawrence equally to be divided,68,3,4
J4x1A16zD9W45cyo,seaside & bounded wth the late plan . of John Robson windward & of,66,3,1
v13ARsvintlGztXZ,God Everlasting Know ye that I W^m Forster abovesd for divers,61,2,2
tufJDaxmsKYtVNpD,Pollard of and for seven thousand pounds of cotton In witness whereof I have hereunto,85,4,0
98elRyfqNSOYMnQz,"x procured, or by any wayes or meanes assented or agreed to the",63,2,3
pKSYxuDQ6f8sZlfY,of October (1680) conteyneing three acres and one eighth part of an acre which said land,88,4,1
z3LF3YVTTikmkslc,Within named Bennett Reece and acknowledged the with,52,1,2
d9LxBmleE1sPcbTo,sd fifteen acres of land with the demised land & all & singular,63,2,3
OUq92PlJ8EF47pHm,and to hould with all and singuler other the premisses w^th their and,69,3,0
QYGDQDZeRUB87KLg,I the said Henry Cleaver have hereunto Sett my hand and Affixed my,66,3,0
WCiBqTYnMnm2a6tU,Phineos-Smith deputy Marshall unto me John Ham as,49,0,1
zfmS5d1CVZpZNG9C,her Voluntary Actt and Deed; Given under my,43,0,3
M1wF2LuWweK9P0jq,of them shal be behind & unpaid in pte or in all after,54,1,4
DPsYv0RW59CVFE6s,"warranty, or by any other wayes, or meanes w",44,0,0
xlsGohMzIVAn47Aq,answer I the said Deputy Secretary having heard did protest,59,2,2
wsi7QIOqPYTlwOeg,"heyres may might , Could , Should or ought to have had ^& enjoyed the",69,3,0
bDk3xqZwUmMBcfWB,good causes and consederacons mee hereunto,42,0,3
VSeVo1Q76XFJXDyu,or defending against any pson or psons in the said Island of Barbados,69,3,0
cf143agQ48sKkAke,"hee will give Ord:^r to Satiffie it in England, as soone as",59,2,1
qrnDdzUyfIWC1P92,a valuable consideracon to me in hand paid wch I ye sd John doe,63,2,0
bCE0UdsZz10UXcxz,Wee underwritten doe certifye and testifie to bee true unto all to whome,72,3,3
xqVbwYewpUQOgXLV,and forfeiture of twenty thousand pounds of merchantable and well condiconed cleere cotton,90,4,3
EG5bhQ7Il9brYnp1,building Copps timber & timber trees waters & water courses rights benefitts,76,4,2
A2lpTywdszc8jA6P,unto him the said Edmond : Lewis his heyres EXer^ Adm:^rs and,61,2,1
JMBlXjRtNtO7DAqP,"from, doe clearly acquitt Release and for ever discharge",56,1,4
WYOvdBMQEI5kdKLV,that the said ship w.^th hath beene above two years,51,1,0
s6xHicEjZgzl1rCS,Vaughan in case Shee happen to Survive and out live the said,60,2,4
yIpUq7NBbrCGtjeC,1635 And in the Eleventh yeare of his Maties: raigne yt now is made,67,3,2
yLAsxW8PGM5WlqRt,well and truely paid the receipt whereof I the said William,59,2,0
ECJo1rCf9VaAlQIo,or houses grounds fences Joyning upon Mrs Bramble and,53,1,0
fn5XUXecqvcjwXJQ,yee that wee James Hooper and Thomas Hooper of Island aforesaid for,67,3,3
oOpKdBkEN2VINP4v,Stroud his heires Ex.^rs adm.^rs and assignes for ever without the lett trouble hinderance,90,4,4
MmZJZmCpMz7uVkt5,and payeing to the Governor or Comander in cheife for the time,62,2,3
tzQPxC5HChpoevbL,"Sledge, and one Crowe, Three Padds One Packe Sadle tree",55,1,2
OhbVrpoiVgRV5IfL,"Moveable and Immoveable whatsoever thereon, therein, or thereunto",65,2,1
kk0JN8rBzvlCWvU3,the s^d Thomas Hothersall all for consideracon of the sume of twoe,66,3,4
xOgQ4R9OWOuGIIzo,Capt Edmond Read in the pish of S^t James in the afore s^d Island of two,72,3,3
WFsBqumW7og8BW3r,acquitt and discharge him the said John Berringer his heires,60,2,1
JJQXnsecoqfrfmWe,Anno Sixteene hundred and fiftye lying in the Parish of,55,1,2
fKKE01yCwLVTHmQm,and sold and every part and parcell thereof without the lett,60,2,0
twBcwQMYx0zntp7W,M^r Richard Gay To have & to hould the sd pcell of land,55,1,2
iVqUZJW6l8R5vPfo,To have and to hould the said five and twentie acres of land with appurtenances unto,84,4,0
h62ysfYeMN2fSmBx,"reserved and other the covenant, grants, and",44,0,3
iFPHKbk2DBqxhmaR,"and all Manner of debts , dues , dutyes , and demands what",58,1,0
ntJ8UoHMouQQM6xP,penall sume of foure hundred pounds of good currant money of England,68,3,1
upH1gx2fIkFj3RmW,good and merchantable muscavado suger have given,48,0,3
f7JWK1HEvxFL3QI2,heires Executo:^rs and administrato^rs: forever ratify Establis,63,2,0
h0bSm2bnEPjPpB1O,allotted or appoynted unto or for tho'thers of them theire exers and admistrs,77,4,3
bGWsFbQTSAJecmLc,w^tsoever i doe hereby revoake all power and letter of attorney by mee,70,3,0
KjptN4xirXuCdveu,"forfeiture, and other Incumbrances, had made done or suffered by the",68,3,2
wd0BGJlBKgFO2FBW,their & evy of their heires Ex^rs Adm^rs & assignes forevr: by theis,68,3,4
KO2k1gCDKdxujJ3B,do publicly and solemnly protest against the said Capt John Berry,65,2,1
tvgRo3Z7BozWwUMa,prsence of - George Millard - Anthony Greene,44,0,3
540y3NCvDv2YxqzY,six hundred and seventy and fourty thousand pounds more,55,1,2
0JyWVVHSH9E8N9kr,That the sugar menconed on the Credit side of his acco.^tt should be Charged as it,82,4,4
GFJbP9EWpEzQORZE,Eviction or Ejection of the said Abraham Chapman his heires,59,2,2
xgfTQzv0SXYeBaIz,free and Cleare Estate of inheritance in fee Simp,49,0,3
zVa0H7MAcfby85B3,"them, at all time & times, by night or by Day, when",51,1,4
3duQasRWuMWyO2gN,any other persone or persones whatsoeuer whereun,48,0,3
114nzU7XAM7nmiFB,selves and against all and every person and persons,51,1,2
URzF35gxkcEDPgU8,abovesaid As wittness my hand this 25^th of June 1659,53,1,4
KSoKgSeEhF8q2Tab,"me withall, and for the preventing of Controversies which may aris",66,3,2
VqlG0AQAMdzlufuF,and Island aforesaid the receipt whereof I doe hereby acknowledg,64,2,4
nyXJ7Vqx9CC9zaUc,"to have or clayme any right title or interest unto the said planta""con or any pte",81,4,0
STzzzgoU04SrFnkY,of the Island of Barbados clear sendeth Greeting in Or Ld God everlasting,73,3,1
SiBSBJihCh5N5xwm,Richard Noke Deputy Secretary of the said Island and sole notary publique,73,3,1
hxcWILug6sySoYP7,"there to apperteyneing And alsoe two stills, still heads &",58,1,2
iiQvY9dftYXjZwDz,date hereof to be accounted if the said John Cooke shall soe longer live,72,3,2
yovfBGvjPjrDzVEx,to the true intent and meaneing of these presents ~,51,1,4
wCFGH1hETIR0I5sC,Clarke of the Sd Island gent Send greeting in Our Lord God Evlasting for divrs,78,4,4
NWc2ehWnqItnoKgm,therein ye foreign Enemy Excepted and yt freed & cleered from,61,2,3
KuNTsXOuYLiTehTJ,Whereof I have hereunto sett our hands and Seales this fifteenth,64,2,1
b7NCryXe9NeUOQDF,Strange all my right title and Interest of the land within mentioned,68,3,3
dG5rP4H7lSaCkEej,"aforesaid I or either of us or any other pson or person, by or",62,2,4
Z4R7IsiBH3x1hF9L,signed and delivered in the prsence of,38,0,4
rCYduDSOqXYknJX3,Singular other the premisses in and by these presents granted bargained,71,3,3
nvIX2ptLkT4ymJLX,to and with him the saide Abraham his Executo:^rs and,53,1,4
QmMjkMOxcfTRQ87t,appraised as aforesaid their heirs Executors & assignes for Ever to the only proper,83,4,2
R0NHAtbNqzzxZ0rK,Exonerated & Discharge the s:^d Sa:^m Henry his heyres,54,1,2
2OGnY9jxIkYpI8B9,all and singuler the forebargained primises with every pte and pcell thereof,76,4,4
p7eThK8uN965960O,ffebruary Theire Bill of Sale under theire hands and Seales,59,2,1
UC6BfBqworx6qEkk,Lord God Everlastinge Knowe yee that wee the said Thomas and Peter for,70,3,1
giUQfjte8mKpWTB5,with his said ship since the fore said limitted time of Sixty days,66,3,1
zFqR3L87KNdjd0oQ,Sonn of the aforesaid William Merchant on the other part witnesseth wherea,74,4,1
gNSav5n4F15yMnkU,Browne theire heyres Exec^rs: Adm^rs: or assignes forever,57,1,1
IlPuVdIbd9tymw9I,the pish of Andrew overhills in the Island aforesaid att a place called,71,3,3
eQYfd8CWpwhiJMAl,sue implead seize sequester attach imprison and condemne,56,1,0
t1aVuqx1GBBhHjsW,Three musketts & two pr of bandaleers at,40,0,1
Lo17KAICfGBYQFeE,by my meanes Act consent and procurement And I the,50,0,3
7sajZ21mmHA6IBbG,arrest sue declare impleade imprison cause to be condemned and,62,2,1
BlnVS9GQLMsLK6hN,hundred three score and Tenne acres of Land & is furnished wth such,67,3,4
eQQ3IQx58TBpuia3,right title & interest wch within this bill of Sale wch,55,1,4
hSFPDAAww1IBHWvh,Stevens To have and to hould to the said Edward Harrison and Edward Broome,74,4,2
Xf53GrwovECETF4H,M.^ties Raigne made between the Said Thomas Rous of the,55,1,4
mg6tupUAvgmn6H9B,"und^r her and his heyres onely , In Wittnes where",49,0,3
YpoQ37N3votJffau,for and in consideracon of the value of Thirty and nine thousand,64,2,1
U7aZFNSmheajM4hH,To all Xpian people to whome theise presents shall come greeting Know yee,73,3,3
Lu1RYgcamUXbD1Wz,more especially for and in Consideration of the Sume of one hundred,67,3,0
riOtNIfGPkL8LjkQ,and Stephens Gibbs a certaine pcell of land conteyninge twentye acres of standinge ground,89,4,3
AxPtnzjEgIPCt519,& secured to be pd whereof & wherewth I doe acknowledge myself fully -,70,3,1
h6K4p3CNd3kkPV5M,Likewise I doe freely and absolutely give unto my sonne,55,1,0
PiLIRZm3itST5H6i,accordinge to the tenor and purport of two bills beareinge date of these presents,81,4,0
Y1oYwoioBBfGwcEz,doe belong and apperteyne unto them and for sundry other pposes in,66,3,4
YmlajOc1YpkzuaKE,this 28^th December 1658 psonlly appeared before me Nathaniell Thornton,71,3,0
ZVVp7BnjglnrCAq3,exers admistrs and assignes to the onely sole proper use benefitt and behoofe,77,4,4
JDOK60RkT379FsR1,on the Land of Richard Bristoe Westwards on a small foote,57,1,0
b0h4Wr6FAqXjFG0Z,but more especially for the somme of vallue of foure hundred and,64,2,1
PM9Cego1hxZWSAZH,the p heard and made oath that the within,41,0,0
fw7lp5IzCyEmIXQl,63 by these prsents demise grant Lett and to Farme sett all that our,68,3,0
zAUguBuQqx9jR7Ee,hereunto annexed is expressed with all other profitts commodities privilidges and advantages,92,4,3
9yvlFSFx7ZHrZfUB,land of Edward Harrison and his parties Together with the particulars here under expressed,90,4,3
mWwqCOfSw3q3np7O,"&r Casin and by the Letters Patents or Comission,",49,0,1
2KulvEqEEErpCOkf,"sustamed, for or by Reason of the said Stormed, Gusts, and Seas",63,2,3
0DTMbt1OZQMK9fv5,said terme of eight yeares to fall cutt downe and,49,0,3
LduUDhK7VfWP7HOK,up as aforesd & the sd three cases of ye said English Speritts,62,2,2
VAD5q7U25gBBimRK,and every of their appurtenances unto ye said Wm,48,0,2
9eddjquHX2THRWBr,Articles of agreement indented made and agreed,46,0,3
tM5D6cpTucAFuDGN,Island M^r Joseph Cock Comander of the Kelch Susan and Mary of,62,2,2
6kksOgFvzeyGc5Mv,sd W^m Greenaway be it one thousand pounds of,45,0,4
UL4uKVDSEkTSgyJH,4 Steeres ~ Paid Carpenters -7500 Tobaccoe pd Lawyers 3200 Tobacco,66,3,0
9l5hSlqsDQ7eOD7r,and in my name and stead of all or any such persons or person within the Island,79,4,4
nSVUT4xQGwlpOIz7,either in his owne name or in the name of me the said John Johnstown,68,3,4
rMNmYemAFwO4Fk31,"and timber trees woods and und.^r woods, with all other the -",61,2,4
T74IZPeQ36gvNsJ7,soe much goods as soe many negroes as the sd Farmer should put,62,2,1
GN5yRY49nn0EA5Vf,The condicon of the above written obligacon is such that if the ~,65,2,4
SKkYSrPZ4uSb7ue3,Lawfully Claimeing or Shall or may heareafter,45,0,3
9CvovHkThbE7kJHR,person or persons whatsoever justlye clameinge or prtendinge any,64,2,3
1S9BAdOg3Xr1UUr5,personally appeared in the Secretarys office of this Island of Barbados,71,3,2
ihad1Xoim0zxRO8P,^word seaven in the second line interlined was interlined before the Levry and Seizin,85,4,4
ebtj2FXVLEqNmwr1,parte whereof ye New house now stands with all,46,0,4
zaba5estdPQSD7zj,Coming with his said Ketch to this Island to the time of this,61,2,0
xgILw0jaiHsxXFAv,the said fower acres & halfe of land & every pt & pcell thereof w^th all the ~,78,4,1
9fUvdTrpraXfalzP,"Memorandums or Direction to Regulate himselfe by, he hath",57,1,1
2S5gUysMmTj3H4KY,inlaw and to produce witnesses and proofes to ptest oppose desyre and heave,75,4,4
LwYAWfEBQ6xvJMkj,Then this Bill of Sale to bee holde and of none Effectt; or elf,63,2,1
BEmuQt3NatCL0WI8,hold and possess the said prebargained premises and every of them -,67,3,2
LeHp1iS2EbcdrzAB,"or any pte or pcell thereof except before excepted, onely or any",64,2,3
hKfKA9LKmnxpRcnO,Baldwin Senior of ye Island of Barbados Gents:,46,0,2
NB4HmJSixjx3sncN,Be it Remembred that upon y:^e 21 May 1694 -,44,0,1
HuHf4M1n9k8O1rTj,Samuell Richardson his said heires and assignes pay and discharge to the,72,3,0
fcyUXAVcVQYdl3y5,"is Limitted , Expressed , and declared and to none other use intent",67,3,1
89P7zcSPms2WZGNF,"had made, Comitted or Done by us or either of",45,0,2
yvdq90qlCeF7mNzl,Suffer no quietly to receive that moyety of the Customs due to the Lord Francis,79,4,1
H7apSyvEOSFqUs0M,their & every of yr: heires Ex^rs & Adm^rs & ye & every of yr: lands,68,3,3
J5KfNh4GYWEscu03,and every part and percell thereof to the said Capt:,52,1,4
CKB6GJz8mOQfk59Y,his Executo^rs: administrato^rs: or assignes from the day of the date of these,78,4,0
sT9Md8X0lOFCam2Q,executors or assignes shall furnish the said Sev^t Terrill w^th s lustie sound and,82,4,3
RnBNbzS6guTYSwcQ,further binde himselfe his heyres Adm:^es and Assignes in the sum,65,2,0
yuGDloAptWehcqI2,before the expiration of the demise that then the said John Leslye,66,3,1
DZmrW3qZ3vHPbQeN,Sandiford one of the wittnesses to the about written Deede & made,65,2,2
q6zjgF4yqQm7sM3m,given by the said Francis Hickman to M^r.,41,0,4
mRU6i096dnfQaBzz,the day abovesaid repaire abord the said shipp,46,0,4
wh4zzfKbF4zqtr5M,to giue grant bargaine and Sell the Same vnto the ~~,52,1,1
KKcKYEcduf8tawWs,account of the said Sanford Griffith and Coupie on or about ye twenty nine,74,4,1
WYYOoWYNXmpGmUmH,Said Henry Mosely doe hereby Confesse & Acknow,46,0,0
i3TzlY3xODTOa3Oe,10th of Jul: To all Christian People to whome this prnt wrighting shall come ~,78,4,4
M2tYuBGVbtrDmgqP,other attorneys with like or limited power promisinge to hould for firme,72,3,2
Rz2FDwjEXaChj4CK,"other the ~Barbados~ Lands of the Thomas Grigson, with one Cra",62,2,2
XjXPcxrzrDPZ6vt1,that Hugh Bankroft of this Island plant^r for a valluable consideracon,70,3,2
syVe0NKvUpKrA4YF,said plantacon as is sett in a schedule hereunto annexed for ye,63,2,3
zWgUa9oCUAnWkLsa,"and Deed, Given and or my hand the 14th of October 1684",55,1,0
OgKEf6IPNVRaheld,"given granted , bargained , and ,Sold and doe by these",54,1,1
gSXt2RMZhYKYcwIB,3^0 die 7 Bis Dorcas Homested in the Island of of Trinidado do make this my last will & Testament,97,4,0
2JudIfOqm6l1lTKG,assignes from ye day of ye date hereof for ever,47,0,4
7RjZGxVckf448wuU,said Thomas Clarke and John Weale theire heires Executors,57,1,0
IMJvEoKbI5o17RTv,Entred ye of forty thousand pounds of Muscovado suger unto mee my,65,2,1
uxKzFbF0hBWN1qqJ,appeared before mee and made oath on the Holy Evangelists that hee,66,3,2
Xhf29bJraRpNbVKl,where with he acknowledgeth himselfe fully satisfied,52,1,2
JscFzFGLUN7R503F,"this obliga""con is such that if the above bargained Robert Yeamans his heires",77,4,3
s28IDBKUKXHqk9yD,ever without the lett molestacon trouble or deniall of me the said Thomas,73,3,4
nzB2pspNZkvkMuLy,long after as they shall think fitting & convenient in manner & forme,69,3,1
NWyuJVscjSKpDAqu,in the Consideracon of the two thirds received of the,53,1,4
FEz35iQHIZ9nA7pB,Robert Downeman & William Sheppard of the Island of Barbados,60,2,0
bOI6uZuHCjnvFGsW,"Ann Johnston by the grace of God of England, Scotland, ffrance",62,2,2
zQSrZsP0fXhgQTNF,land unto Edward Lake Eldest sonne of the sd Mr Lake & there was,64,2,1
woAgiCzLGCzlX3kY,Legard her heires Executors Administrators or Assignes to w^ch,62,2,3
WL4KziGK98paXPlJ,people that upon the eightienth day of Septem,45,0,1
sZQ7QjtkQ4xnAMbL,Island Planter his heires executors and administrators the just,63,2,2
toObHFUJa1SnCHl7,Appearer in Chooseing Arbitratrs to adjust the differences,58,1,0
S6yTsKDfNACRbAR4,John Woodmansey of New England Merchant signe and deliver the,61,2,1
jmVKhLTfIqzv7x3d,"for Ever, without, lett, hindrance, Molestation o",49,0,2
3xcJOXyKiQ1iD283,"presents is thereof Lawfully, Surely, and Solely and",52,1,1
aEtfO1mvKORAAvpp,Paying therefore yearly and Every yeare Dureing the Last,56,1,4
wzfJXuFNdztSDF2P,paid unto Adam Morgan of the same Island Gent his heires exers or assignes,74,4,4
woV3tAY4vxqLsD2h,of the Island aforesaid gentleman sendeth greeting in Our Lord God Everlasting Knowe,84,4,2
OHnq7mr0KnApuBHd,"the S:^d Martha Westwood, doth hereby respectively, -",53,1,0
7D0RFhoTnm830Yrs,"rentes as is or shall hereafter come due to the church, and the Right Hon^ble",77,4,2
dGNYoOwfTS34omVW,meaning of these presents and the sayd parlys to the,52,1,0
6I0TMTkE9dURrDlm,or more friends indifferently thosen between the aforesaid ~Richard ~ ^John Bayley,82,4,4
XUA0j3jLtKmJfCpu,myne heires Exec^rs & ad^rs doe by theis prsents coveniet: pmise & grt.,71,3,0
o5CqFzDTDx4nDiA9,of ye planatation of ward Duffe & abuteing on ye mile & quarter house,69,3,1
GhoijlwDxbqeikAz,and Ann my wife sendeth greeing in our Lord,43,0,4
k0DWB7p2ol2J4n43,belonging unto any pson or psons within this Island that have not,65,2,3
BTbk77u5yXroUqQE,all w^tsoever my said attorney shall doe inthe premisses by vertue of these,75,4,4
KifBtcdzKVUWH70X,or else to stand remaine & be in full power force strength the &,64,2,3
utGWhpJzyXyTEwt1,and sell unto Henry Hilton W^m Pacey and John Slotter their heires exers,72,3,3
MpDLqM2NKu23k7lu,of fourteene thousand pounds of good & mchantable well,54,1,4
wJxLo0wGdSn8QV7O,"Def^t,, Def^t,, & the p^tt,, to pay charges",43,0,3
WHjio81dPB54siVe,at any time heretofore made had comitted or done or suffered,60,2,0
9Vg8WnOnqQfkplJe,Island planter the full and just quantity of one thousand two hundred and thirty pounds of the,94,4,0
SqmwXVUhg5diyNnK,"Know yee that wee the said adam payne, and my wife for divers good causes",73,3,2
0pTrAB9K1tq6FYnS,my hand and seale the 27^th November Ano: Domi 1641,51,1,2
xwp4hCvuZaqz1gBh,"Doth give, grant, bargaine, Sell, aliene, Enffeof",49,0,0
yFRbgVWfzCGhhZB7,This eight day of august (1684) George menconed in the deed on the other side -,79,4,0
xAB86eNAZzUDRyYa,"and assignes by these presents, That hee the Said Thomas:",57,1,4
TtFzl8vV3RmMxcXg,To all Christian People to whom this present wrighting,54,1,3
OfLougfEQ57tw1wu,Know all men by theis pnts yt I George Bearnes of ye Island,59,2,4
F3keWFupvrdGoJPy,and assignes or any one of them or either of them assignes to reenter upon the said,83,4,3
Ym52Rv7MP6B1iCHp,after Expressed Have Demised granted and to far,47,0,0
hhyzgi6lchNUcCiU,Barbados- 16th December 1644 - Knowe all men by these prsents that I,68,3,1
RG5s0f4GlIO78Aur,and Adm: Strato^rs: dureinge the terme aforsaide,48,0,1
WQDQfvJci37NaVKb,and ye sd Geo Soley his heires executors adm^rs & assignes that he the,70,3,3
Yq54XCcVRGgagrHS,into his Possesion the sd horses together w^th the Body of y^e sd,65,2,3
uJExju1UyJbOBPuz,M^r Joseph Belgrave on the windward and leeward downing on the leeward,70,3,4
uqN7JeJrr9aM3pI8,the same to bee recovered against them or any,45,0,0
SGCXZg4aa9O0AAIM,to whom they gave chose heires supposed to be a portages from,61,2,4
Pn4INYNPCSw4ZYPz,of London merchant and Henery Williamson .citttizen and Draper of London send,77,4,3
5L3bEhqeyOYoRSoZ,also three sowes one bore with other necessaryes To have and to hold unto the said,82,4,2
G2uCGWo7RFvAQZJe,man named Antonio w^ch is betwixt W^m Jones & the said,54,1,1
tcozMdant8nXiWqs,-firmed and by theis psents doth freely cleer;y and absolutely give grant bargaine and sell,91,4,0
icFv4Q6icqzY5L6d,"his heyres and assignes, That I the said Thomas: Reade",54,1,3
niiVoLq5ygigkTJL,as aforesd either by himselfe or some other able pson or psons,62,2,4
MrDIddE0O11KlVrW,"Giue , grant , Release , and Confirme, unto y^e Saide Richard",61,2,2
6O6a1V20YYH5oVmx,Directly and peaceably to enjoye the same without the lett suite trouble,72,3,3
ICzejSWKCAFyjh8O,by the said recited deed or writeing whereunto,46,0,0
Ev7vcuBkqs10IfIV,Deputy Secretary haveing heard did protest,42,0,3
sr3yFfVECVy7kLZz,Pembrooke and my heires shall and will unto the said Coll. Thomas,65,2,2
xLZXpQJXY7LBCzRp,whatsoever that now can or hereafter claime or that shall,57,1,1
sMnHngJrTM84Z3Qe,enemye onelye excepted) And for the true pformance of all and singuler the,74,4,0
UpNwJuTRuJuklLQt,unto my said attorney my full and whole power and authority deale,65,2,4
HuVNG1r8qr4cJJQK,This Indenture witnesseth that I Edward Harrison,48,0,0
A2cUe9f6WNWGFW9u,hundred acres of land fallen & unfalllen be it more or lesse & alsoe,68,3,0
GP88oBquqOJCxWNC,in the Island of Barbados Gent. of the one part,47,0,2
HggUoIymmHQpKO8l,administrs or assignes for ever free and cleere and freely & cleerly accquitted &,81,4,1
9OjtR469Y3UPx98a,sd John Dyer for good & valuable consideracons me hereunto moveing also for & in -,82,4,2
FDsTfQViFsyMlYeg,said Alec Hur dis in the some of two thousand pounds ster : for the,67,3,3
sWbo2UvvpnId66Qp,unto the seaside & for better securitye I doe bind myself my heires exec^rs,75,4,0
6l9h1ovTqYyNTSkj,"Sealed and dd in the prsence of, John Wilkes -",46,0,3
iPWmH2tQy1KNdWRR,these pties in maner either the other w^ch together the,55,1,0
AtYZFxDSYcvf1W8j,This Indenture made the seaven and twentieth day of January A^o Dom 1640 Betweene,81,4,3
Ypp3CcdYrULfU3QF,in pish of Michaell buying and adjoyning,40,0,3
I7fDan256kRgfMka,as under his hand may and shall appeare To have and to hould all and,68,3,0
m451q8QlFktCZDgh,of May In the Six and twentyeth yeare of the reigne,51,1,2
5HguAFu2sh0nYvrO,"accons, Suite, or Suites, Debts, Judgets , Quare",48,0,1
c6UBKLZPmMMqvec8,tree upon y^e same Standinge lyeinge groweinge or beinge,56,1,1
NOTlft16xFsTsujd,Capt: James Drax south west upon John Downells north,52,1,4
pU1TO7gDyVvpMEcu,together with all penaltyes forfitures Cost charges damages sum & sume,70,3,0
suaYMkQOGZz4au9k,said John Broadhead & Thomas Smith doe bind us our heires Exec^rs,65,2,4
GBJ0CywolBMaKF2U,thereunto belonginge or in anie wyse apperteyneinge unto the said Nicholas Dyes,79,4,2
HPvWOlCY08BG2lbK,To all xpian People to whome this p^rsent wr,44,0,0
lZWmq53ACO6Ng3Ok,boare that is thereon the said plantacon being in the whole tenne acres and,75,4,1
gEiPmQy7GxcqUVYQ,Expressed To y^e use Intent and purpose first unto my,53,1,3
marjZ0np0oSHHOWp,"Swine, (for divers good causes and Consideracons mee there",58,1,2
GgFMoSscz2vQkSEZ,ejecon disturbance trouble or deniall of us ye aforesd John Broadhead,69,3,1
or6st8qiMM8czErQ,madeor or committed by us the above named Henry Weston and Edward,65,2,3
spdp09SWkxcVWkFq,Island to mee in hand by Samuell fford and James Cole of the Island,67,3,4
RgWKQPGfBVlx8sMM,appeared before mee this 20th of October 1674 and,49,0,0
lBYF2immMMaRZF2z,ministrators doe covenant promise grant and agree,49,0,0
vevgJRysqU2Q96M3,after his arrivall in London or his assignes the the prsent obligacon to be void & of none,90,4,1
x9hcmQJIaiFnaqjF,or persons whatsoever that shall lay or pretend to lay any clayme,65,2,4
MZC9yfhWyyiXUIzB,hereof as wittness my hand and seale this seaventh,50,0,0
gK3m6hYNjlUK8rfX,thereupon He the sd Robt Bridges his heires adm^rs. or ass To have &,68,3,0
PjXTk9GHUMPH7XvC,Intestinonium premissorum ego vots prenominatus pris Intrumentum signo meo,74,4,2
lR7Lj8nHox79kjnD,haveing heard did protest even as by these p^rsent,50,0,0
PyFjlhbZ0qu37TXr,to his owne pper use and behoofe all and every the servants wares,65,2,0
Vs0ckUinRP7TW9sQ,them into the round house of the said with armed guards our,59,2,3
JY5Qoovx8wzpGxLJ,This Plott Represents the for ye of part of I Ground,52,1,4
yaTnnrWTZYeKgZ3I,Capt Phillip Bell his heires exers admistrs and assignes and to and with every of them,86,4,2
n6FAWJhxeWgGXXuA,and I the sd Tho Ware doe and will hereby rectify & comfirme the said eight,75,4,0
v8eBVF8dtvcTvUN0,warrantlye that hee and his assignes shall and will peaceab,59,2,4
C3zJah0kAMBkv9c2,acceteyne bargaine and sale thereof for one whole yeare to him made,67,3,4
Fbs5fvY9uFI8OgpO,as Well for him Selfe and Company as allsoe in the behalfe,58,1,4
uF4YSfZPWrtz8Q9M,wth the appurtenances & evy pte & pcell thereof to them the,59,2,3
lU7fYkVs4saVSlLm,"Sign Tho Gamber, Rich: Jones, mrk: X Hen Collingwood",52,1,2
gzmjFOb9mPrKhqg3,for and as his voluntary act and Deed Hen: s,44,0,2
uXYxL1xIkFDVdSAL,Lands of the Said Moore Deceased : Together with,48,0,1
6bPvYAA2TKY8oFvt,as well of ye said Saigt Major Wm Hilliard as himselfe And,58,1,4
27HMZThz0UJ3pgEg,Foure yeares until notice shall be given him by the said Tho:,61,2,4
UW3knVk6bn3B8yHB,ecutors adminis trators and Assignes for ever ye said,53,1,3
GBuYg6OqB1AZdYYg,This day being the 3^d. of August. 167,38,0,1
XMFgTIY72Kkq9gMu,well and truly paid whereof I ye sd Charles Ambler do hereby acknowledge ye,75,4,4
bfU4V6lm5iKV7OBe,with ye sd Tho : Wager his heires Exec^rs Adm^rs & assigne & evy,64,2,0
ybHdxwIi0RiAjWm7,"him there unto moveing, but more Especially, for and in-",56,1,3
uG4NCGRkTtiVx2Ax,"Lawfully claiming or pretending, any right title or",51,1,1
gzpmWl4xo2Y84pTB,"as aforesaid peaceably and quietly, without an",46,0,3
zqaHoco80CpzaBd9,To all Xpian people to whome theis prsents shall come Henry Weston an,69,3,4
k1X72nCGxSWCDgR4,without the Lett suite trouble eviction molest,46,0,4
dvKdrhhDQ1KO2REC,"and all others therein Concerned for all Costs, Damages",55,1,1
yMWM7gusTJl08Ead,"charged and Exenorated, from all Maner of former gifts grants,",62,2,2
zWyNM0OW9CG4qkc7,Especially for and in Consideracon that Thomas Williams of the Said parrish,75,4,4
iAVVihsqum6EgvPc,"presents, I doe Solemnly protest against the",44,0,0
YiHQMLogzaI2Duj0,one thousand six hundred sixty and seaven and in the twentieth year of this,75,4,3
2qdcNpQUUHa33I7U,"the yeares rent which hee the said Lewis is then to pay, and the said John Lewis",80,4,4
j5pSJnzITPaBdYf3,tors and Assignes all that his plantation or plantations,56,1,1
cQKL6J1nK2FzODpH,ye third part of ye moyetie of a plantacon wch I lately,55,1,3
CkVloXN4ZVhEWyeN,And Interest of in or to the premisses or any,45,0,3
o7KX7MePvy6TVVUy,fullfill and accomplish all and every lawfull act and acts thing and things,75,4,1
8lGd2LO84KMYDbiq,"Richard Barrett in this said Capacity, or the said Richard Aley his Ex.^rs. adm.rs or assig",91,4,1
R6Fry5gVhVpU1KMW,tions us hereunto moveing have given granted bargained,54,1,2
FHXdHOGWUA6TTWBW,of lawfull money of England if the same be lawfully,51,1,1
sX9K8N4FRDKfTEJO,England Scotland ffrance and Ireland King Defender of the faith.,64,2,4
dyV6PZfMsMKXLhm6,doe Assigne and sett over unto Francis Wood of the,50,0,0
jXIRLu3aNdTWwLhX,pcell thereof I the abovenamed Thomas Whitehead of the aforesaid Island,71,3,3
A7BZNIbYOlXDBR4t,"and Singular the houses, Ediffices, buildings, And all othe",59,2,4
uzxpvkZrPpEXDWU8,"y.^e prebargained premises, and also ^all Estate right Tytle Interest, Use",74,4,3
pk57nExaGWnNFphD,Rich:^d Drury his Execut:rs Administ:^rs or Assignes all,56,1,2
NIVZ19ou1tg6UfOz,there with fully satisfied and contented and there of and of every part,71,3,2
C2rgepkuUE8ULE88,& priviledges belonging unto the same or any pte thereof & the sd Jon :,71,3,1
kKpK12yR5IvyWViY,other pson or psons clayninge any right title or interest to ye same or any pte thereof,87,4,3
h1oa0yGP99A3lqcY,Damages and preducies which hath shall or may accrew or arise,61,2,2
FDwWTjwT3PDjoe0y,ample maner as the said Elinor Northy doth now hould,52,1,0
eJDgcNQzOHuBtivW,& lawful authority to demise lease and to forme let the afore,61,2,3
MCanhcJdHnqJUaNI,made among themselves as aforemenconed and are troublesome,58,1,4
p43kr4OIsQ6eSUU5,at and before the ensealing & delivery hereof by the said William Sisten the,76,4,2
xAcjpX3hdUBtXcCX,Michaells within the Island aforesaid ( Executors to the Last Will,66,3,1
pcV8GSjK9kOqOJiG,lawfully claymeing or prtending any right title to any,54,1,2
xXrBXDDjcweCgbDn,administrators shall well and truly pay or cause to be paid unto,64,2,0
jXENNwW0up5VdlrP,or some other shipe or shipes w^th shall come from the Barbados to,66,3,2
nM9nz3Q6iEygDA60,Sealed signed and delivered in presence of,42,0,3
7C2xfIU1mdryRMMc,28^th Martii To all Xpian people to whome theis prsents shall come greetinge Wee Morgan,87,4,4
8kVoRTYvFhuU1ZxJ,accompts bound for this Island and in her voyage being in the latitude,70,3,0
z6PLTV0idHlI4oZi,that wee George Blacklock and Robert Taylor of the Island of Barbados,69,3,1
r1dHVHXv3h85PPBo,Sixth day of July In the yeare One thousand,43,0,0
Jz4fqVSNJsjxc2DN,"things , devises assureunces and convegences in the law bee it by fine comon",76,4,1
36AzkhiIAEVey953,cotton for the w^ch somme I the aforesaid Capt Alleyn doth confesse my selfe,76,4,3
HuvFXfZYDtMQcZxH,executors administrators and Assignes shall peaceably,53,1,0
jyTYOjVyuxgfa8tC,his heires exers or assignes To have and to hould forever without lett or hinderance or,87,4,2
tFI91ZC9bcvdvYUc,and admistrs Together with ye storehouse where I now live to pay or cause to be,79,4,4
oFBwvqCzeCiCwE8o,"Mary, her heires & Assignes, ags:^t all & Every person & persons Shall & Will Warrant & for",91,4,1
ZVVPaZ7nTQKMwiXS,Cotton wool to maintayne and make good to the abovemenconed prmisses,68,3,1
gEkVz95jGXap8nS4,"Every and either of them, Have given granted bargained Sold aliened",67,3,1
W8tTDPj2Gg6io6xy,my heirs exers or assignes in case I the said Thomas Madox or anne of them,74,4,1
wWv8kWjsUWkScxMY,which s:^d plantation is bounded upon the Lands,47,0,3
zHBNAMcc7fMk4nmf,thousand nine hundred thirty & one pounds of Muscovado,54,1,1
KDplmTJgwsvviD98,a said Michaell Hall for my himself his heir,44,0,3
au6o6wuP8GHi2n6q,doe : fully and absolutely grante bargaine Sell Enffeofe and,60,2,2
Ru61iksVggsYjbzA,Ass: for ever free & cleer of & from all maner of Incubrances,61,2,3
MaZREv0u3fv1rSvi,peacably to have hold & enjoy all & singular ye prmisses above,62,2,0
eHXjJq4nNKXCtHYy,and Successors on twenty Nineth day of September yea,52,1,2
3sGK90HG66bXoUgx,in the penall some of six thousand pounds of good cleare cotton woole,69,3,1
1YHqj2lEn3zV1iDU,Richard Noke deputy Secretary of the said Island and sole Notary,64,2,4
IuScGN56J64MF0Fq,for and in consideration of the sume of one hundred pounds,58,1,2
snMtxO2mPr5MFnid,Lord God everlasting Know yee that I the said Lucie,51,1,0
33o5fNcUPwCDiarW,and north upon the plantacon of M^r Jon Johnson and east upon the,65,2,3
GEitygznamZYXspH,& Elizabeth Haynes of ye sd Island widdowe wch we ye sd,55,1,4
cSKdrih2DDAkWvo4,Capt Thomas Searle his heires and assignes to save and keepe harmlesse the said,79,4,4
Aoii3sHP85gvuq83,any other pson or pson wtoever w^ch shall or may lawfully clayme any,68,3,2
frwEdBu7SI5SBXGB,and take the wants issues and profitts thereof,46,0,1
3YWtT2uTcrAfF4px,therein or in any pte or pcell thereof w^th th'appertenances by from or under me,80,4,0
jL5kxXQ8QIQl34kH,mchantable tobaccoe to pforme the pmisses above Specified,57,1,3
XJgJexw5nQLlxSGI,bargaine sell alienate enfeoffe and Confirmd ; unto the,55,1,0
L7eton0ziLMKq4yO,Entred this lasting Know yea that I the sayd Henry Fee for divers,65,2,3
cAiIWPKQlkmHqnx2,"my Meanes, Actt, Consent, or prcurement Dis",43,0,3
gN8qJ5Nzi68K80XI,the said Solomon Deleon the drawer of the said Bill of Exchange,63,2,4
blV7vY7AZQ3VZprk,& made oath upon the Holy Evangelists that they,47,0,0
Pf0K2YKuhDew13k9,heires executrs admistrs and assignes for and in respect of any dues,68,3,3
8B5kpbZ9mMTeeXgr,same Island Gent: the whole and just summe of twelve hundred weight of,70,3,2
kjguwKWzp6RCsnKR,my heires executors and administrators for ever and,51,1,3
g6gHjpmNHq0wrYzf,Imprimis it is concluded and agreed by and betweene the parties abovesaid that the said,87,4,2
4nV8tOw4dkMuGzCW,bargained premisses . In witness whereof I the said Francis,59,2,3
2zLG0JZJsSYnNmWX,Articles of agreement indented concluded covenanted and made the,64,2,0
iEnCexRHzLJHXz3q,pounds of neet cleare cotton woole to be payed at two severall payments as by,77,4,3
tDuwGdmcNOag7zH7,bargaine and sell unto the said William Gibbs his heires and,60,2,3
l0EQAaTZFsQRhtBq,assigne Set over and to farm Letten and by these presents doth,62,2,2
RkqQpvdPL1FKgT7o,and Lands doth Lye( Being all first Severally Sworen,52,1,4
XysIsriRDpLJouUW,the said John Hutton his heires Ex^rs. and adm^.rs and every of them by these,77,4,3
JEC02trNKktyHCQf,To ye Marshall of ye Count or his lawful deputy,47,0,3
cJTod8TqqbR222wI,planters all that the plantacon where the said Comme Nelane and Patricke,72,3,4
y4uO6CZklta5lQKO,bargaine and sell unto the said Thomas Applewhaites pasturage and feedinge,74,4,4
mTy0VKTmfc442vCf,these present Indenture Interchangeably have,44,0,4
UMRld2RXExpS7y4S,Sett my hand and seale this five and twentieth ^day of January 1641,67,3,0
nUeUuYElF05SSK06,accordinge to the tenor of two bills obligatory bearinge date together with these,81,4,2
jupdOYr3i2G9L4Fn,To all xpain people to whome these psents shall come I Levet Richard Fawcett,76,4,1
N26CjmzZhd1IdK4j,granted bargained and sold and doe by theis presents for me my,62,2,2
KV7WbJTGDxYrGaj3,interest of one by name given to serve for the full time,56,1,1
glE5NMc4YIGWhfEQ,Ye 18^th 1663 Abigail my wife both of the Island abovesd: for divers good causes,80,4,3
tXVhMBUinsQlhNjT,the East Indian Walke before Luinsett according to dues condicons,65,2,2
gOw35akAEvvP5gl6,part of the said shippe ye Johns Adventure and of her tacke apparell and,72,3,4
m2vJ0ZU473onTHCG,ly and Clearely acquitted and Exonorated or otherwis,52,1,3
MkcRThMSNfI1U0SO,five thousand six hundred pounds of sound merchantable tobaccoe,63,2,2
UpkDyr7OSJoRu1XX,A Schedule of all the houseings premises and utensils what-,59,2,2
XYpz5ZAUieKxmA9I,Price of the same Island gent I the said Wallis doe hereby for me,65,2,4
qpbdzpSeKg3c0B2K,Authority to grant bargaine and give the above given,52,1,1
JnzsFi3ktxuXG6Vg,divers other good & valluable Consideracons Hath given granted,62,2,3
Q7pgXKzl396CvzSt,at rhe End of euery Six moneths from and after the ^said ffirst,63,2,1
gO6QA6eQGbLZG0Wb,This day Appeared before me George Murray And made,50,0,2
yMH37QycMgL1YP9g,March in the year our Lord God one thousand six hundred sixty and eight,71,3,0
bO9QgncZi5axXAKI,the said Mary for herself her heirs Executors and administrators covenant,73,3,4
0Bdi1BTACzPv0kD3,of one hundred and thirty thousand pounds of good dry well cured,64,2,2
ZIgj7KPYIHPy2PYW,Concerned for all wrongs injuries preducies losses Damages and,62,2,0
w9A4Qhj5SKNBvbJZ,confirme Unto Griffen Rice aforesd all yt my plantacon wch I Cattlye,68,3,1
moorrnE6QA1EQZn9,acres et halfe of an acre and seaven pole scituate lieing and,61,2,3
4Y7jxETx0tbP95Mc,had made or commytted or by any person or persons whatsoever lawfully clayme-,77,4,4
LDUIMQ5Q2O1e0itH,the draw of the said bill as alsoe against David Browning on whom,65,2,1
vXrj3Zoragyoy8gY,shall be in the year of our Lord one thousand sixteen hundred forty and six,75,4,1
Lvc0CU5A6R7xXXuD,of him the said Edw^d Laming his heires or Assignes and without any manner,74,4,4
R8XpdYjnNL7oqryb,Ball the lands late of Cap^t William Thomas Edward Aldin,56,1,2
A9wZxXfRRUbivazB,Gent all that my parcell of land being twenty acres,51,1,4
Z2eMYy9p0cqvTOmc,said Island Captain Patson Antonio Secruto Condon Frances owner and,67,3,3
AbaV1IM6jgVLYzm1,July 1647 from Willm Powrey Esqr ye some of Three thousand foure hundred,72,3,3
RSvcsROd2spn6nnW,Jeffe for and in consideracon of one thousand pounds of good merchant,69,3,4
9QqpCXY8tJQW63PU,Eithers a marriage intended and by Gods Permissions in Shorline,63,2,3
j7uMdX7ON1QtFYKJ,houses edifices buildings thereupon together with the moyetie or one halfe of three,83,4,0
NqRJ4Da8BPR8Pd28,To all Xpian people to whome theise prsents shall come John Shakerley of the,76,4,0
Vi6GSbdZStQeDE5T,of one Hundred pounds currant money of this Island to be in hand payd by,72,3,4
My0ALCzdVlimyrtK,"Acknowledge, Have given, granted, bargained, Sold",49,0,0
RrIYgsc0KIZSqfUd,May the first 1663 personally appeared before mee M^r William,61,2,0
vjdAtRf7N6UZgbAg,the said John Shirlock and William Sharp have hereunto set,58,1,1
hkpHTX1PWi2MRAY8,and delivery hereof Have given granted bargained sould infeoffe and confirmed,77,4,2
jyJM5oor5TGQ72BQ,did it he was Executor In wrong and actionable as a tresspasor,62,2,3
JTsliLXyZ3W21Avg,"for that they nor either of them, nor any -",43,0,2
KbQrml0koVcUlm0n,sold assigned sett over and confirme and by theise prsents doe demise,69,3,0
280Jo59JRJO9lTf9,is scituate lyeing and being in the parish called S^t James in the,66,3,4
S3NkJ5R1Zo3n66O0,John Hapcott Nathaniell Silvester Ste: Wiseman),47,0,1
ijmRFhIwLje3iy0O,by the Vestrey & Churchwardens of this parish upon ye said y,60,2,3
KcVzW7uqdk4wNUN0,the great damage and Loss of the said appearer and the owners of,64,2,0
qduxCj27tFWDkfYo,buildings woods Vnderwoods watters royaltie,43,0,1
yXPPcN2dGvCvoXVD,Sell Aliene release and Confirme unto the Said John,51,1,2
bVoSB9e6pmkvteOO,or admistrs to sue implead and prosecute in any Court in ye Island in prison,76,4,2
iDXxVd22E1AZ3NEW,Modyford or one of them Scituate and being in,45,0,1
nNMe9jKOFgZajX3t,attorney for me and in my name and to my use to aske sue for leavy recover,74,4,4
Msau6OaqEiWAbNE3,upon the said Judgment in that behalfe provided In Wittness,59,2,0
XcwLLZrZsSDO4XzL,and made Oath on the holy Evangelists of Allmighty God tha,58,1,3
lgsriTCUaofjaFnv,of cotton or thereaboutes unto Leiveten^t Maycock had made or commytted by us the,81,4,1
YdT9WKs00ed4fblO,Sugar Witness my hand & Seale May the 15^th 1667.,49,0,2
Ni8dhjp9FzmeEDtL,Cicell west of Thomas Blaxer north and south of Richard Robinson,64,2,1
ALHUjp89XlcCkOt0,hereby Covenanted granted declared Concluded and agreed,55,1,1
nJRIommgPuYQ84Ug,and quietly have hold use occupy enjoy and reape the proffits,61,2,4
zYRwiTpMeJUJAQDz,"hereof, the receipt whereof and of every part and parcell thereof wee doe",73,3,3
KXUojTUXXUH5Lrce,more fine or fines Sue cognuSance de droit come,47,0,0
pLFKlwwY4hgyspz9,peaceably and quietly have hold use occupie possess and enjoy all,65,2,4
qSiKl0PLh9QpiTco,of January in the year of our Lord God One thousand six hundred sixty,69,3,3
URuJIbnKRvZ64Ywe,xxx James Perkins of the Island xx trees w^th all pfitts & comodities beniefitts,80,4,4
UjSSQbyL5QHcqkds,Nicholas Butler doe binde myselfe my heires exers and admistrs in the penal Summe,81,4,2
nSBwPZRYsnvS9GJ1,exers admrs and ~assignes~ every of them that it shall and may belawfull,72,3,2
fLLq60ebem5PCZif,the afore resitted prmisses and every pte and pcell thereof to the said Edwd Breviter,85,4,1
4TYcHgCD04c4pHIz,To have and to hould the foremenconed prmissess and every part and pcell thereof,80,4,0
kXXIcMZFakaMW1DL,Hereditaments with thappurtenances before in,44,0,2
BInQlEimJy17x1Aj,their heires exrs admrs & assignes for evr & I the sd Tho Clarke do for my self,79,4,3
6SWprz9vsCZiiAMS,to have any right title or (interest) pperty unto me or any pte or pcell thereof In,83,4,4
7S9DADWQidhMXVRf,whereof I have hereunto sett my hand and seale this fifteenth day of,68,3,1
Gg5opb7EorvpO51R,executors adm^rs or assignes or any claymeing any right,55,1,1
asUt1LLQF3jCIEwv,unto Christopher Southwell his lawfull attorney exers admistrs or assignes of this Island gent,94,4,1
qYhMWpQKAayfbqD7,purporting a letter Attorney or procuration by him made,55,1,1
A6kS9NSmmP9Drhw7,for as much as I am none arrived and attained to the,52,1,2
Tbs70EM6qfiZ6Pp5,hands and seales this eleaventh day of December 1640,52,1,0
x6JKQw64SWnIhuE1,his and theire owne proper Estate and Estates,45,0,4
DD4bSMia6ChfZw1k,my heires Exectors Adm^rs or assigns or any pson or psons whatsovr,66,3,1
7flfT8faBYRondTf,and freely and cleerly belonginge to the said John Burrowes his heires,70,3,1
JNm74xWqztzn0LIS,By this public act and Instrment of protest be it known,55,1,1
50yTdPoz2Cnnyerl,upon Edward: Littleton Esq:^r and Samuel Peters and,51,1,2
WyrZsvhkOu7yj8kj,of Land and Sixteene pearches unto the Said Mathew: Chap,56,1,2
tNUzHGfrrLNcGdn9,and especially for the valluable sume of two thousand,53,1,2
l8CbSnyKQlrVRKXj,under their hands & seals bearing date ye 24^th day of mch last past .,70,3,0
ageXSAHAPsUBklxl,whereof wee the aforesaid Thomas watson and Humphry Symons doe binde us and,75,4,4
zN7PENLV9H7CSlwz,"Letter patents or Comission, relacon being thereto",50,0,2
Py1yoqfBOpHWZ6NZ,in the parish of S^t James To have and to hould the said three acres of land with,81,4,3
cu7tGz0IEqcWPmsw,halfe of the plantacon wch I lately purchased of Maximilian Greenere being ley estimicon,88,4,0
f12FNNKmltSlc4ks,other pson or psons wt soever clayming or to clayme any right ~,63,2,2
zBqPlEpI7TBOM2z1,all duties and taxes to this day oweing or belonging,52,1,3
WIRPtCHUrGmZaoqH,In obedience to yo^r Comission of the 29 May Wee,48,0,0
ci0TV5q5lYJBeE1S,his ass & to become frustrate voyd & of none effect 5 Item,58,1,3
35qNjZwqOmtTv0cj,"of eighty pounds stert, and place it to the accompts",52,1,3
6Qx3gbs34PyoyGTg,fowles all other appurtenances to the said plantacon and house thereto belonginge,81,4,4
w41jGxUP98J3NGzG,to him his heires executors administrators or assignes,54,1,3
6TYkTUhfhTCOxfHT,Michaell Davison and either of them their and either of them heires excers admis,80,4,0
fgkXxGbttS4odzuR,acres of Land bee the same more or Less as the same,51,1,1
FHG7GCU4ywBS6NN1,come I John Smith of the aforesd Island Carpenter sendeth,57,1,0
99oICXJ4dVXY58Tu,hand and seale this 28^th day of May Anno Domi 1640,51,1,1
mgMCJ0LNM69dffZr,Knowe all men by theis presents that I Capt James Holdipp of the,64,2,3
4fgZU3mJya7rE1Lr,deceased & unto ye heires of ye said George Read lawfully,57,1,4
XV6n8iWFQH9zzH2B,being had more at Large it doth & may appeare),46,0,4
rArRxucDRj5HpgWa,either of theire heyres Exec:^rs adm:^rs and assignes according,63,2,1
XrinnJgazc6VZGNe,sone of his relich Elizabeth Murrow now my wife,47,0,0
YIR8LOsatnLpXxhz,"and before the Sealeing, and delivery of these p:sents, the receip",66,3,2
WLhHuqJIdyttWi11,In witness whereof wee have hereunto sett our hand and seales this,66,3,3
Eh21dBzhzMdoB23D,Compute the tunnage of the said cotton with other Tunnage,57,1,2
54aEm8ZLLlX1G1Nf,I John Warr of Barbados planter doe assigne and settover all my,63,2,1
mMd6IDI7nQQsWFzD,"to and with the Said John Bayley, and Richard ^Morgan their Executors Adm^rs and as",83,4,4
GziX2H4Kblm41m1d,"The good above menc""oned I doe acknowledge to have received w^ch I prmiss to deliver",84,4,2
d75t4snl0VFahJwe,any other pson or psons wtsoevr lawfully having or clayming by from or under,76,4,1
qFknTJDwbIkXEzHT,or through my meanes assent consent or pcurm^t and also shall & will,68,3,4
qCDqo1rKdjWSQgfQ,Intr 25 die To all Christian people to whome this prsents writing shall come I Willm,84,4,3
6r1Tft4kbgpr1N0Q,Thomas Richardson Gunners Mate of the said,42,0,2
x7SQuAEZraKYldhU,I John Ryder to Signe and Seale & Deliver their Deed of sale,60,2,0
wCJDmEY8Ifv4Ah14,or heare after to be had made Comitted emitted done,51,1,1
F3tXMXZsBStvOrPd,publique in the said Island Gerard Mashart w^ch,47,0,0
3vaz098miVDY18d7,Seale the tenth day of December; 1674: :,40,0,2
0aJY5MmeUQLNjuQ0,Island planter all that moytie or one halfe of the plantacon whereon I now,74,4,3
Cqslcuqd79Ox5f56,Sixty and eight and in the twentieth yeare of his Re,52,1,2
ATZy7w7SYz8j2ire,wth all & singuler houses Edifices & other buildings wth all and,64,2,2
2NVzNO5gbW69W48I,Said two acres of Land from the begining of the world to,56,1,4
hMZZ6CGxXETv2Ixh,protest can as by the present i do publicly and solemnly protest against,72,3,1
pSwSJAZ6VNdQ655e,more att large appeareth sould unto James Parkins And I doe hereby,66,3,2
zv90WTRrFyoZeBMf,"Said John Batt & Charles Collins, have hereunto",47,0,2
Sq9NjdoeEOwNequa,belonging to the plantation pf the Said Robert,46,0,4
VO21eVMkK6yYPNjh,my name & to my owne & sprat: use & behoofe to aske -,53,1,4
BCKdGWE6U6bPhHEk,that wee Henry Darby and Henry Longehaw of the Island of Barbados,65,2,1
Go5yxAEaDOgLOSaw,sume of two hundred pounds of like money as aforesaid & soe successive,70,3,3
bRwiy8MOzm07A7tk,from and against any p^son or p^sons whats,42,0,0
YwshaF7RjDRjH9sN,To all Christian people to whome thiers prsents shall come I Thomas Addis,73,3,0
cy7sbdrCs8HzDMt4,8 Coppers with 1930^lles 10 ladles basons and scumers,53,1,4
zRqAVHYvO7RvVhKb,To all xpian people to whome this present shall,47,0,1
ZiITMkcEXPsROvLw,"Josias Hart, Joseph Grafton John Coppenger",42,0,2
j6AcIyWMUHkkgaw5,Springe whereof fiftye acres more of the said two hundred acres of land,71,3,1
EWp9oeq7xryUVSfx,wch formly did belonge to Capt W^m Castell conteyneing twenty,61,2,1
XNt6oft5KThqk6ew,"Land & Premisses , Every P:^t thereof To himSelfe",49,0,2
RRNWVqQPkdsfzshw,Streete comonly called Canary Streets fi foote and an,53,1,0
rWty69pfjUHRrYiR,shall come Michaell Hall of the parish of,41,0,0
qJ710OOaI4SGTB4S,to bee theire free and voluntary Act and deed the said,54,1,2
njasp9b2NE1CAJJK,theise psents In consideracon whereof the somes of cotton aforemenconed,71,3,1
hw0y0Mwyl1XZSahD,or assignes the full and just summe and quantity of one thousand two hundred,76,4,3
HWLoLuYn7bKAKZcA,and with the said Robert Gibbs his heirs Executors Administrators,65,2,3
umLHe043IINRc1CV,and having said these with his said ship since his annual full,62,2,0
6btTkYqcWUjvvvs6,ratification and confirmation by deed and writeing or,53,1,2
c86xUC5kFxBjZ453,Merchants for divers good Causes and valua,42,0,2
ULr8XgotFvdKH5HL,given granted bargained aliened enfeoffed assigned and sold and sett over,73,3,2
8CcsjqeAUKQGhsj3,the three and thirty yeare of the reigne of our Sovereigne,58,1,4
Xm4tfcIvyUUV4iHI,or psons w^tsoevere that is under their command and the said Capt Edmund Read,77,4,0
d97kwy9Ydcshm5gA,& appurtenances or thereunto belonging to him the said Daniel,61,2,4
705O7VrjXmgilbWN,for evr together with all manner of household stuffs stocks catle servts turkeys,80,4,4
NhigzxYvJ8xWjmMG,heires exers or assignes forever To have and to hould possesse and enjoy all and singular,89,4,4
xjTeM1SRykYznnuw,sould into him the said James Edey the said fourth pte of ye aforesaid,70,3,2
JJH5OKhEHRQPFYNe,sett ov^r unto the s^d Rice Evans and Andrew Williams theire heires,67,3,1
xHKVc0qg7H2OkX3G,This Indenture made the twenty and sixth day of January,55,1,0
UfYEYQNekGyW4PWG,die 9 bris Be it knowne unto all men by theise pr'sents that I Thomas Batson,76,4,3
PQdfn0i4L5WOZaWj,to me by Thomas Pearson of the Island aforesaid planter before the ensealing and,80,4,4
Xmv7RLL129SILBPl,This Indenture Triptite made the forth day of Octob^r in yeare of,65,2,2
hx3bcgefoNgvtH9a,shall come Greeting in our Lord God Everlasting ~,49,0,4
tXu9omYGZMbBip2Y,whereas Thomas Witter of Barbados factor Peeter Batson and Lawrence,67,3,1
sWVYCoIpt9ZYE51m,comodites w^tsoever belonging To have and to hold unto the said Mathews his exers admistrs,90,4,4
qnW8puo8BDxRCREF,and other the Carribee Islands to Windward of Guardeloop To all,63,2,1
oF7ZFBBxMN4wNMck,"Dowers titles of Dower, Judgments, Execucons,",45,0,1
ufWSnNbalLSwceYV,be it knowne & manifest unto all Christian people,49,0,4
YBaHhzYrXg8S4JXa,for a quantity of goods all ready received in hand,50,0,3
cgHXQVtbKWtO5num,in my place putt my well beloved friend in Christ Robert Ared Gent of the Island,80,4,3
x7mCaoVbWrR6Twmf,the right members and appurtenances to the same plantacon or land belonginge,76,4,3
hVrPXG7vv5lqvZ3F,as aforesaid our full and whole power right and authority for us (never,71,3,1
kPkV28rgSNH4Y1Uo,Executors Admrs or assignes forevr and we the sd Capt Tho:,58,1,3
pYoI3weuDBsVAFcP,Wittnesse whereof the sd parties to these p^rsents have hereunto put,68,3,3
NSLqdxoMTea76nPF,Intitled to bee the peticon of tenne thousand of His Mat^s subriccts. Inhabitants,81,4,4
pvc9AiedHsceu3E2,"before the Ensealeing and delivery of these p:sents, well and",61,2,0
Jw7OQBmnEwK3GSUr,and Grante to and with the Said Walter : Harding,48,0,2
jseNQND294DUffHa,"by reason of the Premises, the same to be recovered a",53,1,2
jutAafJ5Mf99YhnZ,would grant and assure unto ye said Martin Noell his,52,1,2
82mvtOuzWerUo2hw,"Bargained & Sold, Assigned, and Sett over, and",46,0,3
mr2Tuv1CMNMb6cEl,Selfe my heires Executo:^rs and administrat^rs for ever,55,1,3
ObmAo8tHCqvgiZVy,theire voluntary oathes one the Holly Evengelist to the,55,1,3
mpu5A2P6nyMTW15m,Acknowledged before me by the within named Ralph Wyatt to be,60,2,4
kdmH1TvLprYcf1xn,or some of them were to load or cause to be laden at the said Island,68,3,3
07XIMeVcLOC43CNC,And I the s^d Edward Williams for me mine heires executors and,62,2,1
ikA6SEyeFtPCLarZ,"pounds of goods Mchantable, Muscovado Sugar,",44,0,0
pTGrA7IKxccKETxh,heires and assignes in the penalty of eight thousand pounds wt of good merchant,79,4,1
5OOq9SHy94KQYyY7,Signed sealed and delivered in the pnce of,42,0,3
KQP0GMkA0juYByb9,shall best think fitt in the said two hundred & fforty acres to and for him,75,4,0
UU7WPdZZtEcX37xS,of August in the yeare of our Lord. 1676 :,42,0,1
s3QiiaePbjU4FQBi,pformance hereof I ye sd Joh: Bonner bind my self my heires Exrs admrs & assign,79,4,2
dr2pGIv5Uj33HCe2,nistrato^:rs and assignes from the day of the date,50,0,0
qQb7kITN4Sr5tnJ7,And for and to the onely Proper use Benefitt advantage,54,1,4
2Z8pnVcCXbyAAR5F,"keept harmeless, of and fro all form^r: and other bargaines,",60,2,0
rebdTSFSL1TrgKnk,upon the plantacon of Robert Cooper and the plantacon sometyme in,65,2,1
fIuNZkbAnb2qhywi,maner of wise apperteyneing to her the said Allice Smith,56,1,2
NOfaAxCp4Zu2fEtv,unto the sd Alexander Lindsay full possession of ye same,56,1,1
4yZREsb0Y9YSvnyi,his former bargaine and sale & it shall and,43,0,0
qomJvZp4iU99s8D9,exonat acquite & discharge John Jackson Citizen & draper of London,66,3,3
3Jd9swbwkfejWd1n,Ratifie confirme and Allow without fraud or deceit,50,0,2
KeBbN1eften1hL5W,& our earnest desire to have our goods delived to us at her aforesd,67,3,3
CRsjVZSijMs2yqOo,thereof without any maner of lett hinderance disturbance either of me ye,72,3,3
h2R9mjajbzfSnNZO,"bargaine , Sell & Convey all & Singular the bef",47,0,1
fkgRJlc0SMFblme6,Knowe all men by this pnts that we Robert Hollaway W^m Danes and Robert Fitt,76,4,3
HTQfHh6gZ9MNrlJh,the pemisses granted bargained and sold in These,48,0,1
l3cmgFmgcKP1yQFH,Secretarys office of this Island of Barbados before me Richard Noke Deputy Sectry,81,4,0
LFoLBQrgX0TFJM1K,freighter there on and all other persons there in Concerned hath hereby,71,3,0
VuSbNCLXnqR4r3ie,assurances and conveyances for ye more sure makeinge holding,60,2,2
j69inCHPIPEdvQI2,good causes me hereunto moveing Have given granted bargained &,62,2,0
U8LVwQbftmErP3VG,sett up or cause to be builded erected and sett up the said house as,68,3,3
Hpbi7Ib2eb5tgNs6,executed in and upon the said William Hagthorpe and his heirs,61,2,0
y87I77YXxaEedYw8,(except before excepted) to the said Christopher Bishopp his heires,67,3,0
FhDr4mbP9BZJ9JhY,sume of three thousand pounds of good merchantable cotton wool or,65,2,2
n7KPL9l917bulljK,condiconed concluded and agreed upon betweene me the said seift John,68,3,3
zrpTs5oyM4E9bR7K,or quautily of eight hundred pounds and fiftye of the like Tobaccoe as,70,3,3
aD3SzU147ibMh3Hr,concerning the sale or disposall of all such cargoes of goods as hath beene,75,4,1
gbIcQ6ecZn0bkl4g,Portsm on Piscataqua Juno 27^o 1668 for 5266,44,0,2
l4xQdxIpopq8m80c,unto the sd Ens Jackson his heires or assignes forever one acre of,66,3,2
gfJDEHzpqOersJ5E,sales or other incumbrances whatsoever and,42,0,4
eQfb4hUuGtxzC1o9,dead shee the Said Richard Hawksworth or his Executo^rs Sha,59,2,1
rhTVeFdGjKjidLj0,of their goods or Estates in Time and place as of,49,0,1
SSRwj26r6fQ8BM0q,acquitt Exonorat: and for Euer discharge,40,0,1
vuzXkBdzWcQ7Pj5K,confesses by these pnts to have had and received att severall tymes the summe,77,4,3
eWB1JesEihS3rvHA,or for any matter or cause w^tsoever giveing and by thiese pnts granting unto my,80,4,2
qAgNY1M73l7qdyxO,in our Lord God Everlasting knowe ye that I John Dyer of the now -,66,3,2
pCLLIEaHb3ZS2vpG,of money here before menconed to bee hereby by assign,53,1,0
sehA3rnrWSlt9QT1,or Assignes paying unto Margarett Cagan Daughter of John and,60,2,3
m5UbUbjPg2toyAuW,shipp the Ascention of Genova w^ch Appearer Did,47,0,3
9kgdxnPmBV4xerAP,given granted bargained sould alienated enfeoffed and confirmed and by,70,3,1
Z6EiolVSRmaaEaJA,p:^rsents doth for him and his heyes enfeoffe convey,52,1,1
HfOYQS2TRfhUooYE,"costs, execucons, and Incumbrances that may hear",48,0,1
C9K4ImPGDT7fQpvw,in the prsence of us Richard Holdipp,36,0,3
lXywuFBESAMYOviZ,and sell assure and confirme cleerely and absolutely unto Robert Hales and,74,4,0
yTWmHPezrpjRejSz,dated the 18^th day of July 1640 - Intr 15 die mensis Septembris 1640,69,3,1
KZTVjVqEg9wEXuA5,did then and there produces a Certaine paper,44,0,2
U1KWodXFqAtVv1jc,As alsoe for & in consideracon of a comptent and Quantitie of mchantable,72,3,1
OgAZKYjCwNkFtA7d,"office of this Island, more fully and att large",47,0,2
D4NdO18uVJ0pdqEa,"one Cureinge house, one Still house and all other outhouse",58,1,2
R8xqGDtHEcvzyjob,affirme and prove by the oaths of the witness,45,0,2
WC9VbFYSLIUOBzR7,the premisses as throughly wholley and surely as I myselfe could doe,68,3,2
LJcc3wTxFT9n031m,said Sucred Majesty his Heires and Successors on the,52,1,3
J7FZ3a98BRG7UiEF,exers and assignes to and with the said Lawrence Beckendorp his exers admis,75,4,2
MH9Wr7FEWvMBvxR4,shall be as effectually to all intents and purposes as of wee the said John,75,4,0
kDaQjm4lttflp2nB,reply in all matters and causes touching the premisses to doe say pursue,72,3,0
ZrwZjN15lBC381BN,one white storehouse and a percell of land and ground,53,1,4
KlyPyxLP51eHqy6o,admistrs covenant and agree to and with the said Edward his heires excers admistrs,82,4,0
ueT7zFzXUCazmAOo,I Robert Lea doe hereby accknowledge this day to have delivd,60,2,2
Nkho8hB08VJliyPd,"or here after to bee made or done , either by our Consent or",60,2,0
pYau2kXrG0bGG5dz,cuntries affaires and shall now forthwith delivere them three bills of,70,3,0
IUM1u6t3dwIsQEqp,the Enrollment of this p^rsent Indenture with,45,0,2
bZwxYanfxUHGDJuc,Pemmell for himselfe and his heyres ~ and all other~,52,1,2
1NUV8e9YtVPQo2c3,the said Ketch is not to the great losse and damage of the said,63,2,4
YAVMsUxqfQR1KZ4h,by William Seally of the said parrish of S^tt. Phillips in the,62,2,1
ViUcPo6dyL1x8eBu,during the time of his naturall life and after his,50,0,3
V0FccxjiMfHrwD51,consideration of a marriage had and solemenized,47,0,1
b2nLtjLaqxUGV3Hz,"deniall molesta""con or further suite in have In witness whereof I Edward",72,3,3
DhHiFWxTsJUcfuFh,in one bill of M^r William Martins of this Island Gent for six thousand pounds,78,4,0
cYe2z3PkTdVPzTpD,"Steart, and Majo:^r John: Steart, both of parrish of S.^tt",58,1,3
9nePCK8XoeYQnPt0,"thereon or thereunto belonging, Lyinge, and beinge in the",57,1,2
6JCca0D91NsPkad7,20^th Marty Theis prsents binde me Nicholas Lucas and W^m salt of the Island,76,4,4
ZZdAR6plUpBut5ag,same Island Blacksmith doe for divs good causes & valuable,58,1,3
crAhhCkMuLypKbsb,good and valluable consideracons me hereunto especially moveing Have given,74,4,2
30PyrOPCxahhfhFP,Capt Daniell Fletcher his heires executors administr^s or assignes the full,75,4,1
YlBIWy3Rfjav87TL,and manifest unto all christian people that upon the three and twentieth,72,3,0
cFTCJsISFmKlIwuU,of Barbados or of any or either of them or of any other p'son or p'sons wt^soever,81,4,4
mzveuvMFnSVEhrDc,the same to be recovered against him then or any of their goods or Estates,74,4,0
mR24Tr9zgLYXLtkY,role to be paid att or upon the last day of Aprill or the fifteenth of May,74,4,2
g1CakP8AQ3EhMKye,"presents hath assignes, granted, bargained,",43,0,3
t58smyJCfQUO025y,To all Christian people to whome these ~,40,0,4
kR1wiT2ugzhGuFxN,and demands to ye same apperteyneing knowe yee therefore that wee,65,2,0
ZBVJjAhegVsDy75k,"of an acre of land, with one full halfe part of all",51,1,1
SqEFJ5IqaCaZSSMr,land accendinge to this bill of sale & twoe more yt I,53,1,1
pRM6LJW1hjE2rUnM,or otherwise by the said James Browne my heirs execurs and,58,1,4
VVIZM5oForBFbyvQ,& that freed and cleered from all former sales mortgages dues avearages of dues & other incubrances,99,4,0
13h6IcSjyRyOLZh6,kept harmeless and indempnified by the said Christopher,55,1,2
l2jg81lYexVsGQ64,that then this present obligacon to be void or else to be in force,66,3,2
nDdGD05I2kgfAd1k,without ye lett trouble interrupcon molestacon eviccon or ejecon of,67,3,3
r8fVtHvd5XkRSDQ6,To all Expion people shall come greetinge,41,0,0
5uGrWvBjEg5PmDdO,Sume of Sugare payable to the said appear,41,0,1
JSksWWLlka0YlG9Q,interest therein from by or under him whatsoever In witness whereof,67,3,1
y0qX93InnWnB2CRK,and for divers other good causes me especially moveinge Have,60,2,2
Whswh4mCrQ4aXiIP,"and released, free and cleare & freely and clearely",51,1,2
iNpUUWp8zUK39Gnj,promised to make good unto my said daughter Martha,50,0,3
8tEAUvCYPSashjd4,and W^m Stede of th'other part this 12^th of February 1640 as followeth :-,74,4,0
TkXLDVTuKfT2r61t,Deliver this Indenture as his act and Deed Sworne before me,59,2,0
aoscld96F3oBeFtu,of the p^Rmises by livery and Seizen In,39,0,4
laBNyxyNmlxQ6MAZ,to the same belonging heareafter all which are in these p^rsents,64,2,2
gASAKtAb4i9Oek69,psonally appeared in the secretaryes office of this Island before,65,2,4
P8LxYNfU5Z7NbvpW,to Authorized and Impower the saide William Lord W,50,0,0
WivHrN13bDm2tjco,and to hould the aforesaid six acres of land together with all,62,2,0
KdoYyoQH98xErmoM,not recoreed advice from the charger could not accot,52,1,2
aXmtMHirZ8z4JM6O,in ye presence of Ens: Robt: Downeman acknowledged,50,0,2
QlEWkrsPNxlcCyKL,William White and Grace his wife signe seale and,48,0,2
z8BhongwulazPuay,Barbados in the west Indies or of their sevall heries Ex^rs Adm^rs or goods,75,4,3
T1q6KGtToB7krfHy,and further wee the aforesaid Peeter Fleetwood and John Pye doth binde our,74,4,2
s5t2kTT7SOlYxGoh,infeoffe and sell unto the said Morgan Powell that my plantacon conteyneinge twenty acres,89,4,3
At9rSOKh69umYjUh,Aprill ye nineteenth 1654 then I gave posses-,45,0,0
g3MD4XDApGxG7zTZ,William : Brockhouse and Stephen : Clay or either,49,0,0
VeEty3Mc38kLV9Hn,or lawfully may from tyme to tyme & at all tymes hereafter forevr-,66,3,4
v9BJ57z06xkt8cyj,heires and assignes forever without anie lett molestation trouble,65,2,0
kjcw3052hnxzp27U,havesett the day and yeare first above written,46,0,2
24pmw30MZOGPqId1,God one thousand Six hundred Seventy foure,42,0,0
F11cuBXGia2Kji23,Marriner his heires exectors and admr^s & assignes for ever And for,67,3,3
X6rKyqYLpctBsZdd,W^m Chapman in the Island of Barbados Gent,42,0,2
6ngD8l5oTueTnFnK,and is indebted unto the said Thomas Barrow Thomas Preston and Phillipp,71,3,0
HOB6EEZcBBFiSfMU,"without any maner of Lawfull Lett, Suite, trouble, deny",55,1,3
TL99t1Mw8fyRUvNL,"for him his Heires the aforesaid pcell of Land , premises shall and will",72,3,2
aqypCWr9vtLUKaqP,"my heires exers adminstrs or assignes or any other p""son or p""sons w^tsoever clayming or",88,4,4
3sJrMg5dku8WylwZ,and to hould the s'd twelve acres of land with the appurtenances to him the,75,4,0
9axRDdXlpVSE2EZU,of all the clauses conts & agreemts above expressed I the said,62,2,1
gt9vOLbWeYhdCLFQ,dispose of all and evy ~all~ pcell of land which by deed or writing,67,3,2
JNP2IGx6PkqK9RLe,said fforty acres of Land lying Eastward next and adjoyning on the,66,3,2
98xFqctb8XxkVQSF,"ner of persons whatsoever, lawfully claymei",43,0,0
eKfJXhIkZG22fK7D,1647 Or Lord God Evlasting know ye yt I Hugh Burrows of the Island of ~,71,3,4
xndf85l6oVLJXq0F,This Indenture made the twelft day of August 1644. Witnesseth that,66,3,3
dhyxDNcxxlPJTeJT,alienated enfeoffed & confirmed & by theis prsents doe freely & absolutelygive,78,4,2
yXqQdrf7jObOL3gh,Sealed and in the prsence of us - the word ninetenth enterlined before the,74,4,0
nUoxp6a47WdtNSZL,This bill of sale was this 21^th of Sept: 1654 acknow -,55,1,3
ujq1PJepvpFy4rkN,and dureing the full time and terme of ninety and nine yeares from,66,3,1
OvbXV946cT5L2fSx,other the above mentioned promises with thappurtenances may be settled,70,3,3
XqfD3c0ys8Oykw8W,att or upon the day aforesaid and in some convenient storehouse neare,69,3,3
8rgKAkpPXok5BbVP,heires executors and assignes for ever without any lett moles-,62,2,1
42YP1QnJp3bRFDv3,suffered or done by us the said Robert Tothill and Ann or,57,1,0
sawYdJwaQfTpRrEO,"promis, grant and agree to and w^th the said",44,0,2
YbLF36erPdJAmpln,consent or procurement in witnes whereof I ye said -,52,1,3
kG2FiZcneMx1thM5,Febuary 1639 and five thousand is to be paid the 15^th day of May 1642,70,3,4
7jBbNmf3dyAHtSOo,moveable or unmoveable upon or unto the said plantacon belonging onely some,75,4,3
TLcJtwqHYjyiCE5n,or before Ffifteenth day of Aprill in the yeare of,50,0,4
Ep7XOjODFkBXrIPI,thereof my full power and lawfull authority for me and in my name,65,2,2
fBZpq2PTo2Rco8gd,Pounds Sterling each for the payment of Five hundred pounds Sterll:,67,3,1
Rfjicl9WevPgiPRG,"recognizances, Judgments, Condempnation ~",41,0,4
eHKaNPkCwUnOVj6A,any default shall be made upon the sevall days of payment or any part or pcell shal be,86,4,0
gGXi0ZbP0Fa6zyTW,men whom he doubly armed and comanded them to board and lake h,62,2,1
7BLno0YxfO1QuVGI,against the said John Parish the drawer of the said Bill as alsoe,65,2,0
dAzOx3yB1d21xbwN,land and all and singular other the premisses,45,0,3
XIFI1G3tlZYbWVYQ,find it to Containe Tenn Acres or thereabouts Scituate lying and,64,2,4
xpMQh6zdPF0Eadsa,it shall remaine as absolute and effectuall to all purposes and,63,2,1
wx8t1eB82PtoSfPP,first of April except boarding Item:_ It is further agreed upon between,71,3,2
GNlm2LOOjohizcrm,Edward Addams and John Harper of St.Peters parish hath sould Richard Harvey,75,4,4
AiMUEU7nKQ0IPX4H,make any other forme and good Conveyance to the land and premisses,66,3,1
1NYoYYtirPO2jsay,the storehouse of the sd Captn: Ham by seaven of ye Clocke,58,1,1
zqNBDtgLNfzcuT5R,myself my heirs Executors & Administrators in the penall,56,1,4
WoR1KxfyO5ycoUkQ,Excellent Majesty his heires and Successors In Witnes,53,1,2
H857L596Lv4Ck1MI,Barbados planter for dives good causes and valluable consideracons me,69,3,4
G0JY1qL5SUuMe2ly,them their or either of their or either of theire severall heires,65,2,1
71uVMT3MrDuQESBn,"Shall and will pay or cause to bee paid all the debts now owenig , and were",75,4,1
8cCh6gN3sFudQ8Xw,"boyes,twenty foure women, and twelve Girles, Whose",50,0,3
kXCBCqNUYbythYj6,To all Xpian People to whome this presents shall,48,0,0
LtK0F9624Q5liVd8,in the month of August next and further declair that they would,63,2,4
zIfY4PPeIb510QCR,haveing or claymeinge by from or under mee or them or any of them In witness,76,4,0
4v8ljMY0nliKDQRl,"in y.^e List or Scheduale hereunto annexed, by name, Abba, in",61,2,3
QYlFnDLwDjoHUOgB,the Said partyes to these presents have hereunto interchang:,60,2,4
dhReAHIbNUkU7uxc,pretendinge to have anie right tytle or interest of and concerninge the,71,3,4
vsVAVmvhDuFnuWe0,specified in a list or scheduled thereunto annexed To Have and to Hold the aforesaid,84,4,0
fmGcACgpdDTovfd0,these presents doe give grant bargained and sell assure and confirme,68,3,2
Izfwo4nQvvxsn8WN,over all our right tytles and interest and claymes of the said Bill of Sale from us,83,4,3
DoCgLHZTPOxW7RRh,and foure Betweene Thomas Sandiford and Tho: Martin,51,1,0
vRMEm8wGy9E31061,street path aforesaid standeth ye one halfe of ye,49,0,0
7QUTqAN28hrkTGta,fore mee and acknowledged the Deed above,40,0,3
K994HGIwPRbfcxxY,of Rich x sign Burch - Edward x sign Worthington,48,0,0
ttjajkZqSJjqII1z,mentioned to be thereby granted bargained sould aliened,55,1,3
vCaqnpSewqYgUady,or demding any right title or interest from by or under me or them In witnes whereof,84,4,1
4IDUX9g16EPOSFu0,will appear now for as much as that it doth appeard ye said Gaurde,66,3,1
yBmKwx5O0eCk4c9G,for me my heires exers admistrs and assignes doe by these prsents covenant,74,4,1
maBFo4aUQIoZdoJ5,the said David Delifer my Heires Ex^rs adm^rs the above,55,1,3
3yxEhv5zWT2to5H3,just sume of six thousand pounds of good muscovado suger,56,1,0
RUT8sy3VsPkdgGgW,of the Wittnesses whose names are underwritten that upon,56,1,0
pfQo1Rk0NIJ35DfY,administrators and Assignes give grante bargaine sell,53,1,1
QBptvWq3587sVotT,estate and right without the lawfull let contradiction suit humble,66,3,4
yhoWBp0GQuiDFIKw,of plantacon with all th'appurtenances without vexacon molestacon or,68,3,1
udO0a0woU9rlqbIQ,Pead for me my heires Executors & Admrs for & in consideracon of ye paymt:,74,4,1
NedVWfKopxWmINli,or his assignes hee or they paying freight me penny a pound wth,63,2,4
PPgdzUvZ3gpmmICi,"abovenamed Lieut^: Humphrey, do binde my self my heirs",54,1,0
76DvW4KJYICu2K3l,of this Island the sd land being found by we within the limitts,63,2,3
pDlThTpkOMWceyia,Barbados - This bill bindeth us Peter Warr and Edmund Dowdinge both of,70,3,0
hocBeaMWj54igzJL,make use of any timber or timber trees or other,47,0,0
Z5MPAtF8kAHQt2VF,right or title thereunto by from or und^.r him them or any o,60,2,1
Ze7TDLIMTNrHH66w,Dolphin since his arrival with the said Ship here to the tunn,61,2,2
2Y7Ud1xzaLPtrOz3,In consideration of the Just Sume of fower,42,0,0
G6SmCstI4K5kmWN4,& ffive & in the Seaven & twentieth yeare of the Reigne,55,1,0
8A56WcB2SnYqMslN,y^m ye dd Geo Watson Jo Compton & Daniell Leech of & from ye sd,63,2,0
7iEAfPDM0tUJbRir,Barbados - This bill bindeth us Peter Wear and Edmond Dowdinge of,65,2,0
J3JjhcaKMzIJ8ftn,unto we & I do likewise assigns all my right title & interest unto ye sd land & wy,82,4,0
RtN0sw4gr6FQx7qZ,pish of St Lucyes and Lyeth betweene the plantacon of Captn: Willm Consett,74,4,0
Mc4BVuMqbfo9R13K,their and every of their heires exers & that the plantation servantes and all and singular the,94,4,3
E2wmO30KzCnDNqIC,to me also to receive any goods that shall if any shipp or shippes come,71,3,3
uaHqGukJsA7FCdoY,doe hereby acknowledge and doe acquitt Exonerate and discharge the John Bayley,78,4,4
agqoGVHJLSKoCxzD,& James & Martin Noell of the cittye of London gent all yt my pltacon sciatuate in the,86,4,2
AW4Bcv5coTpCr6BL,wth the appurtennances thereunto belonging unto the said Robert,63,2,1
1qmhlQZK2d2W7JDP,all and evy other act and acts things wtsoever needfull necessary or convenient in,82,4,3
EHyu9lD6IvIwRX3U,thereof yt there this obligacon to be fustrate & of non effecte or else to stand in full,88,4,0
E6pN7TkoUI3vPjci,from the Stones & all other filtte for the be paid upon demand,62,2,3
IIFtuTS0GCfUQidO,Mortgages debts dues & demands whatsoever from ye,49,0,4
PfRV9WDohymoisPo,forever To have and to hold unto him the Said ~,47,0,3
BbGqHhGYPCzkaLN7,well & truly pd at three sevall paymts as by pticulers from,59,2,2
IzB9V7t2TzLnBvy4,of & from all & all maner of former guifts former grants sales,62,2,0
WYhUkxAQvj6pYEnq,of the aforesaid some of money the said good to be conveyned to the said,72,3,0
cBwSeId75e7EcsAl,doe hereby binde myselfe my heires excrs and admistrs in the forfeiture of five thousand,88,4,4
PC5itSrXBdN8xZ9E,hand paid & secured to be paid by Robert Moggs of the,53,1,4
CfMMap4JrNOJ00nd,in the penall summe of twenty and eight thousand pounds of neat and well cleered,80,4,2
beFmgX7qgjEl9wLl,"Liven and Alice his wife Have given , granted , ba",50,0,4
YXihu6wNMB3Eiu7B,att the tymes pfixed in the severall bills that then it shall and,65,2,3
o94Az7TpRpEV11xA,my present Deed of gift doe giue grant and assigne unto,55,1,0
bVVhhKpYLfap92Ii,or assigns at the day time and plan before recited by limittation,65,2,4
ceeKUqXCb5FjPOa7,Wesson with all pviledges pfitts & comodityes whatsoever thereupon or thereunto,79,4,2
0w5KNUgXh5FmKcYz,written being first interlined ; . allso,40,0,4
SHu0IZg2GThcsud4,Woolfe or his certane attorney his heirs executors administrators,65,2,1
1C9RlZ46PTW6FeIA,Easements profitts priviledges and comodities thereon,53,1,2
ayQaqwTUhRNNdGf1,our privityes or consent In wittness whereof,44,0,1
7SUEVOQOpMAx7kE7,and demand whatsoever of him the Said George Hannay of in or to,63,2,2
VhbM48YoB1aLPeLr,and Executors Adm^rs & assignes forever and we,46,0,3
XBosP1YYbKqflZTf,seale this two & twentith day of 7 ber: Ano Dom 1643,52,1,0
7swjLY3My7twTDtr,forever together wth all & singuler the houseinge,49,0,1
46E1O3apKBZ5M39B,to be paid unto Peerce Power of the same Island his heires,58,1,4
AUTGNr3KuqkF0AV4,his heires and Assignes and Every of them by these,50,0,4
qGewAMU0JVuDSbWd,From 3 bills obligatory debts and demands whatsoever due from the said Josias,77,4,4
XwfESp9Qk3ILwfrw,and acknowledged the within Instrument of writing to be his vol,63,2,2
5hPYf7Fz46fDbygn,"all the houses, Edifices, w^th all other profitts, priviledgs",61,2,2
muPFoSF3ql6YgR5t,use and uses of him the Said Richard his heyres and assignes,60,2,4
GbgzzrI0akpBiId3,herein before contained to the Contrary thereof in any wise -,61,2,1
QiKpnXS0gnizGKmE,and Euery yeare on y^e ffeast day of S:^t Michaells one Eare of,63,2,1
Y9GsTDYv2epVWqXc,To have and to hold all those three acres of Land more,54,1,3
eEvPnphCdiQ2w5np,queitly permitt and suffer the said Henry __,44,0,3
VA3my5oeELFd4Bjn,too make seale and deliver and attorney or attorneyes one or more under them or,79,4,2
t9RgSV9n66pFA7GC,and the same to deteyne for my use and whatever:,48,0,1
VSh0HB1QVB9D2KOd,"heyres Exec:^rs and Adm:^rs assigne, and Sett over, all my right",64,2,3
pbRmgyFSJEgLYk1A,ye Just some of one thousand two hundred & three pounds,55,1,3
raBSw7wWCJSkbVgO,the Island of Barbados send greeting in or Lord God Everlastinge Know,69,3,2
QpO9iM9FDTrsPXso,and the said Thomas ^Maxwell for himselfe is Ex^rs adm^rs,57,1,3
gQKyaXjubNUTQjFb,all the right title interest property claime and demand of,58,1,3
siuiSUEPG6ymaXMd,grants Mortgages leases evicons damages troubles and in cum-,60,2,1
UVGvkqDt3t0iamuM,charged of and from all manner of former bargaines (former,58,1,0
JY58PuTT5jK3ryWL,Memorad That I Peter Emersone doe assigne and turne over unto John,66,3,1
A5DaidVD9OeXwmDJ,Wittness John Ackland: John Stone John:Frere,44,0,2
azPlROYpxdSr4bQ5,houses ediffices buildings profitts benefitts commoditys easements ~,68,3,1
PnSZuAxgjBPLqq2I,Request of the said Appearer did protest som as by these presents I do publicly,79,4,4
Pcxkzmwedc12Zqyl,we ratifie & confirme by theis pnts In witness whereof I the sd Henry,69,3,4
0UjSzyxS90zIyWkN,Land of the said Stephen Noell to the windward To have & to hould,65,2,0
RNBSl5DBIAflFps0,the Land of Major John Hawkeridge deceased south and,52,1,1
OAGbSSJrB0MUaagv,"ing by, from or und:^r mee or them. In Witness where",52,1,0
VAYhFhKkJZ9eE1aD,debts and any of them or any of them or any pte thereof but shall,65,2,4
uCE3ViqlRL0uZsmf,To all Xpian people to whome theis pnts shall come Thomas Symon of the Island,77,4,1
WfgqNjfP74ytopVs,that I Francis Portch of the Island of Barbados Gent Have given granted bargained,81,4,3
COiiH1kbcQw36u3E,more or lesse with th'appurtenances as aforesaid Together with all such goods and,81,4,0
wtvN4dnq59GhNvZ3,& Nine yeares unto the said Thomas Reid his heires Ex^rs adm.^rs assignes,73,3,4
Io8bxxFnDgmI22HE,charges and passage for Tanger aforesaid after there all of,59,2,4
IUFvwMO5JF7uK7Vl,S.^t Michaell the Archangell and the Birth of our Saviour,57,1,2
4kGBhajHwOvW1gqp,Heires and Assignes that they the said ffrancis & John -,56,1,2
WKFGgvxqjy28OcWQ,North upon the lands of the said Mr William Kirton and East upon,64,2,1
hTxIj3BIAIFzt5ag,said Francis Tobast have hereunto put my hand and seale the 28^th,65,2,3
q3Oft3cwVOIdyOEb,pemissess without the lett hindrance molestation or eviction,60,2,4
PPlOCYPiazmOtuKf,according to the severall agreements with him and unto the true and faithfull,77,4,1
QXsgKYaACO5YQ3eb,"houses Edifices, buildings Easem:^ts Profitts priviledges",57,1,1
O6lNrKRW2Bu4knYN,Tho: Leon and John Hill not only I shew to them or Such Pson as they shall,74,4,2
q4kxVbBZtjcDAT4I,thereof Together with all houses edifices & buildings which he the said,71,3,3
rEiyj3K8cujNfG0X,lands of Patrick Fox westward on the lands of William Sandiford Esqr,68,3,2
7IoyRTyEqjH3Bas7,and chattells as are menconed and expressed in a schedule hereunto annexed unto,79,4,3
vxbSQYcrm0FvP3mV,"Judgements, and executions, and all other incumbran",51,1,4
JP5jNnH1qsV9chpt,the mayetie of a Plantacon late in the occupation of the sd Michaell,68,3,0
F5QqfPIylx4yxlCc,Intr 21 ^o die I John Maslin within named for good Consideracons to me in hand pd by,84,4,3
EMV9gMy14NZQdM3e,Late Wife of the said Thomas Bartlett bounded North,51,1,2
x2ebSR0ZWMT3F96j,hoofe of him ye said Edward Shamon his heires,45,0,1
Ahic8ctFhgp4IiyD,John Walford of the parish of S^t James To have and to hould the said two third parts of the,92,4,2
W98g7gKXgYs3I4w4,Abbott leeward Together with all the profitts and commodities thereupon or thereunto,84,4,4
s9Tfw7CPqVEnm0Ir,S^t James in the Island of Barbados bounded on the east by Philip Gibbs and on the south,88,4,4
BBAbVSVkTadaw7mV,his heires exec^rs Adm^rs or assignes forvevr: the Invacon of the,65,2,4
NsgJafSyRKOw6NNh,aforesaid according to the purporte & true meaning of these,59,2,3
hJcomjtiVSzaxdGY,not be satisfyed and paid att or before the five and twenteth day of -,70,3,3
qSZKCxpE8YVOsbSZ,18^o die Know all men by theis prsents yt on the Second day,59,2,4
FFKBizRmG6YLy41w,by with or through his meanes act consent pruiety or procurem^t.,64,2,0
qtU33cLzD1yjt6jJ,parcell thereof with the appurtenances to him the,49,0,4
xXWTizigQPcE1sT5,Robert Perie now live on being by estimacon Forty,49,0,0
fH6m4Bk1BqStG9IQ,summe of foure thousand five hundred pounds of good merchantable cotton woo,75,4,1
T166DhJU0j1gO2Ik,by from or under his their or any of their meanes,49,0,0
7AmR54qrrnuZMyOP,day of October in the aforesaid yeare of our Lord (one thousand,63,2,0
dPod4u6iqggrWkcU,sume of or quantity of fforty six Thousand six,46,0,2
w43RV4s4kHGtypEU,and in Considiracon of the Sume or quantity of Seven thousa,59,2,1
8Xdu6OYd52h5NI78,"every the negroes, horses Cattle and other Stocke whatso",56,1,3
clMu6Z9NoOKg7Fjv,and lyyles Lawrance his heires exers admistrs or assignes forever or ame of them with,85,4,0
gi3c1BbSkeiG3H6y,ptending my right or interest from by or under them their heires or assgs,73,3,3
XUnCsc8YYR2xf55m,Island of Barbados gent by his bill of sale under his,53,1,4
QuRVyODa5n6kCg8I,and other Lawfull and reasonable Actt and Actts thin,52,1,4
1xP4FBMh9FgBkdXs,and there protest even as by these presents I do Solmney Protest,64,2,3
4JEeD7eou8R4Mnw5,of ffebruary 1667 Menorandum before y^e sealing,47,0,1
c9yaXO2Fyo1srnnr,Attorneyes his heires Executo.^rs or administrato.^rs,53,1,2
IoI36CjYREOjvG37,w^tsoever made by me the said Cooke my exers or assignes or either,66,3,2
2OdfQFZuXk2k2ELW,ed the Masters and owners of Shipps Employed in the said Companies service,74,4,2
ZVpObjxibMqvkSmX,Dancaster in Barbados and neare to William Mt Reran one the one,63,2,1
6GHPNDLIHD8Evsrv,John Mosely of ye Island of Barbados Marchant sendeth,53,1,4
NzoRleD5sn4YYUxC,said testator Thomas Kid departed this life before his full age his,67,3,1
HQ0PKoKTo53SPwcr,and Clearely accquitted Exonerated and discharged of,52,1,4
LdFIxS8huIBERp9r,of land or thereabouts bounded east on the plantation of ensigne Jon: Jackson,77,4,4
uSKMA3arSnWJYFIF,assignes shall ~yearl~ peaceably & quietly enjoye them with out any Lett,72,3,1
HA1JbHZGpvHTVx5w,"thereof, And the the Said Land and premises and",47,0,2
wUNf4UaoHvltj2Ey,plantation of Bassenborne wholoe westward two third,51,1,2
rNbtGWDVowUMFxro,in y^e yeare of our Lord 1674: the within men,45,0,3
0z7Z59DyN3LPlqkC,whereof I have hereunto sett my hand & seale this 15^th day of,62,2,3
7I5YYlA8ok8fHMrZ,"p^rsents , Release Confirmacon or otherwise , or",48,0,3
Wnh8FVMwVuAmnfZG,ye that I Robert Lea: of the Island of Barbados Carpenter for divs good,71,3,0
TcMpwgeGChGepnuK,same we have hereunto sett our hands and seales this 25^th of Aprill 1643,73,3,2
sNNyCkSCTzmnKAGb,"as then were, or at any time afterwards should bee",50,0,4
4VGt1SJ3uTV7JOnm,furthermore it is agreed that Matthews may not or his assynes at anie tyme or tymes,83,4,1
7gSIGxAVzAKvtfpk,pnt give grant grante bargaine & sell aliene enfeoffe & confirme unto,69,3,4
qQqHhFR48D8OpOA2,or unto the pr bargaine plantation or appurtenances or,54,1,1
N5ETbB8PkM4Bkdgv,unto Thomas Ware of the same Island gent his heires Exrs admrs or assignes ye full &,84,4,0
X0qJrVwrVkk5xLvv,excepted interlined before ye delivery hereof,45,0,2
d1J5GmKIjku2HChR,Michaell Hobess doth confess himselfe to be indebted unto Arthur Loder the just summe of,88,4,2
34eJBM0tG0tzRDsD,wife doe covenant and grante to and with the Saide -,52,1,3
wwU90P0jpgjqmlMj,To all Christian people to whome theis pnts shall come greeting in our Lord God Everlasting,91,4,2
3KGV1V4fxvvfJtLw,whatsoever whereby to change or allter the Esta,47,0,4
zOSiFidOvVnz7S2Y,hereafter In witness whereof I have hereunto sett my hand,57,1,4
51AjLmd7KZPyhw3d,and the Shipp Called the two Pillgrims the amount of such,57,1,4
wttU1SjgxFQSIYoD,articles of agreemant made betweene ye said Samuell,51,1,2
TPYcy4OqXINdMdQg,Wool well cleered from the stones and filth with my Plantacon wch I the said Robert,83,4,0
jge53Fb3Yj0uq2tY,"all maner of Former and other Gifth, grants",43,0,2
av6SGXaFLeWcOZWz,Greeteinge in Our Lord God Everlastinge Now Know,48,0,1
ShpU8GFf3WyjIopw,thereunto belonginge or in any wise apperteyneing To,52,1,0
WYqtPcC9BzmRtMXm,intendeth to goe in consideracon whereof the sd Leonard Dowden for,66,3,2
6sChDStSz8rGIFCf,3100 lb of good and merchantable cotton wooll unto the said Edward Carew Skipwith his excrs or,94,4,0
iG8KbQvyBw6fJmCI,due to Thomas Owines do apraise as followeth Imprs,50,0,2
Oz9tea1ybokBWZCw,M^r. Thomas Weit Capt: Robt: Rumballs and partners M^r.,55,1,4
ZVLKT58OQI2Mowts,trees marked with a X Together withall houses edifices pfitts priviledges and,77,4,3
9QrhAFJFZRTiuWWX,full and absolute maner condicon and estate as he is now assigned of before,75,4,4
Ua8V8v0Du2jPKzzV,Exonorate & Discharge the S^d John Batt & Charles,49,0,0
maYQjXjJX3TlM7oZ,Memoradm^d that upon the Day & yeare last w^thin written Livery,63,2,2
yZEitA39BmLcpkZ3,xx x for not appearing & to pay charges,39,0,1
qUcGBXZxZslspUJl,or thing had made passed or don or suffered to be had made,58,1,3
oiUl0McOXb6duLau,sterling to us in hand paid by m^r William Charles of the Towne,63,2,1
Rb4vL1OWJciQBakT,signe seale and deliver the above written deed of sale for and,62,2,4
9mkgAzx0X5zK4gcV,Have giuen granted bargained Sould aliened Enfeoffed and-,57,1,3
1IQ3BZVPaFSGf1Wp,Ensealeinge of these p^esents (the reciept whereof the,54,1,2
ZNQNAyo5zvIc9Q4C,houses buildings pfitts pvisions & advantages thereunto belonginge or in any,76,4,0
R2pIu3TFBVlWy31t,he or they should happen to be in minoritye or nowage) yet,58,1,1
8iO3WFg3aKsEECvl,To all Xpian people to whome these prsents shall come James Tedder and W^m Catlyn of the Island,95,4,4
JHmacWLZLvriJG8D,& their heires for ever provided alway that if ye sd Edgar,58,1,1
A4PZcbhOWnBx4Shd,belonginge beinge of the sixtie ackers of land that Jno Grenehill,65,2,1
rHWImyiAL68AfASm,Articles of agreement made and agreed upon,42,0,0
HoNnFFE5iVXCVhxq,and Pcell thereof w^thout and lett interuption -,48,0,2
dUX2tnyHkZEuzGqL,the appurtinances thereunto belonging according,47,0,1
2InsqdtKzZoNV9fT,acts thing & things whatsoevr with in or aboute the pmisses shall be needfull,77,4,1
PuQrT7KQ0b429iKt,have sett their hands and seales the day and yeare first above written,70,3,3
UP0tYruDR5PQq3Zt,of land be it more or less scytuate lying and being in,54,1,3
AYjbsqpNC6pxLRPD,other wayes or meanes howsoever or for any matter or cause w^tsoever giveinge,77,4,0
6vKa40bVYNQ6391U,Deputy Secretary at the instance and request of the said appearer,65,2,3
WpauETXxStmDS3da,ministrators that he ye sayd Robert Jarrard his,47,0,3
8xe3LmE4HqLvne1l,clearly acquitted & Discharged from all other former gifts grants,65,2,4
fvj7AEm0PCheaCWa,Which Said Plantation or Parcell of Land Soe bounding,53,1,1
td8YAjp8lg1xhS91,the Said Bryant and my heires and all and Ove,45,0,4
EuneR10nT6yJxMmg,country England returne to the sd Island and give,49,0,4
ni0Uilo2k6cJEYpH,Kent in the Kingdome of England; ) Seend greeting; Wherea,57,1,2
9VDKtidUEWjRRiRo,Acknowledged by Henry Andrewes this 17^th of,44,0,2
vzKgnn4aobomqADC,of six thousand pounds of marchantable tobaccoe In witness whereof,66,3,1
z0pfDCZKCf2FCuhF,storehouse at the seaside store age free ; and for the true pformance hereof of all,83,4,3
T85PtmjHWp5dZ2ZZ,one plantacon conteyninge by estimacon tenne acres of land or thereabouts That is to,84,4,1
hHuNzJKSCrPbVNwk,Jane Browne & John VInsonn for our Selves & every & either,58,1,0
VjpvcFZ0OM1TONpE,Concluded & agreed by and between y^e Parties,45,0,2
h14ckzi9DczzsJM5,wth the apptenances thereunto belonging or any wise aptening unto,65,2,4
T3gCkSt5bcuYdswx,thereunto belonginge or in any wyse appertayneinge To have and to hould all the forebargained,93,4,3
SFZCsbViLZU3iIzs,"pt of y^t planta""con whereon ye said William Spight now liveth",62,2,1
6LVP5uvmZtmmsKRD,whatsoeuer in and vppon the same Standing lyeing,48,0,4
uvZBztPjmNra8jOy,William Steele Edward Fairehurst Jon: Edwards,45,0,1
QZ4lZa4SjDxwHleq,1647 consideracon me hereunto moveing have bargained given granted,66,3,2
ZNIAY93G9oOih7ld,and advantages to the said Lands building and other the appurtences by these,76,4,0
8vVrwu3hnNXh5K9A,for and in divers good causes and considerations him,52,1,2
drcLwoThq5YfYLBh,unto the same belonging arrisinge accrewinge or appteyninge to have,67,3,0
5xWk9kubhmLt6GSP,To all Xpian people to whome theis pnts shall come Know ye y^t I Cap^t.,71,3,2
BDbcMdaQq4pywOvf,is now in the tenure of me the said Robert and abutteth upon the land,69,3,4
846T0J2zEimR7ned,able Daniell Searle Esq^r of the Island of Barbados the,55,1,3
8pVEIOR0y8ktnVd0,"writeing to bee his free and voluntary act and Deed, Given under my hand the",76,4,3
PLCIN5unDEde9krK,"William Leacock and John Ashman, mariners",41,0,1
0ItHi2DTkmP4b0MM,appeared Before mee John Strede Merc:^tt and,44,0,0
K5cQe9X4rTsUEmZr,said Millner and all others there in Concerned for all wrongs pruduces,70,3,2
HSFHB8bewdGTWOZo,the Said Ann Wright and Margrett: Wright for divers,51,1,1
nywm3Q28QpFF8rBd,absolute estate of inheritance of all and singular the before granted,69,3,4
JzAWIcVQ9v6JccdT,promise and grant to and with the said Robert,45,0,2
t3WPSkZ0a6Pul0Ti,"of the said Joseph Hannis deced, ffifteen Acres and ffive",57,1,0
2MRYCciepXPxxy8K,Imprimis:- the said Edward Layton hath sould unto th'aforesaid Peeter Halloway his heires,89,4,4
h9U6A6a4NRnzxNYw,have hereto sett my hand & seale ye 26th day of Octobr & in the year,68,3,3
wfibP5q8ITxaFVBB,Enimy Excepted : And for the true pformance of the same I Robert,64,2,4
ZfpxRSWNKGMG4XLC,Morrice my heires exec^rs or assignes or any pson or psons whatsovr,67,3,2
z5ls99egkrhSjFj3,Exrs & assignes forever from the day & date of their prsents withoout the lett,78,4,3
O6zqyg55jSb4NBhC,the same accounts to examine & use approve & allow or disprove &,64,2,4
5W5FSWMGkLobvuFE,before mee and acknowledged the above Instrument of writeing to be his volu,75,4,1
aVTe6fJsU1J6Lww9,unto the said William Thomas his heires exers admistrs and assignes forever and to,82,4,1
Qors7XZio5ZJg1Bl,Anno Dm 1667 psonally appeared before me Will,45,0,2
PpgsNe5muFCvNQtS,lawfully clayminge or ptending any right title or interest belonging to the aforsd,82,4,3
zXdnixdP0oVRSXLt,wee ye said Thomas Merrick and Adam Morgan,42,0,3
3vvacXumVuEY62OO,"ing the Said Terme of Tenn yeares, well and true",48,0,1
xe9HIGYGJby3EcOy,serve as by their Indentures will more plainly appeare To have and to hould the said forty,90,4,2
IRZ1PJjrfMTLz8iB,Dalby his execrs & administrs shall peaceably and quietly have hold,67,3,4
JNTDkDq4aSufqPSp,and seales the tenth day of January Ann:^o D,44,0,1
eXelfSHf2yD3SMmZ,under written by vertue of an Act made and Con-,47,0,4
STTTEll5jgZuwpju,this and other the Carribee Islands to Windward of,50,0,4
MUeLmHEmnDcmtUlZ,in the Year One thousand six hundred Sixty and five (where onto,63,2,4
JbFpBA7V5XTOtK9F,Witness whereof the said Henry Sealy ha,39,0,0
vb5ScBB5QyBrfea5,which said Robert and Pricilla being privity examed did acknowledge,67,3,2
CDtrEoWxOnwXjtC3,of money goods wares merchanizes as aforesaid and for me and myne,65,2,0
XqBPSd9fZO3GcraY,owne names & rights as his or or their lawfull possession,57,1,4
hFmP9k3P70RbSHAY,therein Witness my hand this eighth day of Aprill one thousand six,66,3,1
lmbl1q6gb1RiyPY4,well cleared cotton wooll In wittness whereof. I have hereunto set my hand &,76,4,3
soHgfUM9M3xp32QF,aboard the said ship on the Gould Coast by the said by the said Company,71,3,1
LF0bXgoDhjrmB7wJ,In witness whereof I have hereunto putt my hand and seale the second,68,3,3
paN6TWcDWX0qXWcU,shall come greeting know yee that I Richard Newbold,51,1,4
EcguequVLKjbg3zB,To all Xpian people to whom these prsents shall come greeting,61,2,1
963XlsHLeavPxEKK,hand and seale this nineteenth day of September in the ye,57,1,3
EoHQ7byDN8KyDQoy,bearing date ye first day of June in ye yeare one,49,0,0
2e51ZE8RxlaRFRgz,myself my heires exes and adminstrs in the penaltye and forfeiture of the some,78,4,1
Zqqe0TRAec5gNSD9,"or Incumbrance whatsoever, had, made, committed Lmitted, Suffered",65,2,1
kXuSBTYEizYlbVGr,upon the last day of May wch shall be in Anno Domi 1641 And more,64,2,4
gAIy40YDaZHIuubz,belonging to ye said plantation which Mrs Anne,46,0,4
SPmViU8ir3MyEnDf,advantages whatsoever to the same belonging To have and,55,1,3
seIKp2H7NGtzNdIS,Island Merchant should at or before the expiration of one and twenty days,73,3,2
qprE9NvxlFBnASWx,quietlye possesse and Enjoye the same and every part thereof without anie maner of,82,4,2
2dGWTiQjCCXvtCX1,bargained or menconed to bargained premisses and,48,0,3
ly9oRp3bIX6dY8V6,"will without any other prouocation , inticering ,inf",52,1,1
c2Lj59DkdNrGcUYm,unto sett my hand seale this third day of Aug:,46,0,1
JkquVmebUGfiqzt5,part or pcell thereof by fro from : or und^:r under them the S:^d Said,70,3,4
Hrp7PnLhs5fLTJhW,Past the river of old Calabar fire severall,43,0,0
ngbzEjrvmbFzkt19,sales guiftes grantes mortages or incumbrances had made donne comitted,70,3,0
UlKTlFB6s2bur1ER,Raynes and his heires for ever freed cleared acquitted and,58,1,1
LMj3szBiuCBdf9mH,1680. and in the three and thirteeth yeare of his aforesaid-,60,2,0
uWQSLzoBpDQUZjPA,soe I doe in the like manner give and bequeath the same abovenamed,66,3,1
r1aNILha3nLcLhkd,Whereas I Thomas Winter of this Island of Barbados Mariner have,63,2,3
AudVzGHOUGxDTBXc,James Browne did then owe unto the Saide,40,0,3
QMg4og8fgDXG8ygM,Without yee lett trouble hinderance molestacon or incumbrance of me,67,3,2
JlP2c9UFYbd35fuM,adm^rs & assignes of & wth Thirty foote ~square~ of land Scituate in the pish,77,4,3
Jr3DGXRYD9fIe2Nm,Said Wharffe of goods wares and mechandizes,43,0,1
KVEfCP12IxyHgDyM,Sealed and delivered in the prsence of the word,47,0,1
5uVLnbmlOcDO4xBa,This bill bindeth me Benjamen Read of the Island,48,0,3
oWOcKIebP06E7KPy,pounds weight more of like good cotton att or upon the last day of Maye,71,3,3
jVMxaEAPES1eOAl9,assigns or from by or under mine our or any of our estate,57,1,1
jqDuvvjAD8i5dRpz,Assignes shall well and truly pay and discharge,47,0,3
8rK9vd3ssp23kCg0,the said Appearer did protest even as by,40,0,1
vHHSSNgBQUpEwQRP,Shipley of the said Island planter all my right tytle and interest of my share of a,83,4,0
ne1WJnLn03ovXjY5,menconed in a schedule and hereunto annexed To have and to hould the said plantacon conteyne,92,4,0
luDC7yIL1KOSFTEZ,Containeing by Estimacon one Hundred and Eighty Acres,53,1,3
kKdTvlVZtLlkf0L3,This Indenture made the first day of December,45,0,0
MTpqQiES1gUIzz9V,of the Island of Barbados sendeth greetinge in O^r Lord,55,1,1
zdvagO2TBA2FVLMU,for himselfe his heires excers admistrs and assignes give grant bargaine sell,77,4,1
Bc9G3ZuYIFsKvOeV,in inhabitinge within ye pish of St George in the Island aforesd in the,71,3,2
DgI4YduYOemEhCfE,Knowe all men by these pnts that I John Parrot of the Island of Barbados,72,3,2
A9JDzttIQWBFztKC,owners of the said ship as also in the behalf of the freightes and,66,3,4
qOOGssDas0hSStxc,two thousand two hundred sixty and five pounds sterl:,53,1,3
mWMqvmu5qzhPsCbC,under his hand and seale beareing date the Fifth day of October in the,70,3,1
tBL3M2yCnog2fATC,bargaine sold assynes assume and sell over into the above said Stephen,70,3,1
efq7cSV2UsiHIA8V,wtsoevr o for the true pformance of all & every the prmiss abovesd &,68,3,3
ygBzqLDabRIssYVv,granted bargained sold enfeoffed assured and confirmed,54,1,0
rTIOND7IIUfQOqgS,or by reason of the said Denham's not sh,40,0,4
5M5oR52kZsAEePTP,allso that Corner of his Plantacon lying on the,47,0,0
yHtAd32jimvAK56D,A true schedule of what is sold with the plantacon unto Richard Lewis Jon Morris and,84,4,3
IZoWOOJLunpCyJqh,sd John Lear all wch sd prmisses wee the sd James Fuller,56,1,4
O7jjWrI8DbLUVJEj,To all Xpian people to whome theis psents shall come Capt William,65,2,4
odr6AICuazmvf4KZ,Henry Hartland signe seale and deliver the aforesaid writinge as his act and,76,4,3
YVsAxBXQPxmeEdGF,unto put my seale and subscribed my name this tenth,51,1,0
kPUj3nUprvchvrhE,or Said Shipp the Same hadd been tendred,40,0,0
7RTwDwBDA9ADb6Jb,the said demised primisses and that the other thirtie acres w^ch formerly,73,3,0
fnVHxtsWuCRDbjNL,payments viz^t three thousand pound thereof att or before the fifteeneth,72,3,0
lpR1anAayCFHEhM3,And I do farther agree with the said Thomas Barry that I will all one,69,3,4
llVd1G8jl4dtsHsQ,M^.r Richard Cartwright and M^.r Mathew Haviland,48,0,4
KjT0QRO3llU9wzdy,Leare his heires executors and administrators or assignes by these,66,3,0
PPYJ92BZooqhsfhf,1659 of the month of november An^o one thousand six hundred fifty and eight,75,4,3
byRhIaPUNeWVLcS2,& discharged of & from all manner of former bargains sales guifts grts mortgages -,82,4,2
Lg2HfQPu6HKKSIHz,a quarter w^th all houses and all what is growinge or standing upon the,71,3,3
PcMWlGkaz1BR84DJ,at or upon the six and twentieth day of March w^ch shal be in the yeare of,74,4,1
JovUywgX7DLZ2ZQQ,Malbury doth hereby covenant pmise & grante to & with the sd Thomas,67,3,4
gkdDIcW0TbnFIf2a,and also all right Title Interest and Demand which I,52,1,1
2HF3nLE1DraUBV3p,Capt Page for securatie ^doe for himselfe his heires exers and assignes assigne,79,4,4
3bkcIaQT7gK912kM,of them which said housing and land contain in all by estimation,64,2,3
LE9SfjUUH2WXrDHf,and for the heires exers admrs and assignes of Either of us give grant bargaine,79,4,0
6gVBMZZe0au2ocjg,"of the within written bill of Sale, that if the within mentioned",64,2,3
nESgBfgxH7yBZHBh,wherewith I the said Francis Kell acknowledge my selfe fully,60,2,0
ajJvgyjk7wLWp0OA,Theis are in his Ma^ties name to will and comand you to make a true,67,3,0
rZvzuCiBEzxRrfXM,and confirmed and doe by these presents give grante,51,1,4
t9DPbpsrZAOnolTs,"by these presents , that at the time of the Executeing of these presents hee the said",85,4,0
zbZycsJblY71lqaA,sett their hands and seales the first day of November 1641,58,1,4
FMYpONJZafXR4kk7,Act of this Island Giving power to Marshalls So to doe for & towards Satisfaction,81,4,0
EFmywgHIrXMhNI0A,bounding upon the Land of Richard: Howell and,45,0,1
LSSS7AiWO4XKJ4vV,pmission bound to depte this Island shall decease before this,61,2,2
mrggexMX2vbpskIg,have hereunto set my hand and seale this 16^th day of June in the yeare of,74,4,1
FvmjiTF3RN7N21FS,"me to be Done , the Said m^r John Bridges did thereby promise",61,2,2
x35d6f2uroRISVZv,Parrish aforesaid Merchant well and truely,42,0,1
zQ2uFZs132mLAFEc,"wsoever , hade made comitted done or suffered by mee the said ffrancis",70,3,0
TC9hPEleDRnmCYTU,same Island Gent sixteene acres of land fallen and unfallen scituate,68,3,4
titBJr7Epjx4Y6ud,"Lease the said John Whetstone to my great bennefitt, and wit",60,2,4
tT9TPrB5y2wDqnDt,lands or thereaboutes scituate ad being between the plantacon of hymon Baker Leeward,84,4,0
nXZoDfDV67aIB01t,hand payed Have given granted bargained and sould and by theise,63,2,1
3xWyyUNvRDKcbRhk,with an aquittance endorsed there on the said Thomas Rous his heires,68,3,4
jwGxmr58AXuI0fwn,assure convay and confirme unto ye said Constant Silvester,58,1,3
gP7kGWfDFYMbZ8nO,To all Xpain people to whome this present printeing shall come Phillipp,71,3,1
BYjohYs0QvMBJQSG,will warrant and defend by these presents And know,50,0,0
QY0TKRiTyHVpguHL,I the said John Kennicott purchaseth of Thomas Morris scituated lyeinge and,75,4,4
Dr31M63JkeHjCs0q,Entd the Know all men by these presnets whereas William Phillips of the Island of,81,4,3
hSOmrgF67O0ddvs9,This affirmed and witnessed upon oath by William,48,0,4
uquhXz3G0aQ3IDAd,merchantable and well cleared cotton by them the said George and Edward by severall bills made,94,4,1
XbEoDnd9Z4rfwaU4,of two severall writeings under ye hand and seale,49,0,2
Uj98PNlgc0gFiF5r,of Their appurtennces to Them the said William,46,0,4
UiZgW7cVcDXiRQa7,hand and seale the 8^th day of June Ano 1640,44,0,2
CRvdkgQZHH4wlfg7,Schedule hereunto annexed And the said Richard Barrett for his a,64,2,3
Tgfx62G09qIZHOyd,and testament of John Ellison late of London merchant deceased have,67,3,2
gxsJERja2gjqQdi9,hundred pounds above menconed And it is hereby mutually,55,1,2
dPesfr1riqzaPEo1,"& now of the said Richard Morrice, and alsoe the remainder and remainders &",75,4,2
5Kteiq67Syavf9zq,above boundent Captnt: James Drax his heires Executors ~,56,1,1
VHiy1LCzKr9hpRyy,By Estimation one Hundred and thirty acres of Land bee,54,1,2
shdKzaXbVB7y0hA4,"his Loading on board this said ship, according to order",55,1,4
oTlS8jzwjCHkwsyp,"in breadth, with the Store house, Shedd, Cooppershouse Kitchin",62,2,1
SVluJ44eOV1581q1,& att all tymes hereafter forev peaceably & quietly have ~,58,1,1
5QXHPGkXWezPug3e,whereof I the said Phillip Enos have hereunto put my,52,1,3
sU7KenthbnHZKFuj,the request of the said Sevanley did with him appear before the,63,2,0
J2qLXsmQ2V0qV2uD,within mentioned Deed as witness my hand this 17.^th day of July 1684.,70,3,4
AEbv8xhtpF4F79zL,expended Item it is further Covenanted granted upon by & betweene the,69,3,3
CWGyJXyzMrnlakKn,2d die April To all christian people unto whom theis presents shall come ~,74,4,1
iGkrEhHmbfIhCSLX,By this public act and Instrumt of protest Be it known unto,59,2,2
qhNgBuPc3mSsrbYK,servantes stocke and cropp or what is or hereafter shal be upon the,67,3,3
5O1IEicLNIBPu1Qy,appointment the sum of two thousand one hundred pounds of sugar,63,2,4
gzUVxuOtiDLpmQLK,of warre bound from London to Jamaica that that he,50,0,2
VU5NsNdRsYsqDrlD,of the Parrish of S^t. Phillipp in the said Island gen,54,1,1
mAaCshFdYBaklxkv,the Reigne of the Kings Ma:^tie that now is over England,56,1,2
iUo1aWbtDRUIBIy0,To have and to hould all and singular the before bargained premisses with th'appurtences,88,4,4
p6OtVV5wymSp2nXI,"above specified Exprest, Against their and every if their heires and",68,3,3
ga3ULsRukuu4pSKy,For Divers good causes and Valuable Considerati,47,0,2
n9UFB4CBMVr0uNgM,1644 and in the 21st yeare of our Soveraigne Lord Kinge Charles his maties,74,4,1
FrkKWbzQPMwjlko2,right title or interest from them In witness whereof the sd,59,2,1
sKl7bTCqLZkzWMTK,shall refuse to pay according to the rate place & tyme as aforesd ye,68,3,0
BUwcz5Ky6OhRUXv6,Judgements Execucons & incumbrances whatsoeuer had,50,0,1
xR8KCDXsXyGHA9k0,Humphrey Plummer hath sould unto Edward Humphreyes all his right title and interest in one,90,4,1
10gOcS95oX0kSphL,appertaineing Warranting that hee y^e said Bartholomew Rees,59,2,1
0ZEKS9pLg7MtFroD,now resident in the Island aforesaid Merchant,45,0,3
DhleKLK9m2SP3MYf,and did Depose That he was prsent at y^e Seali,46,0,0
gOlKOJwyCSiqdxxv,"mee thereunto moueinge , but more Especially , for",50,0,1
rPC4VZoIhgoYnCdQ,yeares and Six Months without and Lawfull Lett Suite trouble,60,2,3
EfSiVMeHrlSOPxeU,"Comdemns, Execucons, and all other titles, troubles, Charges,",61,2,4
SUfGVwdgBo1evMXN,exonated and discharged from all former bargaines sales or ingagem^t w^tsoever together,87,4,1
E2PaFExaUJJ6X5tK,William sign James Leonard Harber W^m Harvey.,45,0,3
KnlH3G7dTKJ7nkjh,ship from Boston in New England on thursday the Three and twentieth,67,3,2
bJEjzOhDWA5bPClV,said Robert Lea his heires exec^rs adm^rs & assignes in the Porch of,68,3,4
CF89W3oPEuK6tMmZ,every parte and parcell there of unto ye aforesaid John,55,1,0
kinToK3L1ZH5106k,"Sealed Signed and d""d in the prsentes of",40,0,2
aNZKsgtFwmNINTe5,whatsoevr had made or comited by me the said John Tunpkins,58,1,2
4s5B9C1BXqjGhjTR,Sole Notary Publique in the said Island William Condy Comander of,65,2,0
x9BUUW3VkWBq4glW,the receipt Have Given bargained Sold & delivered and do by,59,2,3
3n99KD4mXt1xgmRQ,Same Island Merchant The receipt where of he,44,0,4
O0YfVSIrZ6xGe3yo,or the premisses thereby assigned In Wittness -,47,0,1
uBxQjLV72cV5ZyOd,be requeste or expedieut to be done as fully and effectually as brought,71,3,1
Ed3OLL8NeE4mGh3R,"the said John Curtis doe here pr""mise and grant for myselfe my heirs Excers admistrs",84,4,0
cWz5e9hoNbarxPH6,Hereof To be by the S:^d William Rawlin his Exec:^rs,52,1,2
LPgcPgsRXD3oKPQR,"lived, which formerly was the plantacon of L.^t Coll:",53,1,3
CV4viruPYWcHYAP0,of Eighty & eight yeares from the day of the date hereof To have & to hould,75,4,3
kBCuWh1VPhYNNFBq,me them or any of them as alsoe freely & cleerely exnated,57,1,2
xMO15SbHjAITbaMd,To all Expian people to whom this prsent.,41,0,1
WoMRbyY6qYZKc9KU,bargained & sold my halfe pt of twenty acres of land wth,56,1,0
TKYZwRg2spCQaVrm,"& or any wise appertayning, to the said Margrett:",49,0,3
z9yfA30TQ8l4K116,any persone Claimeing by from or und:^r them or any of,54,1,3
nKV1PcUwCTNIyy7i,Everlasting Know yee that I the said James Ho,45,0,0
G1cw9x5B7stZeLKV,"Edmund Cole, and Acknowledged the (within Instrument",52,1,0
9Bb67GcVWLcgcf6s,other pte Witnesseth that the said Captn: James Holdipp,55,1,3
FUO0E7y7dkKS7MeX,absolutely give grant bargaine and sell unto the said Eliazar Cock -,68,3,1
VcwPYC2DK3Hc8z0Z,and manifest unto all christian people that upon the four and twentieth,71,3,4
yUYGN8kyJycXk6vK,with the plantacon of Capt Houldipp comonly called Locust Hall with the halfe of,80,4,3
KbhzXTpKMrULcWWf,Articles made to Andrew Holdipp gent. from Thomas Evan of the,61,2,0
Y3oobQmzvr3e9Xrw,doe Covenant promise and grant to and with the,46,0,3
40BA73h3XoVP2M7a,Island aforesaid Esq^r for a full and valluable consideracon in hand already recd,81,4,1
b0LWNTNL1OnV08EH,"thereabouts , w^ch land w^th all the Wood and Tymber",52,1,0
tgsptsz5klZGbVFq,"before the Ensealing & Delivery of these Presents,",50,0,3
JJEqtKwXTzVi23Qh,said Michael Cooke together with fouer men servants and by for the full terme they,82,4,0
RBJFdw8PQyYHuSAA,unto Robert Bridges quit: living in ye Island & pish as aforesd his heires Admrs or ass,87,4,0
qqH40JvsIEX8vpgh,bargained p^rmisses to the said Thomas Batson his heires,56,1,4
Dxd4MRxqBvRsX0bI,before and as hereafter is excepted) shall be clearly aquited Exonerated,72,3,3
FGqBCNFdUaJPUobP,"and appurtences to the Said premises belonging or in anywise apperteyneing, as",78,4,3
qrPO3YNO1TAzSpQM,and Deliver the above Deed as their voluntary Act and Deed . _,62,2,3
MHvB4Riv5FwWmk86,prviledges comodities & advantages to the same belonging or in any wise appteyneing,83,4,3
zhUVL8RjnCjRrWua,aliened conveyed assured and confirmed and by these presents doe for my,71,3,4
BPYvK2g5H6con53S,prnts that I the said Richard Gregory doe for mee my heires exers and admnstrs bargaine,87,4,1
xfH9BNTuAZfoQtrd,for himselfe his Execut:^rs Executors & Administrat:^rs Administrators Doth -,77,4,2
C3A7RlNAwd2EZsR3,and date of these presents without any of ye lett -,51,1,0
8L7LqwrQ6ULrVMCj,himselfe and M^r. Richard Guy W^ch Appearer then,48,0,4
0FDQ9zYT3uCi0uV9,& duties for the same the said land being pte of Twentie acres That I,69,3,3
JU0SngC9joWB43Oz,by vertue of a warrant to appraise a percell of land,52,1,3
Qym0HswizLA6Lsrp,when in the said Cubitt was obliged to saile after his departure from,69,3,0
0EGwwN5J2iZeCBOy,there fore this appearer hath as will for him self and company and owners,73,3,0
WWHAYoiZBA6A5D82,tyme of the said tearine above lymitted as she may bee conveniently Ended and,77,4,4
EJdMU1iWEarxip2G,Jones and preduces which hath shall or may be suffered and sustained,68,3,2
p4fRXp9utROMSbhs,quantitye of tenne thousand pounds of cotton to me in hand paid,63,2,4
9WYpEyDAJEsbq3jb,Christchurch adjoyneing and abutting n the lands of Robert,58,1,3
68CNOhib0Ck65VUc,negroes and Cattle to Come and Pass in by & through the said,60,2,3
Pz6xt3fTfT158osa,This 21^st day of Aug 1667. personally appeared before me the above,67,3,2
BZDBBS8zWdSNfLhM,"on Estate, in ffoe Simple to him and his heyres or for Ever",59,2,3
n12ujfTp9wzGdRtq,Entred the 17^th To all Christian people to whome these presents shall come I Michell,85,4,2
3HXJGaaSpaav7mDI,from henceforth absolutely for Ever. And I the Said -,53,1,1
8RFbyc9FW5fEqIff,"where of we do acquitt and discharge the said Peter Hancock, his heirs",70,3,2
FQJmZRFAvKe4v5n6,moveinge doe hereby for myselfe my heires Executors & Adm^rs,60,2,1
78ZIDnWZB1mfqKmS,which Shalbee in the yeare of our Lord one thousand Six,55,1,2
CAx2gZonvl1KsMxE,selfe and as Attorney to Dame Elizabeth Rawden,46,0,3
q7lH9zMKOb4UUQ0s,To all that shall see these presents had re them to he reade S^r Richard Chiverton,82,4,4
QsoYWbDpit1yQBXH,ove~ name Judith Powrey appeared before mee,43,0,2
xvJpYswwN9v41x7B,of nineteen thousand nine hundred pounds of good,48,0,1
Pl11tq5T0vtV08Eu,and assigns warrant and forever defend by,41,0,4
DD6YIXesvysCUs1p,Mashart doth bind himselfe together with two sadle mares one,60,2,1
AkJJOESrS25phQ8j,Witness thereto required Michael Martin Joshua Notstock Richard Clay -,70,3,0
HuV1H1NtMy4eClgx,unto ye said John Higinbotham his heires executors,50,0,1
kA6SRqHGeavSbpLf,therein Conteyned bee any way prejudiciall to the right,55,1,4
p8C0lWrzQrXuZzas,of the Island aforesaid Merchant the receipt where,50,0,1
NrkJehwID4U6zvcK,limitation of any use or uses estate or estates,47,0,2
y0fN5ASPOufNzzkE,"exonerated , and discharged or, otherwise from",46,0,0
XKlA6epXFRg4vbsR,in my name and place all and every other act and acts requesett to be done in,77,4,1
sqkfI0jMQKIEsFH6,above written I the said Francis Comtone doth bunde into the said W^m,69,3,4
iFSqEaAMW62x9pZe,and grant to and with the Said Girles Duboies and,49,0,2
7rzBetUtECB7fGPW,and doe by these presents for a valluable consideration in,58,1,4
zEiQLXkxt7n3XO3u,procurements and now I the said James Townes hath sould with the,64,2,3
UoyBxnNCPHHwHCZt,"belonging to them, when Each of them shall Attaine to the Ag",60,2,4
H4klGVFJaF6mNdc6,"hereby granted , bargained and sold, or meante,",47,0,2
pc7lfmzFeAdPppGt,That they the Saide Royall Affrican Comp^a at y.^e tyme,55,1,4
simfQ8IiScWS2y7H,Richardson which is now or was late in ye tennor,48,0,3
qISmAlIf3V8mshoY,of me the Said John Redman my heires orassigne,46,0,1
3KPWRokCeZ2csbuq,know ye yt I ye sd Tho Warmull for divers good causes & other valuable consideracons,84,4,0
h89NNviMIb8UbZyf,ye sd Jo Barker & Hugh Addison have sett to or: hands & seals ye 20^th -,72,3,4
spkBD9q4ItBrOoeX,and freely and clearely aquitt exconerate,41,0,1
yhc6bG1OMQ3J6ZRE,so ever and how so ever and did also pay or cause to be paid to the,67,3,4
hBYdzQXYqQ2VqZLc,often good and valuable causes and considerations,49,0,4
djN5Xq04IWatSBGH,ccon disturbance interupcon Claime or demand of,47,0,4
T5PNDHJGtw2GOTUF,Secretary haveing heard doe protest even as by,46,0,0
3HolfvkK7cd19Fse,and about the only dayes arrived at Eowiffe and,47,0,0
iAmP4ZHpOZIYbyYT,binde mee my heires exers or admistrs in the penall summe and forfeiture of thirteene,85,4,3
OEK432MiDgO67vSz,his writeing or bill of sale bearing date ye eleaventh,54,1,2
yWbHef45aDgsMVl6,my meanes or Procurement. In Wittness whereof I the Said,56,1,3
mRWOIsDzWyMf4MZw,gained premisses with their appurtenances unto him,50,0,3
0MyuuckTr7Vk5Tf2,to his and theire solee proper use and uses for,47,0,4
ZyAi3AlpuSWKy7ax,execucons extents statutes staple and of the merchants and from,63,2,0
Y1yJ4jTNbVxTixzv,These are in his Majesties Name to will and command you to,58,1,0
BBCgqIvo7oQmXhFW,Entred the 2:^d shall come I Joseph: Warren Marshall of the Courte,66,3,1
3d7lglLZeIkmAm2E,This 16.^th Day of December 1676 M:^r Benjamine,47,0,0
ofAeh9EDA25ICi2M,Estwicke onely excepting what pte thereof hee the said Richard Estwicke,71,3,0
sqmcbNfd8MQ51n8M,seale and deliver and all and every other act and acts thinge and things decree,79,4,2
YVntXQMkEyAJdKOH,upon demd unto ye sd Owen Williams his heires Ex^rs Ad^rs,57,1,4
TK1QseQdnBFuH8ay,Easteward on the Streete and boundinge westward,47,0,3
y9ZeBn5riflvsxbI,Heathcott shall give way he having notice thereof Wittness my hand,66,3,3
QjCIsyNKCmnR4utK,him the sd Thomas Hart his heires Executors or Admrs forever have given granted,79,4,1
YCP9HgrBKwpLup0X,Luceys and Island abovesaid Send Greeteing : Know yee -,55,1,3
RK0I7kFhJjASu94X,Annoq Dom: 1641------ Whereas the above bound en John Greenhill,63,2,1
K1fvJx6TQtPk0ool,one musketts & bandeleers together with now upon the plantacon,62,2,4
H9jmm42cKDbfMZLI,the Island aforesaid on the one part & George Henthorne of,58,1,0
D6VOiydlgneQGSbB,be borne of the Bodies of the said negroes dureing the sai,58,1,4
FBSkhm8rAWfzrRye,part thereof Cut from all Actions Eight Estate Title Interest and,65,2,4
urBljT2akekmVUFR,from all former guifts Mortgages or duties or other Incombrances,64,2,3
gcoZoTE0XUST4daI,Jn^o Moodye or his Assignes all our right title and,51,1,1
jVzFYObHIdSw2cev,Acres of Land with the appurtenances and all and every the,58,1,1
IhAEG37ayOy9PrQo,Plantacon of W^m Russell and Richard Robotham now in the tenure,63,2,0
Rscke5x07F8infT8,Gent: Deceased for divers good causes me thereunto,50,0,4
mAl2HLzOK45yVqTY,and Rebecca his wife sendeth greetings in or Lord God everlastinge Know,71,3,4
65I6eUyKmYrULhaY,and the said Christopher Jarson doth hereby Cou,47,0,3
dUkR6ecLp7AFUU7A,St Johns in the said Island butting and bounding Easterly with upper part,73,3,3
EGV4gzx5BaHH9d4R,"without any Lett, Suite, trouble, denyall molestacon or",55,1,1
Rz92ZJxfYzaqIhDx,lawfully clayminge or pretendinge anie right title or interest therein And for the true pform,93,4,1
m0Nv002bd8eyHdNP,To all xpian people to whome theis presents shall come Henry Ricroft,68,3,3
061vly0ox61zcjjM,or howses w^tsoever and to make a bill of sale in his name as an attor-,71,3,4
d0GDhxyZqWPEIPWo,and to hold the aforesaid ninteene acres and a halfe of land and,64,2,2
tJBAEfHAq8rj9BiX,Sealed Signed & delivered in the pnce of us,43,0,2
j3NPdohPclRG3CLu,assignes for ev^r w^th out the lett trouble suite hindrance or molestacon,73,3,0
qAEKZsb6Wo0XBU2B,also for a valluable consideracon by us receipt whereof we doe,62,2,0
qNxW3f6K7nxd0P43,I have sett my hand and seale this 13^th day of January 1640,60,2,4
7GXQHqiSuL9LwLN1,then for me and in my name undsteede to sell put of and dispose of all my,73,3,2
t6eMEwn0Ed8Rd2Bp,the said two parcells land with all the profitts,48,0,1
C3NGmXzmerBkRt83,ye sd Jo Collier his Heires Exec^rs admrs & ass shall & may at all tyme &,73,3,3
kJyoGf9h9bwa8iT3,Franncis Pearson Thomas Panton Tho. Godwin,42,0,1
aFm4oxbaATq2SuXu,Upon the Lands of the aforesaid Tho:^s Thomas Nevinson,54,1,1
kQq367x1H50H34pB,the Said Island Cooper for and in his owne behalfe,50,0,4
IDAdn1Ay5XL8Sb24,and Francis Pearson with all profitts and commodities thereunto belonging or any wyse appertayneinge,100,4,0
gWRa8FIM2RcOEIBK,Hundred pounds of Sugar P Acre which amounts to the Sumee of,60,2,1
uf4PQjnhe0vqgOeh,and his wife and ould Mary (three Christian,43,0,3
qncg5yvO1wBZioGJ,hundred pounds of good mchantable tobba in hand received-,57,1,2
RjevXoIyhg9vhhf6,the Parish of St George in the same Island Esq:^r,49,0,4
d0ZninoI7QZwZqpC,use and behoofe of the said Robert Porter,41,0,0
EoC5ibXpPFyo8JGP,the appurtanances proffits and Benefitts there unto belonging unto me,69,3,4
XRiZ1QYwCM4upYwB,wharfes by the Seaside in the Towne or parish afo,49,0,0
uysChF10CJqcf97M,that the said Thomas Chapman for and in consideracon of nine,60,2,2
7varDbZka3xNRyXG,Lord Gov^r or otherwayes and for the p'formance hereof we the said,66,3,2
8XFmoijes2YgGXI1,watter tubbs and a Mabby Tubb with halfe of all p'fitts and comodities thereunto belonging,90,4,2
dTlQQMrb1oFxnwOS,Lyeing and being in y^e. Divission of New North Sound in y.^e Island of,71,3,0
3vO4uEV8rlfzUrpu,yt ye sd Robt Harrison is for to have his diett wth ye sd Jo. :,63,2,4
Can6yHzdv70dzpcz,In witness whereof I the said William Dighton have hereunto set,63,2,1
vVClo8Ov9OdfNrDn,"In manner and form aforesaid , And that the said peece of Land -",64,2,2
PBQMm03hngY2z53t,use and behoofe for Euermore In wittnes whereof the,51,1,1
od6jHCuZCrcwGNW6,merchant on the other part Witnesseth whereas the said William Barron,69,3,3
i6m0LHT6t8Ftl047,John Burch comander of the James of Bristoll the sume of three,62,2,2
gICNJLE4AXopRWci,"to be signed Sealed, & Dilivered in the p^rsence of two or",58,1,1
sD9kN7kTIsll1TS5,and interest of this within specified bill of sale and all other thinges in it,78,4,3
IfQTg5dN4VAxNJtQ,of the said recited Indenture against the said Ralph Wyatt,58,1,4
kGAO73ocDQVbDHfV,"being and all wayes pathes, Water Watercoures Lights",52,1,0
KxwfelTXDqEqW4CP,To all to whome these pnts shall come John Machen of the Citty of Bristoll,74,4,2
7gsNzoZwubfLnxn5,Att tenn dayes Sight of this my first of exchange my nor,56,1,0
tnojrMXUYhPmwFDK,any of them fifteen acres of land (vizt) that plantacon where upon I now,72,3,2
umDbhVoPETzSVb98,possession of the Land thereby granted and,42,0,3
wZqvr4MS4rJaH8mf,I Morish Ronan doe hereby certify to have delivered possession of tenne acres of land unto Thoma,96,4,2
ZUQxCgjLb3UgvTdD,said Jon: Smith doth hereby covenant and prmsse to and with the said,68,3,2
gSRuO29rOsFt1Fpp,of them freely and clearly Exonerated Acquitted & discharged,60,2,4
O1MRN1WeBLwo8w7W,"his Horse at his Comand and his Negro, his Horse",48,0,4
SmE8ZgCY5IPxdYOV,pforme the articles of agreemt that the said M^r Nevinson hath signed,69,3,0
exmvmM2zho1BUFrW,-ing by from or under mee them or any of them In witness whereof I have here -,78,4,3
JtHEKW0GOMAVmfKB,and soe god send the good shipp to her desired port in safety Amen Dated,72,3,2
SuH6wMIGnSgQ0cpc,sell alien enfeoffe and confirme unto the said Christopher Novison all that,75,4,2
lUhwVOKwIsPf6OFr,marchantable tobaccoe or residue of the said seaven thousand ~,62,2,1
DA0BjbsDhKyaLtcP,the Careeby Islands for mee and in my name and to my proper use to demand,73,3,1
qoL3WcLueOM1vz4z,"heretofore had, made, comitted, Suffered, or done by the Said -",63,2,4
q8AUesKCruMFPLng,unto Owen Williams of ye aforsaid Island gent his heires Ex^rs,62,2,4
D7Mhgjsq5lfeF2x6,and sedule bearinege date with these prsents Witness whereunto I have sett,74,4,2
vpZXxoDuVhSpCU94,clayme to the prbargained prmisses contrary to the true meaninge of these,73,3,2
IV1mn6z8vNWCtF4c,p:sone or p:sones whatsoever; In Witt-,38,0,1
PukGWHlmh8njNNBF,"of God of England , Scottland , ffrance and Irela",49,0,3
R2KvElU31GpMCHma,teene acres be itt more or Less scituate Lyeing and -,53,1,2
B58v1KtVMfQW2IAI,personally appeared before me the within named,46,0,0
7d6Y22onHRFVI4HR,and Assignes all that my plantation whereon I now live,54,1,0
Q6GobLKKErSVgYLl,I Thomas Radford of the pish of S^t James in the Island of Barbados planter,75,4,2
e1hq4Eu4sQz8Bjr6,of and the Said Plantacon and Every part and parcell thereof,60,2,3
14IXk49pslIq7TaU,late in ye tennor or occupation of Ms William,45,0,4
SJoB7R0aR9KOtnHA,St. Lucies in the Island of Barbados planter Send Greeting Know yee that the said -,83,4,3
MJnAD5fqyEqKc8By,1647 shall come we Capt: James Holdipp of the Island of,55,1,2
lVZvveUUn17Y9rXs,my right title & enterest of that pte of my plantacon whereon,61,2,4
3aNjJcp5oCZfqjRh,To all Xpain People to whome this p^rsent writeing,50,0,2
3nmWKVVt1SRn4L0t,The above named Katherine Darrell appeared before me this 15^th day of,70,3,1
ZjCUgHoi2j7Rr5bk,To Mr John Reid This Collector In Barbados,42,0,4
WJmMffgx1nlckzsd,assignes in the penalty of fower thousand pounds,48,0,2
euxcjMUOZ4gyGUfv,"and assignes by these presents that he the said Isaac , his Executors ad",72,3,2
WKQjvXvHXpdamZ1w,to A Bill of Sayle under his hand beare,39,0,1
WIcw0CgN3RVJ3oVP,other pson or psons w^tsoever lawfully clayminge and right title or interest in the,83,4,1
Ij8EjOnuKcMXyd7Z,and manifest unto all Christian people that upon the third day of March in,74,4,4
6RfxfZH75ZWfDIGj,especially moveing have given granted bargained sold alienated,62,2,0
xmDTodTYrnD5AnhH,Edward & Anne Porte of the Island of Barbados For divers good caus,66,3,4
FWAXypQCUOknKU1w,To all Xpian people to whome theise pnts shall come Philip Lovell of the Island,79,4,4
kcSwAD4Du7Y28zD3,causes and consideracons me thereunto moveinge and more especially for,70,3,2
2YTTFF2An3JY8oX8,his Wife ( Administratrix of d Singular the Goods and,53,1,1
MXZrpYSpDd7lBxCH,And Reversions remainder and remainders of all and Singuler,59,2,0
XHjtzIvq24L5kUFQ,load of the said ship in money sugar or other goods the said,60,2,1
GWq728X2oFCfrZbm,Holdipp and Capt Rich Holdipp their heires executors,52,1,1
4yFnuUaEJWfVdQFl,To have hold occupy enjoy and posses the same to him his heyres,63,2,2
Clt9zeMgR0MX0yuF,heires exers and assignes forever and for the pformance he binds himselfe in the,80,4,4
V1BsWESiUlUXL607,aforesaid articles above specified Then that these p'sents to be voyd and,73,3,2
XPY28ckUybV2lHPt,or either of them or any Claimeing any title by from,52,1,0
0XlNQGqkURv7DMLe,and all other the estate w^tsoever which were parcell of and belonging to the said,82,4,4
h6OV8RYb477Elahf,Thomas Cooper of ye Citty of London March^t: ^ sendeth greeting in our,70,3,3
9V044ZsNKfuoC0cp,To all Expian people to whome theis prsents shall come greetinge in o^r,71,3,0
nIn82gLotIW9KfJ5,By this publique act and Instrument of protest be it known,58,1,3
09ZWIIhy3aQm4xZp,administrato:^rs of the Estate of James: White Esq:^r,53,1,0
cfbIMzPvsAYgkuoz,30^th of May 1654 personally appeared before me and did,55,1,4
28i5Fm0YKNEqhvMj,Comander of the ship called the Thomas William of,49,0,2
N4zbOHsgUSwRJXv4,order and direct of y^e same either by herselfe or any other whom-,66,3,3
OPirApb1YBhVAi22,Knowe all all men by theis prsents that I James Percell,55,1,0
fLTAHKXSZVoSfpxa,truly deliver unto M^r Francis Smith or his assignes the just some of five,74,4,0
gKVCQDEsIBDxNx98,guifts grantes due debts and demands whatsoever which formerly,62,2,0
dp8j5O7gsxdwD6y4,man servant foure breeding sowes with divs other meassaiges hereunder,69,3,1
I3fk5Kh0yowPdtXK,Grant bargain and absolutley sell to the above said Hugh Bayliff,64,2,3
OukUe5SC1KVcOYb3,Assignses at and Imediately after the end and deter,51,1,3
vQKErCCBwyXuL5cE,his hand the Eleaventh day of October in the yeare of our,57,1,0
rat7Ymfb6NaDEgQJ,"Cor leg, at the suit of the item Honu^rble Collo.^ll Edwyn Stede, and Stephen Gascoigne Esq^r",93,4,4
NWgPy4CJ74OCuVS7,Thomas :Wiltshire his Executo^rs admi:strators an,49,0,4
gKgjPAdqSUIwVHKA,with - a petiton thereunto annexed the tenure,45,0,0
0od9CY9Q4CKZMFue,safty amen Dated in barbados the 30:^th July 1692,49,0,2
Kcfai33Zzonq7N1i,Therefrom Exonerate acquitt and discharge . Haue demised,56,1,1
oLRXuIDPQmX0K7w5,all timber trees lyinge growinge or being on the sd plantacon wth all ~,71,3,4
fswCOIGD9ZW6cSPC,"woods, groves, timber or timbe trees easements, profitts, comodities",68,3,0
3dH4nxyz4Mf03Wby,& assignes from the day of the date hereof forever without any cause,68,3,3
kM0IDYRoPHBYRrcd,then Thomas Barr formerly German he now,39,0,4
bP7FUhvfg8zKS8Ry,Shal be made by the foresaid p'ties w^th helpe of the fores'd Langline,70,3,4
avXiOqkVCJTBJahe,in any wise belonging appertaining or with the same,51,1,2
U9msClRel9lVGhyc,pretending any right title or interest therein - Further it is granted by me Edward,83,4,2
2jqpwJ9AfFAIkk8u,land of Nicho: Barefoute Marmaduke Farnall and Tho Martin to the,64,2,1
2Am6SzvKFlFzDBHF,premisses before granted expecting what is before,49,0,0
qZkZtKxZAlK0hE6Q,of good merchantable muscovado sugar uppon or before the,56,1,3
BSeyiWakHVhkmC3h,west to the Edge of a greate Rock Leward of a mighty River concluding in,72,3,3
BpxlqhpP8bjTlZ7H,their heires and Seales the day and yeare first above written,61,2,1
SmPrS72Ia4Wc4jjQ,"that he might have a sight of it but ye dept ,, all _",53,1,1
UreeKX6RvvBrbK7Q,personally appeared in the Secretarys office of this Island before,66,3,0
ng2CmSayzl1LnQ9P,of one Acre of wood Land in a place known or called the Valley,62,2,2
qM5q4bWpR7YWPR6N,severall Judgement & Execution thereon in y^e name of y^e s^d S^r Jn^o Maynard of,81,4,4
TaMBRpw36g11RuNe,Lawfull to and for the said henry Harvey his,44,0,2
Na07mYk5z0FgrLsN,wch hereafter shall or may hereon come growe increase accrew or be or,69,3,0
eTzOlLZJQ8FcZkvj,And Interest of in and to all and Singullar the Lands,53,1,2
6mUlAcXaOxTvZNxv,and assignes And for the true pformance of all and every the articles,69,3,2
NEPwl39BHzA7xdIn,hee the said William: James doth acknowledge by these p:^rsen,61,2,1
yatSlFGxSFYZgWdp,the intent that W:^ch the proffitts frome the same ar,53,1,0
7nneMYN2EgZhR2xo,sell alienate enfeoffe & confirme unto him the sd,49,0,1
R37EK4pEtfz52TcG,Thomas Rouse of the same Island Barbados gent of th' other party Witnesseth that the,84,4,0
B91D6rYSd5HRKgkR,of our Lord God one thousand Six hundred Seventy and Six ;,58,1,1
ArnWGhwBhsRRLFHQ,Record 25^th To all Xpian people to whome this prsent writeing shall come Francis Dickinson,91,4,3
fPQsGsRu9rt73mba,"and Sell the Same, unto my Loveing Brother Nic",46,0,1
TXxdUAseaneIteOP,March Anno Dom: one thousand six hundred and Seventy -,54,1,2
bfI2CRQ9fGzmFuMM,the lands of Francis Rainsbury northest and our John Morris and Arthur Warwick,78,4,0
qvCMjoizFerVQIvG,of sugar and one asneko to us in hand paid and delivered,56,1,2
X3OwvQCMDOZbUDMY,"and Freely and cleerly acquitted ,exonorated , and",50,0,0
UJWwVHbmobHAOq0g,informed that the said Codringtons Sloops have madmade any Voya,63,2,4
6ZzbooUinUbLGkhx,~ted~ prmise and grant to and with the said Jon Dobly his heires exers and assignes,83,4,0
GprQFnIiU74KKEpY,either of them or of any other person claiming by from,54,1,1
aptc88H5YsQICiKF,Merch : tobaccoe well made up in wreath & Role to us paid by Ralph Harrison,75,4,0
qXaumRPVuACdVEGM,he take them at eighteen pounds sterling one with an other which,64,2,2
ymqcM0eJYwGawwIV,Anne Carsbrick her heirs Executors administrators whatsoever or,63,2,0
90PHXq5Yks2nSVSh,and equall moiety or halfe part of the said plantation lands and,64,2,1
u66mQQfmqVfCAllI,"or anyway Concerne , That Stephen toller of the Citty of",56,1,3
PGzR1Iv8bh4qlL9q,Sixty and Eight and in the Twentieth year of,44,0,1
D5XSEvJceRvI0r7B,administrators and assignes and doth by these presents fully,60,2,3
Mf9OjERUWYa1AubC,& nowe in the possession of the sd Colonell Woodhouse,53,1,1
39cqDb2KVfedVp0t,will well and truely pay or cause to be paid unto the said,58,1,3
mTTGusap5mALLMvi,1640 - Signed Sealed and delivered in the prsence of,52,1,0
jOkYRBMeyyMDHqJ3,-tages to the same any way belonging or in anywise apper-,57,1,3
LiRXmqiAJmttftK7,syde And in case default shal be made in payment of the said some att the,73,3,1
J5GjDUWzL8Q72EQO,Land wch must be fifty poles in breadth Lying & bounded upon George,67,3,2
Rhv4PHL3WW56dgyP,Plantacon take and possesse those servantes above named withall,63,2,1
2a3w6Toe13fcwRJ8,Land belowe the Rocke to the seaside path in breadth but two,60,2,4
OupQzUicx5r0tMmX,heires executors administrators or assignes.,44,0,4
FdwaNDvtwgaw4Ulz,said heires exers admistrs or such lands grounds houses tenements servantes,75,4,0
CVR2Vu4i90he5kCV,"John Gabbett , Edmund Read , Phillip Pelling",44,0,1
K3wkW2JO57HZNxMr,Scituate & beinge in the pish of St Peters in the Barbados,58,1,0
8Q1kahXfPT6yzTL5,of Barbados planter sendeth greeting in our Lord God Everlastinge Knowe yee,75,4,3
2A1FnBz1tHupjb3Q,in ye penall commes of two & thirty thousand pounds of good,59,2,0
TviLw2mCVDYq403b,and grant to and with the said John Barwicke his Executors,58,1,1
fh6vXk0uuGRB1lDC,George Standfast Edward Pye and Edward Chamberline doe,54,1,4
OG85kutgFZAIK9jS,"or Comission, and Severall powere and Authorityes",49,0,2
2V8r8Lwwk2GXUNpG,"trouble hinderance molesta""con vexa""con trouble or deniall of me the said Capt",78,4,3
9edWAijE0kWZ8pzY,assignes one sixteenth parte of the above said ship called the hopewell,71,3,3
JLmKe90iL983w3zw,thereunto belonging or any wayes appteyneing to her ye said,59,2,0
VfA8Rllc17Tz2PUR,two Sales bearing date and w^th these adults and all the mograge Land Chattles buildings,88,4,4
vYfu2mBX8SAnCC2J,and John George all the right tittell and interest w^ch I have or might have,76,4,3
DMkCJDyC8I0kpzaO,thousand six hundred sixty and eight and in,43,0,4
r02oKdpvZBVb3iHw,"M^:r Thomas Wright, one of the wittness to the w:^thin writteing p^rsonally",75,4,1
8wN1va4ksj9qPXiA,mencoed to haue and to hold to the Said Samuell,47,0,0
SPUs4Tds25E8DiqO,had been & Made party to the said Articles and his said -,57,1,1
3zMguIvuDs29L7by,and to condempne and out of prison to deliver and to compound,61,2,4
IHNOeqOr7r3sMGou,Whereas I Peter Hay Esqr have sould aliened enfeoffed & confirmed unto,70,3,4
BGlpNQVxVxqmSrqI,and the said Thomas Dowden for the consideration aforesd,56,1,3
oTdHbBKuJer5PA4E,by Capt John Swan and West by Capt Henry Guy Together with all houses edifice,77,4,4
T7GOPCBYhgj2qW0L,bought of John Hales Junior as by a bill of sale dated wth these prsents,72,3,0
2tqVGDygRZva0TWs,granted bargained and sold and by these presents,48,0,2
uipEGmSNbqN96FwE,"inconveniencyes, troubles, and incombrances, w^ch",49,0,2
k8Jx68hM2AhhxKsc,withstanding and we do hereby in case of such failer and non pformance makee,76,4,2
lz0SbzJ0IYZHFeH1,psents for him the said Thomas Hothersall his heires executors & administrs,75,4,3
s2iXzUdT53CJ09j2,and persons to whome the said Messuage and Land and other the,61,2,2
uxnp0dINUWimSpmP,to and with the said Philipp Chooke his Executors Adm:^rs and Assignes in,73,3,0
2AopDNk5l6orgapQ,to pforme the covents above menconed That is to say if W^m Bacon shall,70,3,3
cta9imAKmAZ04jBJ,absolutely give grt: bgaine & sell unto ye sd John & Rich^d Two acres,69,3,0
9LOWWZHYaqkxw9t5,Ediffices and building and of all and singuler other the,56,1,2
JDM5gqB6wLwgfPjb,Seale & as her Act & Deed Deliv^r the Deed hereunto annexed,59,2,3
GQcMz6lRsraAnbYA,all things therein contained~~~~~~~ I the said Edmund Cullen doe bind me,72,3,0
6kWodZ3gz78rUob6,Sell Enfeoffe confirm and by these presents doe fully and,57,1,1
WWAUg2dUnMjF1GHG,in cent it quinquagint melle libr bone et ouchanlabit ~,55,1,4
UqjctOv1FHWhpgsx,notwithStanding And allSo: the Said John Rous doth,50,0,1
V2I3IbflQXkvWzZi,Goodall and his heyres without the Lett Suite hindirance -,58,1,2
HhA9GETIUwfH0Rw7,assignes ye Just some of Tene thousand pounds of good -,55,1,0
FrXIHB1GMLzM3aHX,Lord Charles the Second by the grace of God of England,54,1,0
nH8ObsARI7iEwACV,Placon belonging or any ways appteyning to have & to hold ye sd placon & the -,78,4,2
VruDceE3Z999Cpo1,hands Receaved of and from Nicholas Rice,40,0,2
MCag8sQOPuxFa23o,did demise grant and to forme let unto the said Richard,55,1,1
OqCVfww1OZVpr2C6,ingagements or any other incomberances whatsoever,49,0,0
5QSbZqH67HzLRold,Tonn of Tunnage as afore said to the same to be received against,64,2,1
fUpjRJ2XxaEkwgEJ,wares merchandizes effects and other things to a considerable vallue wch,72,3,4
ffuyWOTIut9bkyV1,Cheife Governor of this and other the Carribee,46,0,3
AAUCVW2HAez5oYoW,this Indenture under this thirtieth Day of July in the,54,1,4
6uyPGvm01Ma1LgRC,"upon the Lands of John: Pearse Esq.^r , upon the Ca",51,1,0
8s1oFRDjMsjVQ2Z0,of of well cured Muscavado sugar to be delivered him or his Assignes in the,75,4,4
Kc1DJCluvcTxthv4,incumbrances whatsoever heretofore had made done,48,0,1
zQCYidSLC38V8wc0,in hand paid and Secured to be paid before the,46,0,3
IOxDWxCLb4oZUozO,Secretary did at the same time in the said Secretaryes,54,1,2
Yq1dCVQMbtOtIRf8,Robert Davers his heires and assignes by these p^rsent that the said Benjamine,78,4,2
P2QVXduX4SWC2b9m,other person or persons whatsoever lawfully clayming,52,1,2
lmHBUTrePa9aMvoG,Addison is for to ship as many goods as shall amount unto ye sd,63,2,2
CxQFISa58rg84b8S,"Edward Munday W^m Boote, Willm Philp Junior",43,0,0
A7edNqhc2VeCWxMO,A shedule or invoyce of the Negroes and horse in ye Bill of sale hereunto,73,3,4
sp2zWKo0KOcJMrgn,halfe of what Estate Soeuer the Said Arthur had in England holland,66,3,0
PzKYZmjAuDp3ViW7,confirmed by theis prsents doe give grt: bgaine & sell unto ye sd Owen,70,3,0
jRDeu8Vng8lXnq5v,"barrgained sold aliened enfeoffed & confirmed, and by theis pnts doe",68,3,3
VR9YIJM42zELiqaR,admistrs ~and~ or by or with his leave assent consent privity or p'curement,75,4,0
FT6Ce5fuMjeirNOL,South of Charles Easton Together with a man and two sowes withall the profitts benefitts and,92,4,4
kpDU9eaVcRRA3HE3,Lord God Everlastinge Knowe ye that I John Moseley of his Island planter,72,3,3
z73Vmy2diXxp3yGF,"hereby acknowledge and himselfe therewith fully Satisfyed,",58,1,0
iOGqwAEUNClpiZcd,Nov. 1668 of November in the year of our Lord One thousand six hundred Sixty,76,4,2
tmbcb8VpD1vX6pKW,office in Gold Smiths Hall London then this prsent obligacon,60,2,3
SPJhiXny2jrTlsNP,& diliver to the said James Carter & Demaris his wife,53,1,0
rXvkVgkwT397JBcB,of ffebruary last past for the consideration,44,0,1
yPkbfC06jLZ9uUhR,yearely and every yeare upon the first day of Aprill,52,1,0
obFSTrgCKK9PAurA,with the said Capt and Thomas Bright their heires exers,55,1,0
WdinJ0Uv7WQ64dpF,George Susack Tunner of the said Vessell Richard Yarslow one of the mates,73,3,1
QrldR5wwRPwUvWoR,of profitts & comodities upon the same by me,44,0,1
xZThV64P8tnr3s7j,and the said Joseph Gay for himselfe his heires Ex^rs and Adm^rs doth further,77,4,4
JHBUYcVNBRLiuX8o,therein Concerned for all wrongs priudices hindrance,52,1,3
97oKGKOJUAIUh24H,for and towards ye payment of fifteen hundred pounds of cotton to him due,73,3,0
BfxO9sCQpfPv3y0y,of lease granted without any lawfull lett or suite Trouble denial,65,2,2
Pjhws4deTpf6vnvd,contained and expressed in this present giante to ye Contrary,61,2,0
Eul9z9usVSOF9KYp,Willm: Cosser adjoyning and lyeing in ye parish of S^t Lucies bounding east upon Edward,87,4,0
h3qSpQ0BmETYZgSU,Benjamin Grace carpinter hath sold unto Alexander Nicholl and Richard Smith,75,4,1
htKQu1q2lCDbCaDc,to find pvide & allow to ye s^d Thomas Gardiner untill the aforesaid four,73,3,4
B8SjIneOUrOSPmTx,exonerated and discharged of and from all form.r bargaines & sales had made,75,4,3
dHlov1obK7FBBM8Z,At thirty days after sight of this my first bill of Exchange my,63,2,1
RMmejeBpD6PzgUHi,in ye penall some of Eight thousand Pounds of good sound & well condiconed,74,4,1
tx4t9ACne6R7nCe7,of the Respective moiety or halfe Part of and in the premises,61,2,0
kPNcKPRPz9Wv9YBg,To all Christian people to whom this psent writing shall come or any wise appteying of,86,4,3
964P0mmTC7ge8INv,sould to Edward Verman and soe to the seasyde Together withall profitts and,75,4,4
PHC1OR1kc81LyjIK,and effectually as the same belongeth unto mee the said Richard Gregorie,72,3,0
fsfyhrevbLpEFRWg,pay assigne and sett over unto the said Worthy as many bills due to be paid,75,4,2
h8AgBbJSGhXNE1ji,immoreables thereunto belonginge or anye wyse appertaininge unto,64,2,1
JySqF9qa4X4hM0jO,and negroes of and from the Severall Legatees the,49,0,4
QQQbOZQOqg2757I8,assigned over as he doth make or dayne depute constitute & assignes,67,3,2
OSYQZaQGaaTqO8wG,yeare of Our Lord God one thousand Six Hundred and sixty & & fiv,64,2,4
Up8ac2bW8HgGzYFc,priviledges pfitts benefitts & comodities unto ye sd Plantacon belonging,72,3,4
NJGgnIwJurj8TZsK,Gunning their heires and assignes forever all that plantacon where they now live,80,4,3
Ym4TxN8Eu760LQIb,and with Every of them that I the said David Delifer am at the,62,2,2
WpIvFoB9JbSegK5i,The condicon of this obligacon is such that if the above bound Xpofer,69,3,3
k2kNQku9HEPMYAXU,To all Xpian people to whome this presente writeinge shall come I Thomas,72,3,1
OOkbONklvlhlXX0o,Singular the premises with the Appurtenances and,48,0,2
n1l3vnF8UyUuDzMW,and agree to and w^th the said Robert Drye his heires Executors Adm^rs,70,3,1
P8HwYMKT1VzWqH7A,To all Xpian people to whome theis presents shall come me Jon Luchills,70,3,0
0lk8Uns6GCrKnMeB,ecutors administrators and assignes firmly by these,51,1,1
OuwKbsQ35zh4cdDM,Greeting Our Lord God evlastinge Know ye yt I John Morse aforesd,64,2,3
7BZjlemlbtSecskN,other pson or psons wtsoever yt shall instly lay any claime right,65,2,0
ju2U8QRISooEBXX5,according to the time and Contents there,40,0,3
ZEKHXEk64HFm0ZSe,their or every of their rights members priviledges and -,56,1,1
2mWELvGkL6gvI98O,hereof I have hereunto sell my hand and seale dated this,56,1,4
Tdug2Ir2mPNVbv1R,all the right tytle and interest w^ch I have in the twenty acres of land,72,3,1
tpGrZdOq4y40b8J8,to Peter Richmond or his assignes Witness my hand this 10th day of September 1641,81,4,1
WgVRi0DQ8lzCaGz2,war^t the sd Robert Renolds his Adm^rs & assignes from all maner,64,2,0
GpybFUz8xWITgCoK,To all christian people to whom this prsent writing shall come I Charles,72,3,3
N50J8aGUyuu2haHA,may be filed in the Sec^rys: office for the future Satt,55,1,2
6DHI4NkeqhIhcdDk,against him them or any of them or against any of them,54,1,2
o4tac263SYOVgGeT,then on the said fourth of this instant may and being ever ready at,67,3,2
b7A7jpiDUjoPEhCN,heires or assignes for ever with all profitts and comodities -,62,2,2
xWrgiflBCJJGAgbf,pcurement and for the true pformance hereof I the afores'd Richard Habbott doe binde me,87,4,1
QeV7TK1FhLMDuJg0,Knowe all men by these presents that I John Simpson of the Island of Barbados in,80,4,3
yFxcfTtBHpPhrzxa,By this publique Act and Instrumts of ptest be it knowne,56,1,1
nwVG0ld1hzYm1cfW,whereof I have hereunto sett my hand & seale this 11th of,57,1,4
bGUXJjt8dm0UxR2p,to be void otherwise to stand in full force & virtue,52,1,2
lGFgeDZh9ZBx3n9O,"other whatsoever thereon Standing, Lyeing and",45,0,1
esXaLJlfkFclphJM,deced the twenty day of July (1676) and the charges amounting in the whole to the,81,4,4
ObzTNx6ou067rS8f,summe of twentye thousand pounds of cotton -dated the 4^th May 1640,67,3,0
whOi8uoG5Pd3PYAm,hereof the Receipt where of hee the said John Toppin doth,57,1,3
v4V0jo5CDCiKBzRu,Terrell doe binde myselfe my heires exers admistrs and assignes in,66,3,1
ddLEG62Hkd9Gf2le,Town of St: Michaels aforesaid in the Island aforesaid,54,1,3
GmJt9luZoy6Z6O2t,M^r W^m Phelpes have taken the oath before me that they have made a,67,3,1
tY96oPJrWQu6cR9S,Plott of land is now in possession of the,41,0,2
0lw9A7sXGwIB6tFB,"in the Island afores:^d Planter, and Jartiew his",48,0,3
ndloBtg2ljsWE7qb,Bee ~ it knowne unto all men by theis prnts yt I Thomas,55,1,3
BSW4uJhCPNgQxUEJ,his writing as his act and deede Henry Harvey,45,0,3
JTuyMHsDGMBgYSh2,doe hereby convenant and agree to and with the said Philip and W^m their heires and assignes,92,4,2
9mx4CCCsfQtLcxEf,adm^rs of the pty deced and not to be hidged without his owne,61,2,0
ptuXstzPGsZ5p9Wl,Appearer or any one with him concerned for,42,0,0
kDa9U4UqGWlG6g3O,"and for ever Defend by these presents In Witness whereof,",57,1,3
iyP13zd4RJ63A8LB,peceably and quietly have hold possesse and enjoy th,52,1,2
0x7CLKlC5bF8QKw4,& layd out for the manadging of the sd land now or wch hereafter shall,70,3,1
tdtUA4VWyJj8hjfv,to warrant & defend the sd Twelve acres of land & evy pte &pcell,64,2,4
Yy1NKXy9jbHmOrFK,"hand seale the 24"" day of May Ano Dm 1643 in the psence of",58,1,2
Kz5iJqbDZBRPQLZv,and noe bills of Exchange sent ^ for England as aforesaid then and in such case the,83,4,4
yaIYUvtI18f8236J,hold occupy possess & enjoy ye above bgained primsses & every pt,64,2,1
ZmicBfRBm0Oj1Mqu,witness whereof I have hereunto sett my hand and seale this two and twentieth day of,84,4,1
H7hBCkmIzBvQAc7z,"Shall Erect upon the plantacon as aforesaid, Shall be appra",59,2,2
18fCCrK19SfhXEBC,To all Christian people to whome these p^rsent shall,52,1,2
UkcAGg0uuJOmNn7I,& by their pnts granting unto his sd attorney full power Comission & Lawful,75,4,2
GEondblFO0ypTiZD,"being hereunto had more fully appeareth, Now",44,0,0
ZyrsKODZ6sEaTdai,Sugar is to be recovered against him or any one with him concerned,66,3,2
zOYUxc4wvhKgQ0VZ,hereby given granted bargained ~ and sould aliened,50,0,2
nWx0gk0IqY3Jny2M,"or any other claimes or incumbrances whatsoever,",48,0,3
Ju8y4IxbU9BWyr9G,do Save harmless and indemnify the Said Richard Downe,53,1,3
fmUhGrx6AbvN91No,ye Church land west upon ye plantation of Phillipp,50,0,2
SRrsPVIZrAm2elis,pounds of cotton bee fully and compleately satisfied according to the true intent,81,4,1
qsATscp6vbC72AM7,James Caust. present and witnesses to ye sealing,48,0,2
uqRuAzZCBzq6drFU,Inter 13^0 die To all Xpian people to whome theis prsents shall come wee,72,3,0
LVSjwPTLdYBSZFDh,"from the true and Lawfull right and possion, of all and every the",65,2,0
1xbuBYyuJJVmZnNG,and serve the aforesaid plantacon free from all former bargaines grantes,72,3,3
Gk4RVw5UbHuvLlvY,with all the said Negroes in the said list specified vnto the said Richard Barrett,82,4,4
VcHSghViBX2b8c8m,be in the yeare of Our Lord God one Thousand Six hundred forty Eight,68,3,3
mDcut1Oit1ufRONd,Skinner for the full time of four years from ye day of her,58,1,0
kPAzLmp1weo98ri5,Esqr. in hand paid and satisfied of and from all which I doe by these ~,71,3,4
txyZ63mYz3ENGGRZ,yeare one thousand Six hundred & Ninety and Six one,51,1,1
WVTqEoaOJblHk8gn,utensills and Implements More perticullerly,43,0,1
UQdAdYYp7KH2edCK,administrs and assignes and for every of them,45,0,0
k1Iz3TosZk6xvAnJ,23^o die July To all Christian people to whome these presents shall come,72,3,3
vAV1au3Dfi1gMHJX,oweing comeing or belonginge all such manner of dues debts or demands,69,3,2
yDtDsyJMEeviTEmj,claymeinge or pretendinge to have any interest thereunto In witness whereof,75,4,3
C5akFGsEmttD1KYm,All And all manner of any other fformer gifts,45,0,4
GDAdNAC8oCkxcdKp,"bargained Sold, aliened enfeoffed & Confirmed, And",50,0,1
uW1HmbRaOUpoS4wt,bound Tho Richold & Tho Doughtie their sevall heires exrs and assignes or either of,83,4,0
Qkew66HYhHK6FUaR,hold stuffe & all other the aforesd prmisses wth the appurtenances,66,3,3
gxa2gi146XRXUo6v,Woolfe his heyres and Assignes from the six a,45,0,2
k2lhljsl9WZCB94E,of money goods wares merchandizes effects debts dues and demands as,67,3,3
R6HfPQBGxbxtl8nv,Symon of the Island aforesaid planters their excers or assignes according to the tenor and,90,4,2
NtrVjAYSfIr20vun,or by reason of the said Tempest and Storme,43,0,3
4B4Tehj47iYmmIyS,services of two men all swine & ffowles one Iron pott and skellett one chest,76,4,4
bTSw8KKjK8m1Z4FI,W^m Jarris and Capt Edmund Read or one of them their exers admistrs or assignes shall,85,4,0
QtaVFLNiZRVfy4rw,of them I farther for my Selfe or any other parson or persons whatsoever,72,3,2
ppPtLf6Se3thvkbI,twenty five acres or thereabouts and bounded with the land of Lieut Wm Pead &,77,4,2
AzGee4nn9NEm7BCb,Lord God Everlasting Know ye that I John Smith aforesd for,58,1,0
G7WoVUJi8mFdQVIr,"Sold, aliened, infeoffed and, Confirmed,",40,0,0
gLJpzK5eYuCnRDBX,Island Merchant for diverse good causes and more especially,59,2,1
aSv0h3BSiEeoyfUZ,Knowe all men by these pnts that I Shymon Broughton of this Island of Barbados planter,86,4,1
PFgjIXBnNPg6CTqg,said Allexander Mullins his heirs Executors administrators or assignes for ever,79,4,1
zWnpQsPPRVkFkbm3,or factors and all others therin concerned for all wrongs preducies,67,3,4
NEgQ2WPxx6RCNmkX,and release ye said Margarett Harrison her heires,49,0,3
Fru1svJKiK2FYv5R,assignes for ever without the lett trouble eviccon expulsion or interruption of me the,86,4,4
8Vj3aw5va4nWnadb,whereof I have hereunto set my hand & seale this Twentie & eight,64,2,2
Wuo90X5U6WqtyUc4,other pte Witnesseth that the aforesd Major Fortesque for & in ~,64,2,2
MPLhZwrZY1dZlRDn,God of England Scotland France and Ireland Kinge,48,0,1
KWroX7LP6rrZgdYT,enfeoffe bargaine assigne sell and sett over -,46,0,4
0Z68C7q1B4zB0jfw,& confirm & by these pnts do give grant bargain alien sell enfeoffe,67,3,1
1r1HsYsEMpBUYQwA,writeing shall come Capt: Humphery Waterman of this -,53,1,0
hyCu2yCDcclJQ3Xt,doe give grant bargaine and sell unto the Capt James Fulter all that plantacon,78,4,2
VTISw0JTAOeUHHGf,& Company to pay unto ye sd Mr Peter Kinge or his,49,0,1
LJ1X9U8YCkrZOuJf,in maner and fforme as heareafter particularly on each of thei,62,2,0
h945WWsACupQBhlD,east upon tenne acres w^ch the said Abraham Studd reserve for his brother,73,3,1
vVaj1wCJFcRV0ZMc,them and every of them with theire and eve,42,0,0
GViYjblidreaAs5K,whatsoever in the name and the way of possession o,50,0,0
MBfj9Lon0ieWmrKw,hill two have and to hold the said land to him the,50,0,1
Juja4QeoXylzQdGY,thereon now being or that shall be thereon built dureing the sayde,66,3,2
BdQlRbOM6mfoE6JI,and either of their and their heires the said platation or parcell of Lan,73,3,2
qxxJJ7ZqwbAhw3R9,Wood and purchasee from all manner of clayme title and interest wch I now have or,81,4,3
hYoADSs2yfBgB0au,"in hand sec:uid have given granted, bargain:^d",46,0,1
SROatAQgQHrNMSiA,and assignes untill the full end and terme of fourescore and nyneteene yeares to be,83,4,2
KbuUYQ8wcMwE6KjG,Monday to-- now is ouer England Scotland & ffrance & Ireland,60,2,3
KFflEKofOcIj4ykP,and void to all Intents and purposses in,40,0,4
wfnyGrcus1gTyQvk,Richard Clough or his Assignes five pound,41,0,4
QyExylDxWqvR0qao,published And from and Imediately after the Expira,50,0,1
IFTKtE0bxvRhALtY,in my behalfe Alsoe to sell Carter and dispose of my said goods Either for cotton tobacco,89,4,1
z0QbEkIoiVzYZ2Is,prmisses wth the apptnes unto ye sd Nath : Ling his heires Exrs Admrs & ass freely,82,4,1
GNSWseeItON6g9oP,excepted untill such tyme the aforesaid twentie one thousand pounds,67,3,0
cklXe5xX08t40pNc,done by the said Richard Seawell his Executors administrators or,64,2,4
xG4FDgZUEW1u6nxu,Radford and Aurthur Hackett and foure thousand pounds of cotton to be paid by the first,87,4,2
1Zs6KlbsKMnbT9As,and Imadiatly after her Decease then to the Only use,52,1,3
hYRAqHUaC812iOCO,alien infeoffe & confirme unto Howell Williams & Richard Meere of Barbados,74,4,1
GAg3RfvBZ4R1YXWk,These presents the receipt whereof the said Jane: Henry,55,1,3
hLiEFJJUWvhNZcY1,thirteenth day of September in ye yeare of our Lord one thousand sixe,69,3,1
kY87HT8iCX75AFEY,to me in hand allready paid have bargained,42,0,0
G8d6QxzjT2Bxyxas,Purdey to pay all his dues and duties dureing the send terme of tyme to church,78,4,0
gkYlJzGvQkIMC7w5,& Jo^n Grannte Deft Capt Woodhouse was in peaceable possession of his plantacon,79,4,3
iU8taeqTJQtn7UNM,freely and absolutely give grante bargaine aliene sell enfeoffe assigne,71,3,1
kgTfIMAQHs5skPsy,at this Island of Barbados on the sixth day of December last past,65,2,4
17MomXxIoWG0tmR1,Tho : Hothersall & Captn: John Higinbotham to Impawell a,56,1,4
VFwAvCFLKZ2dyhG5,of Land together with the Said thirty men and,45,0,3
bKBlwI3HRwCBTBMq,for the compleetion abovesaid doe covenant promise agree acknowledge,68,3,1
z2i2sdx5J9daTJ0w,W^m that he ye sd W^m Hargrave his heires Exrs admrs & ass shall & may lawfully,79,4,3
8Sb22Q4tnHMGmVzs,whereon I now live with all the stocke being upon the same To have possesse and enjoye,86,4,0
3LT3xp7el36dcHXv,of Land or Ground and all houses Ediffices and,46,0,1
2DvJXNMETQxTChgW,Seizin and possession of the within bargaind premises Given and delivered according,83,4,0
VE514TqfK57aRAzM,the said Thomas Barre the Sume of one hundred pounds Sterling,61,2,1
BjpHAKRYlklfN3yN,and every part hereof be not paid at the day appointed that then it shall bee lawfull for the,93,4,4
TWcUdm9Ie0q3ymqi,By this public act and Instrument of protest be it Known &,58,1,3
5JewYPldGL3Rwih2,"belonging or in any wise apperteyneing, To have and to hold the sai",67,3,4
pmtDslqAnPgbtoQC,demand of him the said M^r Thomas Lane ffor the pformance of all &,66,3,4
WBgZGXZznkmNOEXL,London legally sworne and amitted and that unto such acts instruments,69,3,2
6rlLBO0FfEwAvuQg,To all christian people to whome thus present writing shall come I Robert Lee of the island of,94,4,4
4IKJm3QZcvEtQ0IJ,specialty of ye same date for ye paymt: of ye sume of two hundred,65,2,2
jHZaupCAWtixvZbE,whereof ye said Nicholas Rice ~~~~~ and Marcus Rice have,56,1,3
ZSUU75O17YylVFGP,in the yeare of our Lord 1673: Duly proved & recorded in the,60,2,0
wBcF5JPplFsR5ZSJ,have hereunto sett my hand and seale the 9th ninth day of September,67,3,3
Kbh2SJ6piaxgfWke,to all intents construccons and purposes as the aforesaid act of this Island &,78,4,3
2D6vMD3J62nousGG,and manifest unto all Christian people that on the first day,60,2,3
BcbfnoGMbJmTPSIA,Enfeoffed and confirm & by to these presents give grant bargain,63,2,4
JlzbYfPICETEYNWw,had (More fully may Appeare) By w:^ch Letters Patents or Comis,62,2,1
RrjCwlnTc5RInCSd,Plantacon with the appurtenances to them the xl Capn Robt Page & Capn Willm,75,4,4
S2YPlHHC25tUevTL,"or any of them, or against his, their or any of them",52,1,4
Pr1jVL1Oky1SswWz,to serve six sowes and one boare and six tene ghoatts thirtie,61,2,1
CblDL5T5m4DfquSP,estate without any lett suite molestacon or suite in lawe by us the said Hinkson,80,4,1
94cFv3adbzN2X5NR,Deeds And on the same Day John Brown & Thomas,45,0,1
AMEjNzwvy0hMlDBF,enfeoffe confirme and sell unto M^r Anthony Lane his heires,59,2,0
IYhLlV7atXIEFcBF,thousand pounds of Tobaccoe to me by William Whittaker and Neale,64,2,3
M9PQGXznlhcyZgV7,fourteenth day February last past before the date of these ye presents,70,3,3
tgFBS1wtAgZqggPX,and Contented Have given granted bargained and Sold,51,1,0
RPZSqNEm9prJto8t,9 bris 1647 ye That I Nicholas Foster of this Island of Barbados Gent doe for a valuable,88,4,1
FEVA71vTB460g0kS,and the goods and chattels menconed as aforesaid unto the said Barnaby Martin,77,4,4
bcqSpAqCxHtAA5Zr,longing to the three houses with and singular all ye,52,1,1
sC2ZI1VF9gxPvVom,purchased of him the said Daniell Dike Butting & bounding,57,1,4
McI7v5XugcFOStUb,Thomas Steeve and leeward of the land of John Fynear To have and to,67,3,4
scTZGPheD0mbRyKY,the ninth of July last part betweene the said,45,0,4
UTTiFe7eijgHk8Tp,effect for the purposes aforesaid And we doe humbly also certifye that,70,3,0
H2hsfWkrC5Gj1Bf8,be paid unto Samuell Farrer of the same island planter to his heires exers and assgnes the,90,4,1
ncdjV2fbQjVZ8D8n,before and acknowledged this bill of sale to be his,51,1,3
0Ygydx9Jb8eKFQY3,the same to bee hold on in free and comon Soccage yeilding,58,1,4
KU77yZ2bLhbiDB6Y,"written, quiet and peaceable possession State",45,0,3
IUKKNzkyMDYaHoIB,Carlile was likewise for want of due informacon omitted in the said,67,3,1
MNmDgita8zv1NyZ3,This bill bindeth mee David Lane my heires excrs or assignes in the penall summe of two,87,4,2
eiYnMIfIKoNDPOZk,well and sufficiently warranted and defended,44,0,3
Wx97WLWmyZa7hLXs,"by Certaine Articles of agreement Indented had made and agreed upon, -",70,3,4
tyandiRngieFHhCY,and assignes for Ever; all that p:cell of Land or Ground,56,1,3
xIhJiUhFUFqGC8sF,his wife the two Children are nott yett named.,46,0,3
VcLTK0mvUToRIOYE,valuable consideracon already by me Edward Vaughan recd doe give freely my moyetye,82,4,2
iG2METPxl2yFEikm,Tobias Kidd Henry (Barrett) and Edward (Finch) thier heires exers administrs and,80,4,0
mh9qL38iGOLALgHR,Johns was gonn to Spights Bay to see if,39,0,4
WaRyvzKsjCPAOmJa,the Island of Barbados aforesaid planter Deceas,47,0,3
BUe23HdIqp5HH4ey,and did Acknowledge this as theire Voluntary,44,0,4
fnkzgge74EJdbXzH,and sell unto the said George Milles twenty acres of land or there aboutes fallen,81,4,3
Sb3ZUbfukWVZOLff,Hunton Southward bounding of the plantacon of M^R Sutton eastward and,69,3,2
HHNyyLNTFjF92S7o,grace of God of England Scotland France and Ireland King defender of,68,3,3
iq3B7MtOEAT8kLmz,C.P. Sinckler and Vallentine Willdegos,38,0,0
YCLZJobTtWvDAjC3,Clarke Frances Boyce William Barnes and Left: Humphery,54,1,3
xMoMBukg200oIoua,seales this eight and seales this eighteenth day of December 1640,65,2,0
2WuwF8h57zBZol9G,heires Executors & Adm^rs & assignes forevr all yt tene,55,1,0
sEIaS7F8WEtaXBZs,day of October 1640 As both said bills more at large it doth and may appeare Have,81,4,0
PozUoS1fWwKlV8jX,due to the seamen that have navigated the said ship dureing,59,2,3
dK1N20oj1OVqDbCK,not Sworne before this 16^th of June 1659-,42,0,4
FpfJWaSUA8niwspP,Seaventy acres of land wth all tymber trees privledges comodities & advantages,78,4,3
WzfnjLtbzp8xElqD,John: Seddon; Barbados: . By His Excellency;,44,0,0
taRKyhVCdKLG8Cne,"was present when he owned that he was fully Loaden, as in my",60,2,2
8fqY9qoaO0haZyfr,Rebecca in behalfe of himself & Company and Captn,49,0,3
sTrJhkocIpscOj84,Peters on ye Island of Barbados cont: by estimacon nynety acres of land or,74,4,4
CfUGhlXL85SIizAu,heires and assignes for xxx and discharged of and from all former bargaines sale,80,4,3
9CAkl2biUpQq8VSV,Edward Browne of the Island aforesaid planter by me the said Thomas Morgan before,81,4,4
cdnL2nqtNcDBME5k,neare the seaside windward and for the true pformance,53,1,3
Nqv4bpCZ0wrJ38cX,To all Christian People to whome these presents -,49,0,1
qRbdLkX6UWngKw77,"Wadden Have Given Granted, bargained sold and Confirm",53,1,2
XVZP5lXyctlov3RL,forty and three to him ye s^d Adrian his heires executors administ^rs.,70,3,2
A0iS8DqvzBMJoRNO,wherewith I acknowledge myself fully satisfied and,50,0,0
S3AJk4kwHIvQ8H87,I James Thweat of the Island aforesaid plan,43,0,3
4tKNY2m9l4mgl1XZ,bargained Sold assigned & sett ov: and by these prsents doe bargaine,68,3,4
ZMTVZcaqGNytzQxi,the law being alwayes saved unto him when he shall improve the office of that,77,4,0
95JcLlqkGF7v4Dif,and incase the said negroes goods wares merchandizes effects and other things,77,4,2
WIrVADRlBqtRde3M,therein and thereby he left and bequeathed unto his Si,54,1,0
7K7gvzkqfRR6ulIW,ten acres or thereabouts lying in thomas pish at the spring betweene,68,3,1
aW5IagELHzETFJim,and concerning thereof the same i for myself and company doe hereby,67,3,3
A7McwOcQLyvzWJIW,claymeinge any right title or interest thereunto or any,55,1,2
CqIayzgeS658l5AY,In truth of ye above menconed particulars the said,50,0,0
FDefJQpT8CiE0r1k,Isld of Barbados Esquire Sendeth greeting in Or Ld God Everlasting now know,75,4,0
wT4VIBQqeDPI7ju8,Fran Smith John Edward Ellis Steele.,36,0,4
svwSsbUP8rjhbaht,Scituate lyeing and being in the parish of S^tt,47,0,3
DXUacbe6LQd947cC,cleere from all manner of incumbrances whatsoever and the Said abraha,69,3,0
SgPLOWVf8Dy3v194,Parcell of Land qauntity Fourteen Acre one Rood and Thirty Peaches and one halfe,80,4,4
DbjyqbBiZYBayCsT,John Thomas one of the wittnesses to the within Lease personally appeared,73,3,0
FsT9ydZvj0Tn2U7Z,to bring him to an anchor in Speights Bay who imediatly acquainted the said,75,4,0
xhn3NVSh4HOrfGbw,doth hereby acknowledge and thereof and thereffrom acquitt,58,1,0
6SCbaQ2B5kpRNq8u,other quarter pte & ye sd Captn: Thomas Middleton of,52,1,2
rWglsEilo32D6jcC,penalty ^or forfeiture action suit pces execu,45,0,3
y3xaKqzl3aEI4PuB,Knowe ye that the sd W^m Pead as well for & in,46,0,2
wVI1b4FQlb1dJOQb,have hereunto put my hand and seale this fifth day of,53,1,0
PGrsVzaCJNX1b1E1,February the Second 1662 appeared before mee L^t John Ham,57,1,1
AV1UUCv6WF5q3vhX,of their true & lawfull attorney Giveing & by theis pnts,56,1,1
bPsisEL3A9dObUdK,thereof and all other ye premisses with th'appurtenances,56,1,0
HP2oj8KXGCyZSJfP,"his heyres & Assignes, shall & Will Warrant, & for Ever",55,1,4
PI50DgflUg697zXB,order the said Bill was drawn as also the said Reid and Collitors on whome,74,4,3
pw3M1tBJKvmODslv,other whatsoever. In Witness whereof the Parties to -,53,1,2
DNm9Sli1fLeWqpNT,To all xpian people to whome this present writing or deed of,60,2,2
WgOCLhfd6cyu42Se,and eight acres of land lyeing and being in ye pish of St Andrews over hills,76,4,1
ThfnPfGddjfVrMHd,and England the 9^th Day of November 1693,41,0,1
4fOk1KG0Pp8ZuHqs,William : Roseman South; Together withall messuages -,53,1,4
MmKKPPIlXswuRGFX,sd pcell of land & all other pfitts comodities & apptenances whatsoevr: to the sd,81,4,2
y6DBNH5E1ec1hsNt,"dowers, fines, Issues, Rent charges, or arreara",47,0,4
OVXBQ6bnKlbO8vgs,Thirty seaven degrees or there abouts then arose on the same day of his,71,3,1
E8AKQyIb5POysx2T,other parte Wittnesseth that ye said Tho: Sandiford,51,1,0
wb0zaLRZ2Vv166Gc,come Thomas Ellicott of ye Island of Barbados Mar-,50,0,1
1HuW8bQ2bDjHGQL9,be done either in aresting inpleading dischargeing releasing or,63,2,2
LINLqDbASgDS22Pb,ye Ld of Geo Englesby Northwd wth all pffitts & comodityes,58,1,3
ToCVujlK1zVrHqOi,"Street upon the Lands hereto fore of Henry FFisher Dec^d upon Swan Street , And upon",84,4,1
3j3qquw8Bvlnligt,afores:^d for the fourth part of the house as,45,0,0
xFHDluTxHSET9FEr,of rents dues duties taxes levies inposicions whatsoever hereto had suffered,76,4,3
MeR3pzh84KpLMcNf,Divers good Causes and Considerations them there unto,53,1,0
v8KlPPDOrfeAIaB7,and Martin Noell of London Esquire on the other part Whereas in,63,2,4
UaG2IBt0aAVFxWA2,determination of a certayne Demise and grant of a terme of years,64,2,3
90V8Dr7OIZN2X6B7,Copia Intr 3^o To all people to whom this prsent writinge shall come I Jarvis,77,4,1
Bwm4qZqlcdsjfRGB,and her heiers forever excepting what is before,47,0,4
18UjwtvDYnHEwEgC,pfitts commodities pvision & apptenances wtsoevr to the sd Twentye acres soe bounded _,86,4,1
7NDlyxiDUmOwrmvi,Barbados - I Thomas Addis of the Barbados planter for mee my heires exers admrs,79,4,3
lodqBAbdfiJpHjDf,aforesaid Mercht ye full & just quantity or sume of ten thousand,64,2,1
tpY19KLKjwD4a4LL,yearly in the Councell Roome in the said Island one Eare,56,1,0
EZAmggQBwBAD3UdR,heirs and Assigns doe free & acquitt the said Randolph,54,1,2
jsaIrEu3jHmwMLMt,and manifest unto all Christian people that upon the Seaventh,61,2,0
p9v1d0vHYp8eXMNC,of Aexse goods wares and merchandizes the said constituants have shipped and,76,4,2
bxiK3it8VaFZQ1wv,doe covenant prmiss and grant to and with Adam Morgan of the same Island for,76,4,4
r6MgBlq8FxvthgQa,Franknell and Henery Williamson for thesaid Thomas Sadler from the begining,75,4,1
o4sQFFYOzMwIEsgo,These presents bindeth me James Sillester of the aforesaid Island planter,73,3,4
mdWyeq36zbfFQqXf,"used, as alsoe Seuenty negroes Slaues beinge twenty",51,1,0
Jb8UD8TnCZs1Se02,To all Xpian people to whome these pnts shall come greeting in our Lord God Everlasting,87,4,1
IoiXeRbPkMfAR40R,any of us sevally or respectively shall make date privdive or make,66,3,2
m5l4DakhAqWJT7EV,To all Christian people to whome this pesente writinge shall come I Peter,73,3,1
5mRM4WLOyqEFXhIm,were enterlyned before the ensealinge and delivery hereof in the,64,2,4
mYSNrdDP8aeyQrQ2,the said 24^th day of October did covenant to doe his best endeavor to utter well,81,4,3
j1RoXbmUVwHMXjK3,aforesaid bounding upon the lands of M^r John Wossam M^r William Sharpe,71,3,2
pROMG7Hq8r8jDJKw,made that such recovery shall be made good,42,0,2
5BwizSJpTshv505v,quietly have hold use occupie possesse and enjoye the said plantacon with,73,3,0
GpdWKDxZtlUXt36F,convenant and agree to & with the sd William Walton,51,1,1
z007TdpNyPWCai6W,and to Hould the said sixty acres of land with all the profitts,63,2,2
NBeJqqyP5kzDf8qR,premisses to him the said Thomas Warr his heires executors administrators &,75,4,3
GDeNTNsjvd3QvKiQ,Executo^rs Administrato^rs and Assignes by these psents that,60,2,0
YkA0wZ0PXB9vlKo6,sett theire hands and seales the day and yeare firs,51,1,2
paOW9IJ6AGqpaj45,pfitts & comodities thereupon or thereunto belonginge or any wayes,66,3,2
Cq6Gl8Soa3X8cKTC,and appointed Executors in Trust for; And the said Edmond,57,1,2
TBQu96WK3Sla3Yk9,of St Peters in the aforesd Island & buting and bounding upon Anthony,69,3,2
JiWKnJ0vqSO6cOQt,"South, on the Lands of Cap:^t John Booke, And West,",51,1,1
ltihQJSWoGu4qxZW,"A Schedule or list of the Negroes, horses, mares, and Cattle, which",67,3,1
m0y9JGPFARFAT1CF,hereunto sett my hand and seale this seaven and twentieth day of November A^o Dm: 1640,86,4,2
5DCjjVWyA8b3iYuy,molestation trouble or hinderance of me the said Richard Isham or anie,70,3,2
HNaxXJWmBAJmsJjy,The thirteenth of Aug 1667 personally appeared before me the within,67,3,3
VcJyHWO9dmsCz4tX,had made or comytted by mee the said Robert Barker my heires or assignes forever,80,4,2
3ATzohB15YBNy1JE,Sd Hugh Perry & Abraham Symons or: heires Ex^rs Adm^rs,54,1,3
s0e1tG2uTDQlydkK,by the lands of William Batson of the south side by the lands of,64,2,4
6TGbOgWMsqjwJQ2V,unto Peter Leare of the aforesaid Island of Barbados also merchant,66,3,4
6LAuYAacY7O6X67o,Said Island by the request of Captaine Richard Barrett and m^r Richard Morris of the,84,4,0
tHwnSdDqHD8JeZmq,due and oweing to Crispin Hooper marchant now resid,51,1,0
yAQZHe95hQIl1iKY,Canary Streete fifty nine foote and a halfe and,47,0,2
Y3d8Lu1ROCbYLmqb,of his subject for paying the same that behalf being,52,1,3
hihszYmLXtYXCzlu,the parrish of S^t Thomas abulting east upon John Tanke south,61,2,3
gOSvNjpr6SBzuje2,"and Island above Said Send greeting, and Know yee that I the",60,2,4
6Py4cvLdqDownu1j,sendeth greeting in our Lord God Everlasting,44,0,1
S40LubLi0Kf10HsG,may be suffered or sustayned for or by reason of,48,0,0
8S0r6JGJK7KjgcDw,the Island aforesd merchants my heires exers admistrs and assignes in the sume of,81,4,0
c0r4BZeEu2vgGJCb,Bill and the Debt therein menconed of Two thousand fyve hundred,63,2,4
t78qy0NnYKNTvpfZ,Ano Dom one thousand six hundred forty & seaven,47,0,4
slSDkKUM6bSsnGJO,of the Court of Comon Pleas hold for the precincts of S^t. Peters,65,2,4
DRrNfG3VubxS4I49,"wittingly or willingly suffered , or heareafter to bee",54,1,4
VtAbbsulTf3i7HMM,the stock proffitts benefitts utensills necessaries and appurtenances,69,3,1
ua3sMSZQnj0AX3Bs,as are now standing growing or being upon the before bargained,62,2,0
GGwWCJCH6lY4H82a,God Euerlasting Know yee That the Said Edward :Yeamons,54,1,1
JOeej3h27a9peXXY,To all Xpian people to whom these prsents shall comeThomas Bennett of,69,3,3
ZaZibqkBkQaeN3PF,a certain bill of exchange charged by Mr Bent DaCosta upon Jahacob,66,3,1
HGUACxe3JvWF5gfB,any title or interest in or to the sd Ten acres of Land,55,1,3
Fv1ocC4AJ3g55alZ,bargained sold into John chapman and Gabriell Hughes both of the,64,2,0
6GcIhrbmnsT1bvcJ,Oath upon the holy Evangelists of almighty God that he did see ma,65,2,0
u9PpuDTEGJ2VUf6g,consideracon us especially moveing Have given granted alliened enfeoffed,72,3,3
7QaVlv0iRRxZZOQT,"for ever Lawfully, peaceably and quietly have, hold,",52,1,1
Rjcz7IiK8PL5UqvX,of the Sume of five pounds Sterl: money to him in,49,0,2
2K5sgBY468TW4yCq,parties ye 3^rd of May 1654 Thomas Gibbes,41,0,2
whKg2IDhBi2IKCtC,"his or theire meanes, Actt, Consent, Title, Interest, privi",59,2,3
FRIAx9BfMq4iv7wP,personally appeared in the Secretary office of this Island of Barbados,70,3,2
IUzcfFXz4SPEQ3HC,accepted & received by the best and missing text,48,0,4
OTYAxvEZLi2Xicpa,Charles the second by the grace of God of England Et King defender,66,3,2
LYB29huEpJvuVW63,acknowledge my selfe fully contented and paid and thereof and of,64,2,2
PdY5Y9pFyhpFOMeH,thereof with their and either of their appurtenances unto the said W^m Pead his heires,86,4,4
OSD7Ybmxq6DBy70Z,Two baggs spanish money in his trunke at the time,49,0,4
mM0ygbeDwNRbQ2cW,therefore unto Left: Coll: George Standfast ye quantity ~,57,1,2
DY1VIAVi8Malugvm,The two above described figures doe represented ( ) and bounces of two land all,79,4,2
uVFW8jJ27QOZCdmj,at Barbados severall peels and quantitye of goods amounting to a considerable,77,4,0
UqvpH9ZvPQBxpv9l,second of England Scotland France & Ireland Kinge defender,58,1,3
Pxm5ccCmaKwbQ7xP,wtsoever unto them the said Thomas Griffith and Anthony Sandiford and,69,3,4
KJd5sqATAxGLuiV4,To all Christian people to whom these pnts shall come,53,1,2
84S5jIc1xLJjBict,sons & also all such personal Estate which the said,51,1,1
3qzKr9H1X0sTU4gk,hereby granted erect build Sett up and bring upon the hereby,60,2,0
Mi2WTVI6qaXts0wY,together withall edificies buildings thereupon now beinge withall emolements,76,4,4
pRIf9rapdPFuu82M,and aldormen of y^e City of London have caused the Seale of y^e office of Majorasty of y^e same City,100,4,1
dB64zH7GewwVDhSu,this either publique Employm:^t he had in this Island then the others of,72,3,1
aO980ubOx3cZVuRC,of the said shipp the Johns adventure and her tacke furniture and apparrell,75,4,1
vVL7mV8hKxi2u9yK,other things and all and every such debts and debts sume and sumes of money,75,4,0
n4bMPSssn88eRkfY,heires Executo:^rs or Administrato^rs In Wittnes wherof,55,1,0
lKaiHjiSEWcdMZn3,and assignes forever without anie lett suite in law trouble interrupcon,71,3,2
9uFuM4Im0ZPm97MM,of the said thousand pounds of cotton both to be servant unto the said,70,3,2
A7VpyqAOavK4xuhS,Mason and Robert Chapham and on the Lands Late in the possesion of Symon,72,3,4
NOr4ncE2T6kZg5RG,Witnesseth that the said John ffrith as well for & in Consideracon,66,3,0
kXXVzJAwWnA5MruX,pounds of machantable tobaccoe for ye better pformance of the above said,72,3,0
L6cEawVQRWBMxTea,Stulo Anglis and in the twenteeth of yeare of,45,0,4
ScMutGShr2TKEO1n,and Sustained or shall be suffered or sustained by the said Appearer owners,75,4,0
NOvwLWkOlFRCy24q,Indian bridge at or upon the 30th day of July wch shall be in,61,2,3
FBY4HvubFGNy1CMn,binde myselfe execrs admistrs and assignes defende and keepe harmlesse,70,3,4
n7v7VU27ikHT1Eau,Bristoll mchant doe acknowledg myselfe truely Indebted & to pay or cause,72,3,4
xHo3ICOLBnm5s7zD,By this publique act and Instrument of protest be,49,0,1
2poSTDlcMrJrfVmU,Island aforesaid Gent by the last day of August next ensueinge this date,72,3,2
0F76zYMHFOoPemDL,acquited released & discharged of & from all & all manner of former,67,3,2
vQVynWmEcBM6vPg2,By this publique Act and Instruments of protest be it,53,1,2
AvDjGKYDjkyRKnsG,very desirous that the sd hundred pounds may be truely &,56,1,0
Zg0QfulBfV4cVxo8,Pete Braye and Tho Mayer unto the said Mayer his heires executors ~,67,3,1
itLBG9PWwtL4IXjj,appearer or the owners of the said ship the same to be recovered against him,76,4,1
5qQyslLM4GClqCUn,County of Devon in the Kingdome of England gents all and all mann^r of Accons,77,4,2
s8J7dnQVgBmzEHeD,assignes or some of the in shall and will at theire owne propper -,66,3,2
oCLrZ3aWZkSBvrjn,"Priveledges Commodities, rights, members, jurisdictions heredi-",63,2,4
RUhF8H0w6kj7hfxU,of me William Sweete and Edward Applegate conteyeinge by estimacon,66,3,2
FTDi9TG3HhSnDEcV,menconed and exprssed in there several schedules or inventories unto ye sd -,76,4,3
D2Otui6F7SeX7MnB,Smith on or towards ye said eight ackres of land and likewise,61,2,3
qsTf9Bti8mTgywr5,moveing & more especially for a Satisfactory quantitye of goods,63,2,0
rdkMNdCUU9fBB3Lb,w^tsoever And wee the said Mathew Key and Henry Saint our heires and,68,3,2
PDj1S5WmTa5YGZgF,Island of Barbados before me Richard Noke Deputy Secretary of the said,70,3,0
XjbjE7dBhxNkEoJF,lyeinge and being in the pish of St. Lucie in the Island of Barbados,68,3,2
D7jUel63z88qRu8s,Barbardos Containing In Breadth Frosting to,43,0,4
Q3ak7HJZPfsfhi1I,upon the one & twentieth day of March 1650 scytuate lying and,61,2,0
MWkIu3u02RZtrRSS,afors^d Allexander Nicolls for diverse good causes & consideracons me hereunto,78,4,4
iZDQHJMu8W5CN0U5,trees lyeing groweing or fallen together with all profits and benefitts thereunto belonging or in any,101,4,4
c1xObXYvpF7zBB9Y,1647 Willm Whitaker of the Island Barbados Gent + Neale Gillaspay of,68,3,4
qiA3SF1GYZD399cT,This bill of sale is entered 3 leaves before.,45,0,4
vUAimd7mMDtq2bG6,the said Richard Fisher his heires executors & administrators &,63,2,1
zu7WyNEAqHCGsLBk,together wth all pfitts hereunto belonginge The sd John Hunt,60,2,3
1OZHPQTQ5gyStCdM,covenanted + agreed yt if it shall happen up any of the pties above written,75,4,0
4GtMFxyYwU7CISo1,"behoofe for Ever more, And that fraude Clearely and if",54,1,0
4sUTy9A18RPVxYEZ,sale assignmente and others as shall be need full and required to receive the,77,4,2
WzsPgzrwcHyj4UT7,unto the said Laughlan Consadine his heires and assignes for ever,65,2,2
CSjP6sAfQduefc71,grant bargaine sell assure and confirme the same unto,53,1,2
EgRt7NnKRjukmXzY,thereunto belonginge To have and to hould the said twentie acres of land,72,3,3
AoMMqNv6MsamJKwu,South on ye land of Rich Yates together with all ye,51,1,0
gbEBZbLZO7v1qpgE,goods and chattells out of prison againe to deliver or cause to be delivered,76,4,2
BAd9u3XLGAYWCICr,Severall letters from George Cook Esq^r and Company and told him the,68,3,1
VLB5LzxoiGFfWd3h,Holdipp and their heirs at and upon the reasonable request,58,1,0
kepw0KAhGQnd0QDU,Godfrey Stansell for me my heires executors adminis -,53,1,1
JjQrbFo1Sop4oCPZ,Radford for diverse good causes and valluable consideracons me hereunto,71,3,2
GmFC4yErKMBfWBZx,effect there of and of all actions preceedings extmts and executions that sha,77,4,4
CMmUgt3PtqPMrZYZ,or half parte of such debts & sumes of money all Accons &,57,1,0
h5xekNhh6ArWFPNl,with the appurtenances without the lett Suite trouble Interruption Molestacon,77,4,1
KAoQXDog96R5bbIP,tenne thousand pounds of the like cotton witness my hand and seale,66,3,4
FSdjngDqO59ciHVe,any matter of Chaleng Claime or Demand of me the said,53,1,0
lhValpJXC0k72H91,"geably set, the day and yeare first above",41,0,2
eWCKNzFbJaJYMDtR,said Read or his Lawfull Attorney doe pay & deliver unto the said,65,2,1
4yLtUAW47U3fgOKX,assignes thirty acres of land with th'appurtenances bounding upon the lands,75,4,3
oXxLTGasmnphZWxR,Joseph: Skull his heyres Exec:^rs Adm:^es or Assignes make do,61,2,0
hQteG5BVr6RHUkma,these presents binde my selfe unto ye above said Willm Murffee,62,2,3
Pbsmeb3Zo18HPvAL,his heires exers and assignes for ever and to his and that owne proper use and,78,4,0
RLhX5CDQL9Gi9FaH,Morris and Richard Steell or either of us or ours or either of our heires executors,83,4,3
79hJ8wURdHId7IEu,"Joyntures dowers & bills of dowers, Leases, rent, charges, Rent",63,2,0
1S6xfB2gpBLzHfz3,cotton and upon the nonpayment of thee aforesaid Three thousand pounds of Tobacco or Cotton,91,4,2
tJTuSsoZPjZKHDAL,alsoe all houses that shall be erected and built upon the same . To,67,3,0
wDZbfK5Fs3n9WQQu,Every parte and p:cell of them and Every of them with,53,1,2
VwIqQFqxDa0wtTv5,& assignes for the true pformance hereof I bind mysef my heires & assigns,73,3,3
TtTnSy5eeAIyhgty,upon ye land of ye said Coll. John Colleton together,52,1,1
O4NvcCsc91FgWCTm,moveinge Have given granted and confirmed and by these presents doe,67,3,1
2clomzf5A9wvGbAW,unto ye said Peter Hancock All which said summe,47,0,4
enrQLaLXBOe0MEMF,and five hundred pounds of Lawfull money of England to him the,62,2,2
aM59jb6dv2YVQzlz,for and in Consideracon of the Sume of Sixty pounds seventeen,61,2,4
PsbTrCQPwccc31tv,them shall & will from tyme to tyme & at all tymes hereafter,60,2,0
uOcRLyNteinukJHI,and being in y^e Parrish of S^:t Phillipps in y^e Island,56,1,4
IXeRCMikOsgQNNYD,annity wherof is Masters under God for this present Voyage,58,1,3
udnQeatTPLCMfqaE,Ffeb^ry in the yeare of our Lord one thousand Six Hundred Sixty,63,2,1
JugSMoVMoiDSkWFl,"This was affirmed and witnessed upon oath by Daniel Emott , Mate",64,2,0
qEjF0lUFsimO4f8H,Henry Stevenson their heires exers admistrs and assignes and to their and,73,3,3
cOEdAnpAM2NJDNwY,merchantable and neate cotton In witness whereof I have hereunto putt,69,3,0
7KvTQKv4ThtZlM9w,And whereas the said Capt William Fortescue and Capt,52,1,4
5J5pKHkRykirtrFj,afroesaid planters the third part of our plantacon wherein we now his being in quantity,87,4,3
jtylWIEp2ot2TjZD,and advtages thereunto belonging or any waise appetying together to have and to hold ye,87,4,2
WaK6yyeR7xNkN4mk,Ben:^a Wadden in his life time and from,39,0,4
IgKMWZY92AI3Z87V,"degrees, and Longitude three hundred and forty pound degrees",60,2,1
uRaa9Eq5S1Pf4GKY,Sanders his heires executrs admistrs or assignes at some convenient,67,3,1
8MP11YZ0hPpCfAYu,writing or Bill of sale as their act & Deed to the use of,57,1,2
lnlfVMq3RgBIbazh,often thousand pounds or neale & well cleared cotton wool to be paid unto the,77,4,1
yy6d68ZN7v17qERd,w^th in named premisses was given by ye within,46,0,4
K3LdBxXEseSALJqP,paid the receipt whereof they the said Bird & Margarett,55,1,1
xCSSbM0dGxKLTeZs,of partnershipp from the other Then the ptie soe determine to breake,68,3,0
TQTPEL8sAVCPCHQY,Rodney of Bristoll Merchant his Agents or facto^rs and all other,64,2,0
kt1Dff8Loy2aScA9,from tyme to tyme and att all tymes hereafter forevr: peaceably,63,2,2
jNsuAPuhgHQec18i,the twentieth year of his Majesties Reigne that now is personally appeared in the,81,4,0
fGd6OPCnL7jbUciw,possion: of Mr Frans Estwick North upon a pcell of land,55,1,2
R9gl1wyBnGoAhWuh,Beaden and John Pennicott for themelves theire heires exers admistrs and assgs,78,4,0
BPfTganEeiLoHRCa,thence stand bound unto the said Edward Sharrah his heires exers admistrs and assignes,86,4,2
EkRIZETw3zQFKJhQ,evlasting know ye yt wee the sd Captn Thos Stanhope,51,1,2
TJPsDVZFBG8z7mql,and remanine in full force and vertue And that it shall and may be lawfull,74,4,2
QFCtC8AXmLCQUe9b,whatsoeuer And the Said George Reid and,39,0,0
kON2zsrtDX1F36lu,the pish of Christ Church south of the lands of Francis north,61,2,2
n8zeIymEgvK9CO5t,Haynes and Matteew Halery leeward and windward butting upon the plantacon of,76,4,0
2IATTQzag0oGuuVa,"Harman Joyner with all, and singuler the proffitts",50,0,3
fqpdmfISmK05pp0b,Teste - Edward Overton - Intr utsupra -,39,0,0
43ANVj77p3kZZl4A,and four hundred pounds of good And lawful money,48,0,3
wvyfJmj08BUj1fnI,"and Jane his wife, Send Greeting in our Lord God everlasting -",62,2,3
j53xhZ2P6MESmZAA,Sr Jonathan Atkins K.t Captn. Genrell. and cheife Governor of this,66,3,4
yfKqf1eO0IYWmMRb,unto the sd Constant Silvester his heires Executors Adm^rs,58,1,3
NgU23cGHw1osJ6Ip,hundred thousand pounds of Merchantable,39,0,3
Zyb8D6ntsYy2ETqy,two store houses and land and ffurther the said Sevt Richard ~,62,2,3
StN9q7WeNT3EhvSF,windward one the land of Peter Palmer and adjoyninge on,55,1,4
3HD1dfdr1PgvMg0s,Exers admistrs and assignes in the penall summe of thirty thousand pounds,73,3,4
CGbZE5Gjmv7EU3Ht,Applewhaite his heires exers and assignes accordinge to the true meaninge hereof,80,4,0
1eV8c36Mus9MyJAg,singular other titles troubles charges and,42,0,3
xZZqBxx577puIwe9,to and with the said Richard Fisher his heires executors administrators,71,3,2
neyVriWyz17oohyg,"Privity on procurem:^t And that ffree, and Cleare, and freely",61,2,1
TM0lt6kgSM4xKDV1,By this second Pt of the aforesaid ~Island and~ of protest,58,1,4
k1bMglshIVzkeQWa,yt ye sd Jer: Norris his heires or ass shall & may peaceably & quietly have,75,4,2
1edBIb3eCD44Wb6n,in the habit he was there in the church being neare the sea side,64,2,3
amRikgUPCDvNNdiw,Buildings Easments wood water Courses benefitts a,49,0,0
e6UEWHDzajGFtMaE,hereof the saide Edwyn Stede hath hereunto put his hand,55,1,4
gYA8FtpnJdbw4qwR,servants w^tsoever I shall send or be sent unto the Island of Barbados or in,76,4,3
9nt1exN6uL51CEvT,thereby or any other comodities or advantages yt upon the sd plantacon,70,3,3
RyHhUXOAoA1apIKR,heires executors administrators and Assignes to and with ye,59,2,2
Bwd3l6Rrj5nXHKmw,an Impost on y.^e Comodityes of the Growth of this Island for soe,65,2,3
vn0SLBYBKYvISplQ,thousand nyne hundred twentie and seaven pounds of the like condiconed comoditie,80,4,0
asclvS0ZVIPNVGJe,"without y^e Lett, trouble , deniall, Molestacon or disturbance",62,2,2
BOJEICPYOmlWesKM,of land beloning to John Turner was attached,44,0,1
RH0NzLgaGQ911xJP,between the said parties that the said George Adren and Edward Bailey shall and will,84,4,1
lHvpiPOdj7utAf2A,Samuell Bateman is intended shortly by the Grace of God to,58,1,1
VobrWstyKDIOLsjY,Administrators and Assignes All that planta,43,0,3
TGpukDGd2OG546C6,"Captaine John Leslie of the Parrish of S^t Johns in the Island of Barbados, of the one",86,4,4
ju3TlXfFvOluOdaC,content satisfie and pay or cause to be well and truly contented satisfyed and payed,84,4,4
OOT3KVdDZMTYK9Bx,By this public act and instrumt of protest be it Known,54,1,3
tQAuzSsJimAQ8yRV,Barbados To all Xpian people to whome theise pnts presents shall come William Readye of the Island aforesaid,108,4,1
DM6NmIPMu7Ktx45J,mee Thomas: Reade within named and acknow,41,0,0
U6l8avRSbQ01uEI9,hereunto put my hand and Seale Dated this,41,0,2
74CasCnRhtU84V45,of Barbados mchant Send greeting in Our Lord God-,49,0,2
Zl9hBJ9QnnxY7QES,Imp sold the one halfe of sixteene acres of land,48,0,0
i5o3HO09xOK1vS30,mee or my heyres Execut^rs Administrat^rs &,43,0,0
LmnlA1Dlq6ryKo2h,intended to proceed on his Voyage Barbados for that the defedant,64,2,2
misDdQCoNichU6Un,Ware have hereunto put our hands and seales this xxvii of March 1644.,69,3,3
JDlXxmDfFicRhuop,New Stone house for the seruants Lodgeing or,44,0,0
rFe6WX3tlqRPokfg,Belonging or in any Waies appertaining or the,45,0,2
Okd2gABmprXdhqS4,more Especially for and inconsideration of the sume of ffive shillings good a,77,4,1
XLgjgkCDuAhIw9Xn,pounds whereof I acknowledge the receipt of Paul Wood al^s Dubois before then sealing,85,4,0
shKRIy5z0w9XZjsc,Water field of the aforesaid Island planter unto the said Morgan Powell according to the,88,4,2
ClcLRzhcZlWmDlBt,daughter Elizabeth Heyton wife unto Will^m Heyton,49,0,4
IVzplfIgiUjOFB5r,Season and peaceable and grant possession was given and delivered by the,72,3,4
F04TJpsiXPaAqmmQ,their owne proper Casts and Charges the Said,44,0,1
Y0s6iwlrTSEFFEqs,"Hen: Warton, Rich: Bickford, Tho Millington",43,0,4
jFMqnDB6oGiF5sL3,said John George doth covenant yt the sd Nicholas,49,0,4
AoupA6Uur0eKxhGR,pounds of good mchantbale Tobaccoe well made up in reate & role to pay or to cause to,85,4,4
GYeOAWWpHPsKpWVA,of the whole Estate menconed in the afore ~said~ written ~,58,1,0
pVsqjvhfGcMuqvue,and John Sparke or of either of them their or,45,0,0
wmYBFpx4RYwTHMAc,heires executors administrators and assignes fully freely,57,1,1
GoNsIWYStkjAPBmf,Suggar in hand Receaved of and from Nicholas,44,0,4
lxjfPzajvln6LrWf,Allen and Capt David Bix have here into pur our hands seales this,65,2,2
m7zsK1AE8qSxgSVt,belonging : and wee ~the~ doe further release and discharge unto the,68,3,0
SLtjPnq75cnVCarm,see soone as shee shall come to the age of fifteene,51,1,2
uNFOlWymq2TFwvZC,appertaining or to any part there of or incident there unto or accepted,71,3,2
pTjsBaNwpKAlQQfH,all wch prmisses aforesaid I doe hereby binde over and mortgage unto the said John Belcham,90,4,2
3LoqBuSdlWFuG8Bd,"that ffree and Cleare and ffreely and Clearely acquitted, Exonerated",68,3,3
5O0IFPPrNuwMfdNj,the Saide Phillip : Bell party to these preSent and -,53,1,1
QzaZgLhcMatJHBzU,intents and purposes therein expressed To M^r Tho :,51,1,3
1utesWaIOvDN6728,themselves theire heyres Exec:^rs Adm:^rs anf Assignes doe Covenant,67,3,1
0OtMTL8BLzyUdITY,Said John Bawdon his heires and assignes forever in ~n~,55,1,1
to9WMYqr51WiJbSu,all the houses Ediffices and buildings thereon and all,54,1,2
av0mRQeo94gZ11Qk,28^o die Aug. To all Christian people to whome these pnce shall come I John,75,4,1
RZzUk1D6iNIb6zLK,To all Christian people to whome these prsents shall come greeting in Our Lord God Everlasting Know,99,4,1
ZdMEQHHCurm1Ks6p,assurance and authoritie by deed or deeds letter or letters of Attorney -,73,3,3
srFK68qa6HaQmbYZ,"ing the said terme of Tenn yeare to fell, cutt downe,",53,1,2
KUO2FYpwiUx9Nw05,dues dutys goods wares and marchandizes whatsoever as or hereafter,66,3,1
6CgWci4yEyEkXbLS,thereunto belonging unto the sd James Noell Stephen Noell Martin Noell,70,3,1
Z51vTfGPlcpTCCHH,4 aug 1647 To all Xpian people to whom these prsents shall come I Richd Smith now resident,90,4,3
8fnCME3Eko1AMjYL,1659 Island to be my lawfull attorney for mee and in my name to aske leavy recover,82,4,1
q8h3Sxwe1aKQwr7i,butting and bounding east upon the Land of Collo.^ll Tymothy -,62,2,4
EjlbJPOEf3k8WhHL,"Daniel Kempe sign Ja Defed, Fran: Jackson",41,0,0
WuDkRr2vbcWaXbXQ,yeares and not by the death of either of the said ptyes that then and,69,3,1
4TkFBitTyFWhKRFQ,admistrs and assignes terme acres of land or thereaboutes being part of fortie,78,4,0
ZgfgTMDHDU4YhIdM,2^o Die To all xpian people to whome this present writing shall come,68,3,4
CZZoOwkZAoxMxfEZ,At the Request of Bridgett Usher I have Surveyed and Measured,61,2,2
pjsm46TWyF7Ljtgv,Know ye yt wee Edward Porte and Ann Porte the relict of Tho :,61,2,2
sdxjeGwduy3dJ7mV,designed desire that the said protest may bee,45,0,2
FeLiTY30QJJMiWc3,of or by any other pson or psons whatsoev: y^t shall Clayme any Right,69,3,3
Ecq99AlkzRH1gDZf,Island and the said Appeares say that the next day after the arrivall of,72,3,3
WtbRElZ6GfYN1wNG,name in the behalfe of my Said Children aboue name,50,0,1
dftQVyYbufLbJXvr,place it to the accompt as pr advice from your loving friend,60,2,2
l5TCfZR92uQwTeJI,or commytted by me the said Philip Lovell my excers or assignes or by any other person or,89,4,3
ZuBYlwpenQxxjXuh,received for the said sev'all bargained lands doth belonge and appteyne to,74,4,1
EqcXS5pEGrSRiT49,by me the said George Hurley my heirs exers admistrs or assignes or,67,3,2
maSaoMIFGOWcAY9s,hundred and Eighteene pounds two Shillings and,46,0,1
WWPel8XOFDWKWLCR,Francis Corbin Nicolas Gist and John Binmore their heires exers admistrs and assignes shall,91,4,2
ujp0Labqe9xkt3j4,being in the parrish of S:^t Phillips w:^thin this Island and is bounded,72,3,4
muQbPOaFGInyLkjm,Witnesse hereunto - Henry Chelcott Sign x Thom. Pearce,54,1,3
unX43skIMa8FTHeO,ffifty Acres more or Less Sittuate in the said Parrish of,57,1,4
3wPbWUgzZFBES3gG,said Island merchant his heires executors administrators and,60,2,3
JmpTPeFLn4ysPFbH,hand and seale this tenth day of June Ano: 1644,47,0,3
vrRJGtOChW8lFau5,Barbados :- This bill bindeth us George Upcher and Thomas Goodwin of the,72,3,0
6BG8YK5KoncxnSFr,Seale and dated the tenth day of April: Anno.,45,0,3
jJ2QpgzFini2ty1V,Richard Hawksworth his Executors and adm:^rs from this,54,1,1
9EkaqCzEBy6yTcIi,Lyndsay & soe to run to the seaside from the land,49,0,3
4OmnsTRPo7WTOc9W,to grant bargaine Sell & Convey the before hereby,49,0,3
e5uqF0vLwbhZm2WZ,"Come, know yee that I ffrancis Cockraine of the parish of",57,1,3
MLxbHPNerTkSoSoa,said Henry Fee or any person or persons whatsoever only ye,58,1,3
x4YLIDiOr6UcJVNM,the sd mares together wth the boy of ye said James Mashart,58,1,4
3XThBktVRQzNUIHU,any Maner of Estate right tytle and Interest in y^e,51,1,2
kH0SImE7WOwbv2yY,against what soever other pson or psons claymeing or pretending right,69,3,2
VgJNIQg859aBeFnO,The word September interlyned above the third Lyne next the,59,2,4
P08eVRjbDTvcfedl,Emanuell Preston their sevall & rsepective heires Ex^rs & Adm^rs as for other good,82,4,1
53I5vDY0A7Vd1HtK,Tobacco To Capt^n Biggs & Capt^n Allen ten negroes paying for them two hundred &,80,4,3
XRqbvEn65zI52ULg,Barbados : . To all Christian People To whome these p:^rsent shall,66,3,0
JxHf6h08dgsycimX,"Claiming any right, title, or interest for,",43,0,1
cTdWXv6pEIWZSM2n,ye sealing & delivered of these pnts have good power and authority,66,3,3
rKzVbgEcKjYgCBtv,one Cattle Mill wth rowlers Gridgeons Brasses or all other by appurtenances,75,4,3
ycsirrualw12yFOd,us the said Mary Estwick shall by any writing under her,55,1,1
IMu6t28EGFyW31SL,wth out the lett trouble molestacon denyall or disturbance of the said,70,3,2
tbykGkGuYaCkwuol,"assignes , and all and every persone and persones Lawfully",58,1,3
IHqrQwinzqL6qeg5,Shall well and truely pay or cause to be paid unto,50,0,1
YSgy3c2Eom06Dwt0,"Signed Sealed and Delivered in the Presence of,",47,0,2
Sz7jfKGZzxxdtLsX,bargain sd prmisses wth apptenances unto ye sd James Cornelius his,66,3,1
YB3a4Ms8eDvak9YU,"Tho Price Henry Collingwood, Jno : Taylor",41,0,0
W7WkmmiHjNYoaibi,with ye said John Thurbrane his heires executors administrators or,66,3,2
sozSptQLxEJHwBVJ,land of Capt George Bowyer and Leift George Piggott unto Thomas Stacketon or his assynes for the,96,4,4
pc45xQeZU8vgnoQi,of November 1692 Authorizeing and requireing us or any,54,1,2
vjSQ7VMxTFJC9Y97,may or might claime have or Demand in,37,0,3
ngetet4E8dP6SgWj,one pepper corne (if upon the land lawfully demanded As in and,62,2,1
KztthBapmWlIJGaE,same know all men by these presents that I John Doughtie,56,1,0
94t3dQgGikUWEkad,Ja: Ranton Eastwd Hew: Roberts Northwd & Southwd upon ye cliff & -,66,3,0
JypGYYZSsSQd7yyA,the seaside unto w^th payment well and truely to be made and done wee the aforesaid,83,4,4
2iDMJd7wTVLRxPb6,the date hereof Now knowe all men by these presents that I the said,67,3,1
s2tr2CsJMaXrFBbC,Tenement now in the possesion of John Felton one small Tenement,63,2,0
b3x2DXQwUBnNJ468,the said ten acres of land and every parte and pcell thereof the same to,72,3,4
9ogyciTiCO7tppdn,come know yee that wee W^m Catford administrator unto,53,1,0
cSTqrOdK0b3T7EMO,Lewis my heires exers or assignes or anie other pson or psons whatsoever,72,3,1
yfR9Q3IiP3whlIzH,land and plantacon of Capt Thomas Gibbs five acres of the foresaid land being over the,86,4,4
og37lvHgiQX81J6D,Interchangeably the day and yeare first above written,53,1,2
DAixK7a17B1ka1cp,& pcell thereof unto ye sd Php Holman Tho Walker Jo: Webster &,62,2,0
QcbHemnW2Vt0VLbj,Exonorate and for ever discharge the said Willm Shipton his,59,2,0
vzzk3kMYRxjhFNFd,Everlastinge Knowe yee that I the said Thomas Hughes for and in,63,2,0
wv2LBCroooQQHtQK,judgements execusions debts tytles troubles charges and,55,1,3
vsVI78ZmmaK9xG8F,in hand allready receaved of and from the hands of Cap^t,56,1,0
JL1oKf5gzR0VtxCP,Signed Sealed and dd in the prsence of,38,0,4
5JdiwoObGrmEUzNN,condiconed and merchantable tobaccoe well made upon Rowle and,61,2,0
lI7LJVeZlTjPYXoQ,"of land containing two acres, two chaine and an halfe",53,1,0
ztMdG0ZsY4QFsKfO,"shall and may from hereforth forth for ever ,Lawfully peaceably and",67,3,2
lyh70sdQ9qPILmpY,hereof as aforesaid I binde myselfe mye heires exers and adminstrs,66,3,4
zhrsbNknpX2weDt2,& comodities elce thereunto belonging or appertaining To have,61,2,3
F6JPT9bRoDJLXhQj,failing to draw the said bills of Exchange that them the said,61,2,1
crVxevBLM61nnZXj,Lawfully claimeing or to claime by from or und:^r him them,58,1,0
GEFkleWBRtg73CvO,This bill bindeth me Richard Allestree of the Barbados planter to pay or,72,3,1
BdpTOWKA3SebIrY8,whatsoever wch I now have or at any times here,46,0,3
1lGxcTsgAjWDva2Z,And in Wittnesse Whereof I have hereunto Sett my,48,0,2
KEysBfo9AJrEs6SI,To have & to hould the sd full & whole Estate to her the sd Rebecca John,72,3,4
T7RKTt7RYlSyNgw2,Road also being desired by Patron Anthonio,42,0,0
5EYrJvKYvSm5i9uY,where on I now live beinge fortie acres of land more or lesse together,70,3,0
ALw5QuRFFUauhJA3,holden in free & Common Soccage under the Crowne,48,0,0
EQibNiweKich2JjJ,Entered ye 16^th in ye Island of Barbados marchant as,53,1,4
FKOPnbAgZILi4d5a,keepeing theire accopts ever would make upp theire accopts o,60,2,4
OpEIfYoh4P1NexgG,To all Christians people to whom these prsents shall Come,57,1,1
lZoOTKZwgbI3P92U,effectually As if I my selfe or my heyeres was,46,0,4
NLRY0aR98J4GWWH7,"w:^ch accrued to mee as aforesaid, Either as the saide -",56,1,2
92J6T9Y27xbF66Sg,whatsoever or had I made comitted suffered or done,50,0,4
XhZYGhcnbZ6VYAJo,profitts comodities priviledges immunities and advantages whatsoever,68,3,1
dzgSkdn0qE1OgCVv,In witness whereof I ye sd John Lewis have hereunto putt my hand & seale ye Tenth,81,4,2
ZlB14AiurFXG5dRc,in the aforesaid Towne of S^tt. Michealls. Extending from the present,69,3,1
25u5Tk5LU8xHa8Qz,of seventy acres of land or anie of the above barganed premisses or anie,72,3,1
z8z0LWPaEPGW8j3z,tyme to tyme and ast all tymes hereafter quietly and peaceably hould occupie,76,4,2
lTlN2e9SksIMvwID,Grace of God of England Scotland Francis and Ireland,52,1,1
1XwDnB73vQsSRa3s,without the Lett molestacon or incombrance of me,48,0,3
Mz0jYpJoG9ssdW67,"Execucons, or other charges or Incumbrances had made Comitted or do",67,3,0
atIr5I2cLtS3CUZn,Assignes the sd halfe plantacon halfe stocke & household,56,1,0
lzBOQnk84MVuAorl,Memorandum:- That I John Gale of the Island of Barbados Blacksmith,66,3,3
1VQZ8dS6YQpqJytO,being in S^t Peters parish and if the non payment bee made I binde my planta-,77,4,1
oEgEpa34BSmKc19H,"tofore disposed of as aforesaid, And allso all the right title",62,2,0
OSyR7XSivlOW4Su2,God Everlasting Know ye there fore John Spendlove of the Island of Barbados,75,4,3
hFN8PwCSBbksUmEw,seale bearinge date the eight and twentieth day of November 1644. To mortgage,77,4,3
YtjD7nVrqLTFK0VM,"fifteene Acres, or thereaboutes Scituate, Lyeing, and being in the",66,3,1
mZMi3qdPE3xJ7gT2,bounding upon Robert Ellis leeward and Addam Lee wyndward at the Tarr River heads with the,90,4,2
9RY5eiLjfpuggQ4O,death shall have noe other Child or Chilldren then daughters,60,2,3
Gl5sZCEmnT41Ke1i,"and assignes, to the only proper the benefitt and beheof of him the said Captaine William",89,4,0
zgadFFFmPkeFwdoA,full and just sum of fifty thousand pounds of good merchantable,63,2,3
JwhvDK1SfK7Dfh6f,any other person or persons whatsoever lawfully haveing or claymeinge by,72,3,4
LSfpUIVE4THF3ahJ,"pcell thereof, To have and to hold all and every",48,0,2
Wa3GYoo8H4i1VywB,"and his Heires forever, eighteen Acres",38,0,1
Um15UG3VeAFtTUiS,"appartenances, whatsoever to the said plantacon",47,0,1
58xuUAeMiieXHJi4,& evry pte & pcell thereof unto the sd Tho: Hawley his,54,1,1
vuSwMRQYSdXO6yS4,the sd George Conyners for divs good causes & valuable,54,1,2
g5KRUhoVGac23apc,behaving himself well honestly & dutifully to my brother & other attorney & doing his,85,4,2
dqP2JBWSWeI3zRUC,occupie possesse & enjoye ye sd moyetie or halfe pte of ye said,63,2,1
cNVpvVWGlEVRh64F,bee recovered against them or any of their,42,0,0
mNop846dXWAvpmx4,them with all and every of theire rights members & appurtances,62,2,3
Pxv0ih2mCAXXap1Z,have hereunto sett our hands and seales interchangeably this twentieth day of,77,4,0
vorNAwYueXwXPBt4,unto them ye sd Francis Raynes & Robert King their heires,57,1,4
8kSuiV2Q5xjZ7d8D,whole Conteyninge by estimacon forty five acres more,52,1,1
tUQgU2X9ViRmQqG7,now is or of late was In the tennure and Occupation,51,1,4
GB16JC5kV3ECqWp1,that in case the abovesaid one ~hundred~ thousand two hundred and thirty pounds of cotton to be paid,100,4,3
Z3HJAl4nmxDcsrrx,whatsoever thereunto belonging To have and to hold the said granted Enfeoffed,77,4,4
t99rGQ75qVQBFVon,Bonner purchased of Henry Harvey & Ens Robert Ludall,52,1,3
mdN0m6aKAEfnRLFf,Know all men by these presents that I Capt Richard Peers Esq for the,68,3,3
CT24XlGj00CbNc7I,such other stocke owe and above his equal stocke soe disbursed and layd,71,3,2
MRBwBI4V3OJ1WOFY,in or to all that plantacon or percell of land Containin,56,1,0
HsbgVBOEDYzLjSS3,and above the yearly charges of supplying and manageing,55,1,3
A9iQeJvm6P9Q3eTg,"the said Joseph Jay , for himselfe his heires Executors and Adm^rs doth",71,3,4
vxkSpSkiQYJ7duG1,or passage of Seaven foote broade which lyeth betweene,54,1,4
dixFsmjynPcp7UM8,Yate shall transporte in the sd shipp for ye sd Leonard Dowder soe many men,75,4,0
L9jxuiM12PdvbN7l,Burrowes eastward and the land of Thomas Greene and the,55,1,0
Slh3EWcEut52Hwms,the whole twigg and turff according to the effect and true meaning,66,3,4
wYuHMWNO9VcPzuI7,Captn John Jphnson and m^r Jeremiah Cooke Personally,52,1,0
cvRG47ZPbT7j6O8H,hereunto sett my hand and seale this 20th day of July 1640,58,1,1
t3e59A5xQQ4fz81U,of and from all former and other bargaines sales guiftes grantes heires title,77,4,0
2eWEY4EM27Q0UU8s,of M^r Bickham and now in the possession of me,46,0,4
6nJTFmz4K1Omj8pI,Knightly and ye same received and ye said plantation,52,1,1
USCuetcZThb2vPgR,18^o die 8 bris Be It Knowne unto all men by these prsents yt I Ben Read of the Island,86,4,3
2BszUvG5I7KLJFlr,of Annie Everlen her Assignee or Assignes,41,0,3
E7Pg7oPRsPBV4YpO,called there Catt Street bounded with the Lands of Andre w,58,1,3
nZEsC0lF0KoLlOjR,"Have given, granted, bargained, and sold, aliened,",50,0,0
58mzM9UOi1mYuorI,Everlasting know ye yt I Tho: M^c Caulley for & in consideration,64,2,1
EiydESkX1Xa8grIN,settled and confirmed unto Gedion Goldinge of the same Island,61,2,4
eA99xKMTmSaRiVOV,unto the sd Thomas Pead his Exrs admes or assignes or some of them,66,3,0
qCjSOq60vlxDnCJD,Enfeoffed Confirmed & sould and by theis prsents give,53,1,3
SPpbhWrFeMVxLEKB,day of February one thousand Six hundred Sixty and Seaven and in the twentieth,78,4,0
7npGfBUDtkUmpBlM,free & cleere from all former bargains Sales Mortgages dues duties Exection,75,4,4
oBGBpAO21tQtUt5L,otherwise called little Bristoll and did then and ~,51,1,3
ZKDmqs25MncvoFGI,and to hold the afore mentioned parcell of land and the premisses,65,2,3
oSVd73Xl2FUzt0Q6,of the Witnesses whose names are under written that upon the thirteenth day,75,4,3
dVBC8xZ3r8KoNmt9,w^ch land is for to be layd out for the best convenience,56,1,0
p6dG2MI4epIJfvHI,consideracons me hereunto moveinge doe for myselfe my excers admistrs,69,3,4
Y5uiZta8r58h7uOD,all and Singular other Titles troubles Charges demands,54,1,1
fZm2cAMACleXiIgu,for her selfe her heyres Exec:^rs adm:^rs and assignes doth he,62,2,4
H4rKYUX1mFJpdBnN,Office of the Island Barbados before me Richard Noke Deputy Secretary,69,3,2
0lb8z2CJVJpgDgZY,Entered the day and manifest unto all Christian people that upon the sixteenth day of,85,4,3
M05k6pw29zwqapbC,challenge or demand to have any manner of Estate,48,0,4
8R1oEPzwqnMLLrj1,by the said Henry Clever of London Gent: unto the Said George Adams,67,3,1
sMkYYO8N5kKJ2ofA,Everlastinge Knowe yee that I James Meaxwell of the Island of Barbados merchant,79,4,2
OPkstD33wAm3eZZg,John Parris his heires executors administrators and ~,53,1,4
TimFlG8hCK0nlmdV,the tenor and occupacion of Thomas Ball withall houses edifices buildings ~,75,4,4
IFoUOxihLMHby8Hq,by the delivery of one of them named Demoyher,45,0,1
l0NUsQW9lcByevQq,have hould and occupie Enjoye all and singuler the above bargained,66,3,4
ourn8QsAJvGVBpQK,appteyneinge To have have and to hould the sd plantacon & all,61,2,3
XDODdFdx2bCbNx8P,"accquitted ,exonerated and discharged of and from all and",57,1,3
sji9Sx7KUopPT6in,and Hugh newland Shall and may peaceably & quietly,50,0,3
TgXMCiOard173KR8,"said Guift, Grant, Bargaine and Sale of the said",48,0,1
EBYdY0NQbMmFg6As,to James Thomas his heires executors administrators,51,1,4
WoNq6jFJK4f3TOeN,"whatsoever of us the said Edward Littleton, and Willia",54,1,3
1JIyRk0e5EwTaPId,Sugar to pay the seamen and that as soon as he is discharged of his,67,3,0
QckoVZX9xGNnDDXh,released quit clayme and for ever confirmed and by these by presents by-,72,3,0
Q3W4miBvCja9XFMH,as theire volantary actts and Deeds; Given und:^r my hand,57,1,3
LGSCjdl1LGfenaWa,after fourteene days right hereof pay thr,41,0,1
SrgUdoOFiGWedj6W,have here unto sett my hand and seale this twenty,49,0,2
3JyPMRah7BH53ejW,Sealed and Delivered in p^rsence of Tho: Reed,45,0,0
FRfkhhJBd1PeIf5h,to his or there onely proper uses and behoofes any,50,0,1
VukuiT4GWGIQZzty,all and singular the say^d bargained granted and,48,0,1
rqyI7OubgQmOIfpG,hundred and Eightie pounds of Muscovadoe,40,0,2
d9EJFpa42vRmLb2c,To Have and to Hold the Said P:cells of Lands with the,54,1,4
hRbpxFMCl93ELJww,Stapey and Edward Drake to and for the onely intent and purpose that y^e said Edward,84,4,2
GmLW0M416cgx4aXQ,witnesses whose names are on the other side written,51,1,4
jep8MgoXBSMN8Fvq,or Intended to be granted bargained and Sold and,48,0,1
HhqEOtmx4d3QnhpO,1658 Edward Birdall merchant to bee my true and lawfull attorney or deputy for me,81,4,2
RwbG7xTjBf8dAGNA,is Since Deceased By Meanes whereof the powers,46,0,2
YT9l79SoiGWSa38W,To have and to hold the said plantacon or Parcell of Land with all a,68,3,1
2U9XCV3ZnyZHoIxQ,Sustaind for or by reason of the Just tempest or sea,52,1,0
9pnLwddsFM41PREs,this Island planter Have for divers good and valuable consideracons already received Have,89,4,1
cntBfvyPlBjstyR0,till the day of this protest being the day and year aforesaid and always,72,3,0
vvvTOryw6qlVzGpy,sett over and by these presents doe for me my heires,52,1,4
AtgrEYxopz2LSxks,ye said somme or quantity of Six thousand two hundred & Sixty,61,2,1
kZ0lJWotL3hqna8O,merchantable well cured musc^o Sugar to mee in hand at and,58,1,3
ZbeyngGWxlbaOjpL,in this Island and made oath on the Holy Evangelists of Almighty God that hee did,81,4,2
IVK2rYz13o38mI95,of these presents have given granted bargained and sold and by these,68,3,3
JScl7G7twDhRJAK9,newland three acres of Land more or less Scituate,49,0,4
KIgiuvNEEDjBuM1F,with the greate path near the Church & begining at a Slumpe,59,2,3
pNIBl6jeqdwen4fI,administrators and Assignes for ever without ye lett suite,58,1,2
bo08s71qyTwe33k9,Lapthorne of the other partie where in amongst other things was mentioned,73,3,3
o2LPHMHZm2cyxdWo,To all Xtian people to whome these prsents shall come I Robt Browne of,70,3,3
2AqjwN98FQ7iav2v,fifty and foure Betweene William Baldwin Senior of ye,53,1,2
IPHTeLyRAtZxkmh0,betweene the said Hilliard and Edward Colle Attorney,52,1,3
XAzkI6PbGYZfiiRO,land of Capt Matthew Wood northward and the land of Joseph ~,60,2,1
i4detMeZh3HOXKsg,beginning of ye world to the twentieth day of June in ye year of Or:,68,3,4
ofCPDGBv57aYpKPr,thereupon belonging or in any way appertaining,46,0,0
BYNv4cLpTwuxwSCc,Know all men by theis prsents yt I Captn James Browne,53,1,1
CjqMSdmi9iprEFes,day of the date hereof forever: to his and their owne,53,1,1
amRVEa1WVL1bCcZp,of our Lord on thousand six hundred sixty and foure,51,1,3
ihy0YATKtHf6S2Od,M^r Crispin Hooper psonally appeared before me and,50,0,2
sggAEJI29exYLAOY,Roger McNeads west wth all profitts & commodities ~~,52,1,2
7YTsBM2uqHKNw7iN,for recoverye and receipt of the content of the aforesaid Bill and vallue of the,80,4,1
ZmJD8hjNwfsvl5TZ,witness or hands the days and years above menconed the s'd,58,1,0
msWeoXCpqvrisE13,all Rents and Seruices reserued due or payable upon,51,1,4
eECXxGLgCGo8NcUY,great and small fur turkey Items one Cocke and foure young turkeys and tenne dunghill fowles,92,4,3
KN3EQ5qMZZRdWnOX,Banfeild hereunto Especially moveing Hath ~,43,0,4
Wh4XLWfNqZPtxq7x,ye said Capt: Henry Colleton his heires executors adminis -,59,2,1
fWvXFg7Bc5rly880,Deeds Assurance and Assurances as by theire Councill Learned -,62,2,1
AUbjIBx6U1nJn1KP,containing by Estimacon one hundred twenty and nine,51,1,4
k56cjHJ14A2A7hz6,subscribed our names and sett our seales this Seaventh day of,61,2,3
kl035GcZevBhNohJ,"and assignes doth by theise absolutely warrant secure and defend all tha""fore",77,4,4
CjV4y2NWybIWrn4R,northeast and the lands of Christopher Parkens on the west the south,68,3,2
VatdLIm2yBuXxZR7,promise and grante to and with ye said Tobyas Frere Esq^r his executors and,75,4,4
UAS7vx8koKgEXRb0,thereof In witness whereof I have hereunto sett my hand,55,1,0
CGrFUgbWEpGZlm9l,Christian people that upon the ninth day,40,0,3
X8eYlgiffdhHD9Gc,and grant and covenant to deliver unto the said Thomas Applewhaite,66,3,0
RObestZArY9gN9Ek,Inventory of the Negroes and other goods belong,47,0,4
ZXobaKLkQV4I5ru3,wooden trayes one bedstedd one hamachoe one one wooden caske one,64,2,3
CUAk4AF4ywIyg1EY,hereafter be growing or accruing thereupon he the sd Robert Bridges his heires admrs,84,4,4
G4eFqSu5iDoY6wOm,these pnts And more over from tyme to tyme hereafter there shall,64,2,1
zFbyRBlwn6lrrC4j,taw howes one axe one bill with manny other withall pfitts and comodities thereunto,83,4,1
akPEDSz3Q9VMUFtN,wittness whereof I have hereunto sett my hand & seale this 13' day of October,77,4,0
OB07He591st3fB5O,appeared p^rsonally before me & did acknowledge the above,57,1,2
vjDpg8ThWDl0lzt6,no sugar therefore could pay none but would pay the same,56,1,4
7zIAHPBrAV1tgsE4,Mary his wife and Willougnby & Chamberlaine dureing -,53,1,2
wZNLBsjAdOy0dTbN,"full third parts of all and every, her Boate",44,0,1
fcGhNtSIXqTiiB4l,day of May 1645 to be paid & soe on the sameday yearly,54,1,4
Py5wM51mQnSGcsgT,"Island aforesaide, Conteyneinge by Estimacon foure thousand Six hundred",71,3,3
ccb6jE2RlUietluD,without the lett suite trouble hinderance or disturbance of me the,66,3,3
50LI0lgOmqH7AkKI,Haydon Browne aged twenty two yeares or thereabouts appred before me,68,3,4
uTHBjqhuciF31rVx,sugers cottons indigoe servants negroes horses debts goods chattels dues owed,77,4,4
TB94EpdVwJvIleNB,"the Lands of John Peers Esq.E ,South upon",41,0,4
bKUPLyT0lhJ5mAyC,can hereafter make anie just clayme or demand in the said bill,62,2,4
Afo16hD8hP1jF7Ts,of our estate or estates act or acts or by or with our or either of our assent consent privity,94,4,0
T8SgyApXyBlWjHrx,"ably Sett theire hands and Seales, the day and yeare first above -",66,3,0
G0mct83aOEEU5VUx,under me or by my assent consent or procurement,47,0,3
PAXZNJnQ1Pqtp3UB,Ramsbury together wth ye moyety or half pte of 4 Ass negoes,59,2,1
clfk04xtmQVrfZUl,unto Henry Beare & to his Wife Francis Beaver five acres of land,64,2,1
D3UuOLWU6rXF7Mf1,appearer did then and there Present a Certaine Bill of,54,1,4
9n5GW4HdhgeZncPw,unto the said Daniell Deusberry or Samuell Mainard,50,0,4
GZwQPAMCD4etmRnS,the sd pties that the sd Robert Compton is to worke wth,55,1,4
t69EeRfGfn65iQaD,Day of FFebruary in the twenty sixth yeare of the,49,0,3
isacZcS4VRQjbIzQ,Notary publique in the said Island M^r. James Whitcome which,60,2,2
tGw27fQsPjdjxM0p,frind Samuell Osburne of the Island of Barbados merchant my,59,2,4
XYfcXwlDyNH8hSLH,calls for a pistoll and the said Yarslow and both fired at the small,68,3,1
9EM1zZgBwoEF3XDR,Acknowledgment heareafter in and by these p:rsents menconed,59,2,2
o3SovHMYRxgo38Gg,Entred 22^th Marchant send greeting in our Lord God Everlasting Know,68,3,0
MWTOykz0JnGqJGCA,the said appearer feares and supposses which may be under hold,62,2,4
j79CYx6adancRwUy,due upon accompt of both pishes the said deebts to be paid by the,65,2,2
bJHypYsVTzDpLhNa,Plantacon with all & every the appurtenances hereto appteyneinge,64,2,1
Fe9mdOj8niflLJ1Y,without the lett troble or molestacon of him the sd Willm Foster his heires,75,4,1
otCiJpLw4f9VAEnO,will & doe hereby warrant the same free and disingaged of,57,1,2
kBogTZiGhOKYz1WO,all and w^tsoever my said attorneys or any other by them to be substituted,74,4,0
YtiOsfU0cOEYTtUd,be it more or less wthin the ould Bands Scituate lying & being,62,2,2
NGbPQJvgmnUgoPIW,to be payed to us the said Thomas Sadler and Millesent my wife our,66,3,0
R41U5iE6Fh4ACceq,particular agreemt clause or articles and have interchangeably sett to or hands and,83,4,3
9ysnosQHeDdxHaku,freely and cleerly acquitted and discharged of and from all former bargaines,76,4,0
rFCo4ks86qMWg7oQ,these pnts more are large doth appeare untill the aforesaid summe of five,73,3,1
koeGPrnjlkxMT0hQ,this yeare ( except foure thousand pounds of cotton be paid to Charles Stobart out,82,4,4
1Uf9NYUG7jEmZtZI,admistratrs and assigns by theise psnts that they or some or one of,67,3,3
3evlRU96UPHFm1nK,two tonn of Bristoll hogshead in fifty days time after the arrival of the,73,3,1
nxyNrHatu6cDnwWX,bargained sold aliened enfeoffed remised released quit claimed,62,2,2
JUEBOXkOya4l4nvB,Sales Guifte Grant Mortages Leases annuities,44,0,4
xMdyFadbMPPKtZit,Watson and Humphrey Symons are bound to pay unto me the said Thomas,67,3,3
vcHTnF8sxTXzchDb,his heires and Assignes for ever as aforesaid and further,57,1,2
2JIoSPp3gIpIbhzL,Discharged of & from all & all manner of former & other Gifts grants bargains,77,4,0
yrKBNl9DCfh4OKPw,did then and there did present a Certaine Bill of Exchange charged,66,3,1
qqn4uC3PxrT8EHLn,of the cost the 24^th of January in Ano Dmi 1642,48,0,4
fHfmC6iWjLVmHVat,negroes and premises and every part and parcell thereof,55,1,4
WSMdtuELSi1Egr1C,day of June last past to be greate damage and loss of the said ship,67,3,0
8Z3V3UIIQ06yCH9L,an...Colleton made one and the same Answer,42,0,2
78OwFiWiJODdTmkj,the Board Path and other storehouse wth all the land there,58,1,0
LMNgUceV6w8C6AOC,charged of and from all and all maner of former guiftes grantes mortgages,73,3,1
gllj5F8yVqpoJDlk,fore that we the said Capt Reynold Allen and Capt David Bix and by,66,3,2
EfkPD3PS7A8mVOJ7,Lett trouble hindrance molestacon deniall interrupcon eviccon,61,2,3
Zd27TtDPkKiCSEs5,having heard did protest even as by these presents I do publicly & Solemnly,75,4,0
D2d30FsScZO7oMjw,priviledges advantages comodities and immunites of nature and kind,66,3,4
5yWeBTAjKz4Z9wI3,or in any wise appertaining To have and to hold the before,58,1,2
O5EVdjDUuhaa49w5,and month above written doe acknowledge this to,47,0,4
nE3Re77EFxHJwyjT,to ye same halfe moyety of one hundred fifty acres,50,0,3
8r58IpmqA5YuIy6S,Executo^rs adm^rs or assignes shall and will well & truely,58,1,3
VYrfGXnqnDqc7hHQ,in a schedule thereof made and hereunto annexed mencord and expressed To,72,3,4
N4n0AEU28HgpZBC2,to the dwelling house of the said Samuel Horsham situate in the town,68,3,1
fufQMJPxSqvGjWK9,have & to hould the sd pte or pcell of ye sd plantacon & pmisses,64,2,2
Oy1Km9n4pWkLLJBw,forfeiture of seven thousand pounds of cotton Dated 13 July 1640,64,2,4
khog99sweNvhx776,himselfe his heires Exec^rs Adm^rs & assignes unto the sd David made & his,74,4,4
vYble4e3h47GEaRc,Chosen by the S.^d Lesson and S^d Thomas,40,0,1
yjk5KweW1gOaGtHB,as allsoe the reversion and remainder of all that two acres of land,67,3,4
Xo1u0E3cUeCb9pAm,my name to appeale and prosecute appeales and forme to appeare,62,2,0
msoxltaTIircdJsS,binde our selves our heires execrs and admistrs together with that our plantacon w^ch wee lately,96,4,4
DMqXRRRRo0oWFN21,members & apptenances to ye same plantacon & land belonging,59,2,0
u5k0ujRTojrpqSjg,into the S:^d Tho:^s S:^d pemell in all for the same off,56,1,4
VitdyTslriKuAo1m,To all Xpian people to whome theis pnts shall come Charles Harris of the,72,3,1
Sr3AHbfZSXmh035r,To all Xpian people To whom thise p^rsent writing,49,0,4
7aMEa5aRlAJ5STFW,planter my heires or assignes to pay or cause to bee paid unto Thom: Hodgson,76,4,2
9npg5bIGzkpd0BUX,Stephen Tho: Nowell: Peter Ams: Luke Jones .,44,0,2
IXmIF2nyJc93DlMz,before mentioned Appurtenances unto the Same,44,0,2
F3A5l57g0TlTmzZc,doe bargain & sell & confirm lett unto Mr William Hathcott,58,1,1
AuEDDX3dBfj5NGGM,diet till ye last day of August & to have house roome,53,1,4
d3IR5RXi6O5mfCWe,and others windward To Have and To Hould the said pcell of land,63,2,2
M2eXMWK6hHWmXHA4,Nine hundred Thirty & two Pounds of Mchant,42,0,0
xUJyTNWrkDA1Es7H,in coinsideration of a sume goods allready receved from Thomas,62,2,4
J1bJkWkzEKLdNAQz,sett our hands and seales the 16th day of June 1640,51,1,0
6U6ZefyJzJu2rHD6,given granted bargained and sould and by these pnts doe give grant bargaine and sell,84,4,3
zOHi7v3aKQuijMsy,one breedinge sowe fower ghootes two hens and one cocke for the some,68,3,1
gZau8VWOQ4CE5Qiw,this Grant and Confirmacon nor any thinge herein Conteyned Bee,62,2,3
0mMw0RdPTZdCGBCC,"in the Island aforesaid, Bounded East upon the Land",51,1,3
1BlKycOk8YTM2B8P,Sidney at the suite of wee the s:^d John Harvey,47,0,1
n0Wl8s2tHpqnY3G6,"houses , Ediffices and buildings and all that peece or parcell of land or ground",80,4,0
Xb7GCeGlDrSKyZ7I,Administrators and assignes for ever free and cleere against any perso,70,3,4
0VMuvk9KBpJzmNPz,executors administrator^s and assignes and to his and theire owne pper use,74,4,1
9EHaxoInmUIx7zLm,Susanah Leake our heires executors administrators,49,0,4
tn2bZWzv4IXFss4S,ye houses edifices and buildings workes mills stills,52,1,4
hTfSt1GltO42f1Vt,shall or may hereafter and from thence come,43,0,3
nP0aFeBFwmYRSkhy,"w^ch,, was Robert Wilkinson to Have and to Hould to the s^d",59,2,2
3zCEGsG5e1Bwlrqq,of the said Island and sole Notary publique in the said Island Capt,67,3,2
RlSZEwc1lFOeMjyt,and Seales the day and year above written,41,0,2
mesbSOn5eKS1hzBA,n:grow legg and Joane and Little Robin guien Thomas,51,1,4
gL0DWPJAcXVg4OWy,shalbe upon the said plantacon Witness our hands and seales this,64,2,1
wDSNp60517U0HKDc,their heirs Executors and administrators for ever And also that the said,72,3,2
GsOTGXABSzfOIINj,God Everlasting know ye that I Francis Coop of the Island of Barbados Mcht for divers,85,4,2
oV6iEN8YG4AP3WOk,pte & parcell thereof w^th the appurtenances unto the said M^r Samuell,70,3,2
GJsLVh4T2uVbGKiP,made on ye said land in full and ample manner as,48,0,1
FDyW22kvuankOw1a,the sd Christopher Herinson ^or Nerinson doth demise grant bargain,66,3,1
1ZNkQXKXNddCzISB,ye sd Gregory Rowe my heires or any other pson or psons wtsoevr &,65,2,0
3qg0jJo2Yo49pD5j,or any pte or pcell thereof In witness whereof I the sd John Gibson ~,69,3,1
WcfzyyJEdOaSkfF2,by any person or persons whatsover lawfully haveing or claymeing by from or under me or,87,4,0
xSiD5pSpPOOgOH1Z,twenty third day of October In the 26:^th yeare of,50,0,3
IBcVBCmLJoTq5t7I,ben I brought sence the 21st of April 1653 or any of his plantacons,67,3,0
aBHuNbYWZUjppdNY,"Ability in the ffaithfull discharge, of the plane and",53,1,4
hv7ntDpxZxQk8HZN,to stand in full force and vertue In wittness hereof we have set o^r hands &,76,4,4
P0Q6Yx0ZDGyJRad4,come Greeteing Know that I Thomas Hinderson for,47,0,1
Gk6JNu4U4YradfFH,acres of land with the appurtenances as aforesaid unto William Lees,67,3,0
kNHxbkpQQbwO7Vb1,the Ensealing & delivery of these p^rsents & to the sold PP & onely,67,3,0
bNx65z9FK6XOCxB5,thousand pounds of cleere cotton wooll upon the last day of May next,68,3,0
7i97uwT7kmw69zgD,Condiconed tobacco well made upp in rowle to pay or cause to be paid,68,3,0
noLFawSfL4xG51kz,person or persons w^tsoever in the said island of the Barbados or else,70,3,4
Mzk8N5UXVbRfb7CN,To all Xpian People To whome these presents Shall come,54,1,3
OqihiGiBwGw9MEXd,"and Sixteene thousand pounds of Sugar, Shall & Will allso",57,1,0
aeekTnoSbhADL0yv,"Land, being p:^t of the plantacon Whereon the said",50,0,3
0hoCQGQAX4lAGq4N,them soe under theire Respective ages togeather full power,58,1,3
hQHVQyXkT7SG6OyL,the said messuage or tenement belonging or in any wise apperteyneing,68,3,1
tRXSGpSDjz9JTDWT,hereunto Sett my hand & Seale y^e day & yeare above written,59,2,0
qTlaVvYsKRWmlN2O,or to the prmisses or any pte or pcell thereof and for the true pformance hereof I binde,88,4,1
3qORES0hxGUKb2qk,Solemnly protest against the said Nathaniell Durham his Agents and factors how,78,4,0
pEA7klA2UvMrhTui,before mee William Boughan and Mary Barnsie,43,0,2
PY2Ka6Dsi19zc5I6,shall and will war^t and forever defend by these psents And lastly for the,74,4,1
go0QNU5TCq765p0U,Robert Hackett his heirs Executors Administrators or assignes,61,2,4
m0XxDgjTB1AffdB4,admistrs and assignes forever free and cleere from all former bargaines sales,77,4,3
4EivAd0syZD5GkPc,in peeces and destroyed; The number of Hide aforesaid (parcell of,65,2,3
R8rOSVbQCIIajzuk,of Samuell Brand & Paule Painter the other or Cratcht house now,63,2,2
gpprydgItkjagpIQ,or Assignes granted or to be ~~~~~~~ performed hath demised,59,2,0
48Ju6NoPeO0D6StP,Island gent or unto his heires exrs admrs or assignes all my right title & interest of forty,92,4,1
KqdOELkKdQsZVNbs,the Island Barbados planters sendeth greeting in our Lord God Everlasting Knowe,79,4,4
9Wvgfygw2wMqZcUD,recovery And discharged or otherwise well & Sufficiently Saved,62,2,0
OTnJ8Jg8ekaW6KNB,Length and Tenn foot in Breadth as aforesaid with all advantages build,70,3,3
tFJglPMf1r20i5Im,Thomas Bennett before theise alinge of theise prsents Have given granted bargained,82,4,1
ecQoXsf2o3gyrDO1,And in default of such issue Male to be begotten as aforesaid,61,2,4
c7ij8vKOZM6MK3zy,role In witness whereof I the said William Jarvis have hereunto sett my hand,76,4,4
4UGS9c9zz7tUEb7Z,Surveyor Together with all houses Edifices & buildings thereon,62,2,0
x017XxFquIzhGVaS,Executors and Adm^rs and Assignes six Acres of land being all my,64,2,3
gIsgG41Aja6oboBy,Evlastinge Know ye yt I Thomas Sewell & Garratt Sisters our heires Ex^rs &,74,4,1
lHrsin9tFQeMLHj4,doth fully & absolutely exonerate & discharge the said Captain,62,2,2
jQHoAtrdJ8L4V6lO,comitted or done ~lyeing~ ^lying the sd Luiet: Willm: Pead my heires or assignes or any,87,4,3
0Wg9ew4uHl2l8eJh,and from all maner of dues dutyes and paxacons wh,49,0,4
nwOsTMsUaglG6SNE,& Hercules Pescod one Plantacon or pcell of land conteyn by Estim: Fiftie,73,3,4
KSSmCPzf8z0uklJ6,assignes all my right title & interest of this apraismt ~ &,59,2,0
U0Atr2bqDPJmXRWk,the sd Kinge but that he hath from tyme to tyme,47,0,2
hiIXe5C6FvZgioLx,heires covenant and promise that the said Collonel John Colleton,64,2,1
2cdfCaDJ98giRTNs,to the sd owers & company by breach of his covent &,51,1,2
qREY4lfqBfDlFvId,made personall appearance this day before me and upon,53,1,3
oaiVyeVItbixF0J6,or thereaboute And bounded one the land of Walter Fenton one ye,63,2,1
PUdqLhSHFl5Cs2kc,abovenamed before her departure from the Island Barbados where now she,70,3,3
NCMmv3Htnq5kmgqK,(being privity examined) did acknowledge the,44,0,1
E4lyNbnRlAPOwugo,Their the said Rowley doth his heires exers admistrs and assignes,65,2,2
4CX8r7WzBUuQovnJ,shall come I Sargt: Major W^m Hilliard of ye Island abovesaid,61,2,1
9JxJwUvVlbeaR7hO,Doe make knowledge and Suffer or Cause to be done,49,0,3
lUfluLO9bXkYanOx,the old bonds being upon record east west north and south but I find the,72,3,2
AHMUYSRoLYC56DPc,and by these prsents doe give grant & sell unto Capt,52,1,4
XwgzmvieqOWVfVla,& also take bond & accompt wth the said Ralph,45,0,3
SQGRLf6d6wY0rI5X,Clorgey Thomas S:^r to John Couburn _ _ _ _ 196,47,0,1
97N4C4A2ICG22rYN,consideracon of Eighteene thousand pounds of good sound & well ~,64,2,0
xqZz4yYi2OlXAvSs,and every other pson and psons in Bdos aforesaid wtsoever their and,67,3,3
97V447T3ePCnrtDL,the pfitts benefitts and comodities that shall arise,52,1,3
YoSOfHjNCeBUOIfV,and five with theire increasd In witness whereof I have hereunto sett,69,3,4
fc6OFtNhQyhYKskp,halfe or all the houses edifices buildings profitts benefitts,61,2,2
igHczTSQYaTpWApk,Aunna: Ogeo: Abba: Antomia: Ulubunta :Betty---,46,0,2
vYmG0yKqCKWakw3s,I Richard Dent of ye Island abovesd plantr: sendeth greeting in,63,2,3
RNbd8CGjttzBzyMt,or w^th his their or any of their Assent Consent privity or procurement & also y.^t,83,4,2
EMMr9Uqpm1hFIkCo,Cotherington his heires and assignes and to the onely Esqr,58,1,1
ONac7yn5Sh7sa5pQ,merchantable cotton or tobaccoe to assure to the said Arthur Bronce his,71,3,4
343vUE2H88OizmII,hereby granted without the lett hindrance deniall Interruption of,65,2,3
qbHWR1QSJkjodLvG,Come Consigned to us Jointly from any person or persons whatsoever,66,3,1
C94Hlq6Rw4vzLA8r,by estimation thirtie acres or thereabouts scituate lyeinge and joyneinge,73,3,2
DdPdFWMBX77PVnnS,five and Twentyeth Day of March Yearly as in and,48,0,2
nTLFf5GCZdDiGADK,Bee it knowne unto all men by these pnts that I Stephen Boston of the Island of Barbados,88,4,0
tKR69yz8TmeLS1Op,moveables and immoveables To have and to hould all these demised premises unto him the said Edward,98,4,2
tJXT2CnNAgaRiL3R,every of them by these presents in manner and forme following (that is,70,3,4
LlyOzwnUyTh9VNEP,demanded upon ye aforesaid land or ye vallue thereof in,55,1,3
k9icK383XZqcQd80,bargaine and sould and per these presents doe here,50,0,1
djbsbqeT5aDZgKei,enffeoffed release and Confirmed unto the above named Peleg,59,2,0
wYYpLublqdiVAHhV,to hould as the aforesaid plantacon and Every part and pcell thereof together with all other,92,4,0
3NQ6EnkaYonf7ZNj,aliened sold enfeoffed and confirmed And by these presents doe fully and,72,3,2
dgzOvMMwo7daS7RB,finish conclude execute and determine all and every atter thing and,67,3,3
bYlkwgDyBB1INNlh,and being in the aforesaid Parrish and Adjoins ~,48,0,4
Gn503tm7wISRQxNL,at Large appeare ) And it is hereby Likewise furt,49,0,4
eJyM8jG6LE5lZGrv,bgained alienated enfeoff confirmed & sould & doe by theis prsents,66,3,1
YnsU9IZCwkxAbs5J,Thousand Six Hundred Seaventy and Seaven one Charles Grimlin,60,2,3
Y4HzzVFg7wuqrA4b,To all Christian people to whome theis prsents shall come,57,1,2
xOyPD5ploJUPZmyG,the S:^d Seaven Acres Land w:^th the Appurtenances,50,0,2
quX3RgfyaJK52w9H,buildings upon the said land erected expecting what is,54,1,0
nV9uf9nuPBUmRTso,menconed p:^rmises with the appurtenances and eve,49,0,2
HicggXrQ3b0yZwkS,of this Island Carpenter for divs good causes & consideracon,60,2,3
oABRWzWXSItuLbKY,knowe all men by these prsents that I Walter Walke of the Island of Barbados,76,4,1
fT6kfNSJdqfH7qCj,Attorney and the Authoritye thereby given is to be force (and vertue),69,3,3
OZIW7t7vNxIW98CB,King of England Scotland Ffrance and Ireland Defender,53,1,0
9Vlswu1Fe6gXylZS,Shall be fully vested Setled and executed in and upon,53,1,3
JznYIhpa8mjVZAit,"and euery of theire rights whatsoeuer , Lawfully to",51,1,0
Zm0oK05VdxM8yBRB,ranting and Confirmeing the p:^rmises above granted to the,58,1,4
8gevk4ykUeJ85fvM,and from there forth this present writing to be void & of use force or effect but if,84,4,3
fqSf79prKmYh5WE6,Agents ought not to deny payment for the same she bring,55,1,4
Zk12mycgaFhjzgwP,"of all and every the house adiffices ~ buildings, woods underwoods",66,3,2
eVTSLru10zQstBqX,"HOrses, ass negroes, Cattle &r, Belonging to the within mentioned Estate",72,3,0
XB8v1iKQMbvT5oyZ,made among themselves as aforesaid and that none of them doe,60,2,4
fCtxAqjtaaH0W2iw,in a schedule hereunto annexed To have and to hould the said twelve acres of land,81,4,0
VnKwZVEYK4Bu8BkJ,his heyres Assignes for Euer in manner & forme afores:^d,56,1,4
OrXXHFOprCeTsprv,Januar: 1640 Barbados planter sendeth greeting in our Lord God Everlasting Knowe yee that I the said,100,4,4
fiPZA3D5YSM7BNlD,especially for & in consideracon of a valuable Sume of goods ye receipt whereof,79,4,1
iS3ipjTu1pW1RzFj,admistrs and assignes in the penall summe of twenty and two thousand and pounds of the,86,4,3
yeUdyvADpoCWrxC5,appurtences for ever without the lett hindrance suite trouble,61,2,4
Pzi0V4r3feeGUTWU,of our Estate Interest act or pcuremt and ye freed and cleared of & from,72,3,4
66CHrT6zq5aWhvCC,unto Thomas Clarke of the Island aforesaid Cooper all that,58,1,2
v4NN5l9IwwWWp6xR,Robert Filkin doe have promise and grant for myself my heires excrs,67,3,0
E12gV2pyWpvLfWQZ,Elizabeth for and dureing live Naturall life without,52,1,0
xYEOjcHbjs8hbYsf,p:sone or p:sones whatsoever Claimeing or pretending to Claime,62,2,2
ozyA3WwzaaR9Cy9T,eight and twentieth day of November Anno Dom 1640,49,0,3
0G3BpDRPb1HxQwoZ,"oliver smith or Elizabeth , his wife the said Richard Steeton or ffranc",71,3,3
J14FwODdOoPbXjLm,In 17^o die This bill bindeth me John Wiseman of the Island,59,2,2
xdQAW32IaMImGVne,Ent^r:d y^e 21^th of To all Christian People to whome these p^r:sent,68,3,3
0rk1s1XuWmTjbBur,Medyford and Charles: Medyford for themselfes and,49,0,3
itnTDnze5v7SYYHF,proper use and behoofe without any reckoning or accompt to be had,65,2,4
HUV2Ush1Y2DhwLtS,James Fulcher aged twenty four yeares made oath before me that he,65,2,0
AnBi72G3gqOqRrDh,"Pinfold west on the Land of John Jopson, together with all houses",65,2,4
ejAgBoS0krTHTJ4R,heretofore had made or done and soe shall & will warrant & defend the,69,3,1
e13Lg8XT1rXdbZMN,"therein Concerned for all Costs, Injuryes, Charges",50,0,4
cwheEfBRUdo1MIWX,the full sume and quantity of one hundred pounds of the like cotton,67,3,4
ySU4ONT9JONcITCz,and being in the Indyan Bridge towne als: the towne,51,1,0
0gWmNaermdMD62tk,it known and manifest unto all Christian people that upon,57,1,1
x6eyEUxWZTJySszT,hereunto set their hands & seales even this twentieth day of May,64,2,3
D3I7rJCi8SIlLMDO,demised aliened and sould and doe by these presents give grant alienate sell unto,81,4,4
jz8ixQ85YgTEsmhR,1 vice 2 holdfast 2 frees and 2 hatchets,40,0,4
hP4s5A01V0Yw3gGn,"title of Dower Judgements, or any maner of",42,0,4
qabXtpX1I6B7yBGt,and Sealed have sett the day and yeare first above written,58,1,1
HqOtrddjUF0qXGMq,did attach from Robert: More Dec^d: Lyeing and be,49,0,3
p5UEZL8qTXZej4G3,imediatly after repairing to the said Thomas Colliton who,57,1,4
SvAC1gLOvd0Z1YUp,Said Charles Barrett his Exe^rs Admin^rs or assignes or his or their or,71,3,1
JZznAupATPigGLqu,and this present bill to be voyd and of none effect anything in any,67,3,3
o7ecVjFPbE66NcpS,in respect of the yeare now last expired) And for pformance of all and singuler,79,4,2
mX81tbPnKN0EJnID,wise all his lands Houses goods Chattells Two Negro boyes by Name Tom,69,3,1
xI29vf1DWXsPmlJc,Evan Jones Thomas David and John Price their heires executrs admistrs and assis,79,4,0
Mytb5Udd0ULjuARG,"all maner of debts , dues , dutyes and demands what",51,1,1
2LeOtpJJjp5kuPxS,william Reeves his executors or assignes I the said Thomas Bowen doe,68,3,1
xAaKVrYdZ5yDgsQ0,considerations him thereunto moveing hath given granted,55,1,3
9xS5ZIMO6fgXpQQw,other necessarys unto ye same belonging or in any apptering to have & to hold ye above,86,4,2
7K3SIt6JQtg5zW7c,executors and administrators covenante promise and grante to and with,69,3,2
9T8MhQPkE7dyvMor,Island have not complyed with an agreement or charter party,59,2,0
1o7U0DJcqMGF1Bib,Have granted bargained sold aliened enfeoffed remised released,62,2,0
xcbmmslo4qUlv2Jp,the day of the date thereof and I the said Bennett allett the said landw.^th,76,4,3
EO27lyMGATma5YfS,all Christian People to whome this visiting,43,0,4
P0tGZtBQIumAzqNG,18^0 die To all Xpian people to whome theis prsent shall come I Robert Dawson,77,4,0
sKmByvnIaQlDP4QZ,with the appertenances and every pte and pcill thereof unto the said,68,3,1
CzrQs1cv7GouuT5a,Hundred thirty three pounds money to mee in hand paid by Edward Parsons of the,78,4,1
JPb5ggmdHu4ingwz,Attached at M^r Thomas Browne thirteene acres,45,0,3
B5KC2V5tJ1WS4yLF,on the like dayes in Every yeare dureing all the terme of the naturall,70,3,2
Lhs2kAuja5h1k0Tb,otherwise to remaine in full power and vertue,45,0,4
77uJzMj3zpuBbcyP,"assignes , of in or to the Same , or any parte thereof , together",65,2,2
ohbaT1zYspnRjlXW,the lands of John Syemore & Leward of the land of Thomas Hunte,62,2,4
E1ZA3zeU4p6II2Bv,"To l missing text stian people to whom these presents shall come, We",68,3,2
yyctFtC3pnJL1fqD,Raised and made by the vestries and Church wardens of this,58,1,4
VudjpcG3KPL1Ryrz,wth a nip or cutt on ye forreare & the twoe bigest,50,0,3
nk50DlEWyBLJZPoq,leases Morgages or Ingagements whatsoever also that the said,60,2,2
tV9UoqZGTxEemnMX,to have or to clayme or challenge any right title or,52,1,1
vwal3jKQzejVObfV,Whitehead and Richard Petty of the same Island planters thirteen acres of land all standing,91,4,4
IWAv1KhIW9h31KY2,and three. Entitled an Art for Laying an Impost on the -,56,1,4
kpbnrT68YiciIsDe,the Ten acres of land now in the possession of Christopher Gretham,66,3,3
EmuCWqijn9nSjj8k,as by the bill of Seale whereunto this is annexed may more largely,66,3,3
T5uJz9A7n8LXKQiI,Hould all and singular the said bargained premisses with,56,1,3
cb50eDMQ1lWueoz3,to her in hand paid by the said John the Receipt whereof,56,1,3
Kmf58CxA8bZFoal8,"By this publique Act and Instrument of Publick protest, Bee",59,2,0
3gTSyCSYDs80myd1,where being every Minute in Expectation of beeing Maj,53,1,4
G4hbQz79mWiYA3CW,Ketch at Barbados aforesaid to the great Damage and,51,1,2
rWL8NcKADIeMtx0Y,"Assignes for Ever, ag:^t us, the saide Sam^ll Thorneby Allexand:^r",66,3,4
MtCWEd4yKS8U1pRL,Set my hand & Seale the fourth day of August in the Second yeare,64,2,4
xvG0aNMWz6ePoiFm,whereon I now live and reside which is bounded upon the lands of Richard,72,3,1
OHKJ13lyatfJ2aW8,now know all men that wee the s^d William Tranter and Robert Atkins,67,3,2
UjaMqlcCMp5EqhxP,"or halfe part, purparte, devident, Share, Estate, right, tit",60,2,1
XHtvcSDP11Jybspx,now dwellinge house of the sd Read and for the true & faithfull,63,2,1
I1vWDPlR6gyLPAAA,shall appointe or else store free and for the true pformance of the same,72,3,3
iuW7izXu5s0RU3BM,deliver and procurators or attorney one or more under them to substitute,72,3,3
9d3AQIGYHQyCQTYs,Upon the ninth day of August One thousand,41,0,3
q2vcbApwuSoEmcLV,then the negros should be disposed of to their owners disadvantage,66,3,4
SEZ3udqaYKnEbf6V,"Buildings , the Cattle Mares and premises aforesaid and that",60,2,4
Nm5HMMlasx2ESS15,done as fully and effectually to all intents and purposes wtsoever,66,3,0
6byNrbNCJZ7D0n09,and kept harmles and indempnifyed by y^e saide Edwyn Stede,58,1,2
Td1i9ewd7Pgn4q12,or any pte or pcell thereof ^to be behinde & unpaid in pte or in all after any of the said,90,4,4
G27BsuyuWl9jc08V,in consideracon of sixteene hundred pounds to tobaccoe to us in hand payd,73,3,3
m07cCHgh74eCgKTW,of ye Midde Temple Esq^r and upon the said bills good -,55,1,1
Z8vLvdiAnTvBaFFF,Oaker & Mason theire heirs & assignes forevr: To have,53,1,1
yb8YGk8SIMzFUVOf,With appurtenances unto the said Richard Hackford John Smith,60,2,4
UZcwP3NEABicHt0a,Acres or thereabouts Scituate lyeing and being in the pish,58,1,1
NIFyIj2NK6BGFT2j,for the said Christopher Lyne one parcell of ground lyeing and being,68,3,2
kcOVsxdSTK9JaBV1,hereunto Sett my hand & Seale this 5^th of October: 1648,56,1,3
8N7HXIxOkShFJMuv,1 1 2 doz: Pewter dishes or platters 1 1 2 dozen of plates,58,1,0
XRaE6iPlMZaoqMZ8,unto him the said W^m Dallathy the summe of foure and twenty thousand pounds of good,84,4,0
XiXPUP9Ax5yC366y,payment expressed in certaine bills of the date hereof in w^ch the same ought to be paid,88,4,2
peaK10AjWlEViVHS,onclaymeing from by or under mee or them or any of them In witness whereof,74,4,4
Uy3WIdDJw0Okxq8G,Claimes demands and incomberances whatsoever herefore comitted made,67,3,2
QKMcE1qzz4TAMWF1,and Singular the before granted premises with theire ~appurten~,63,2,0
z9B6NB4pQnZ1ITZK,Charles Wilson. ye mk of W^m Russell -,38,0,0
HqF4fpMhXZuv1LVy,anie or either of our heires exers admistrs or assignes And wee the said John,77,4,2
2z3wHTMzmvLvOR1E,the possescon of M^r Thomas Hothersall. Likewise wee find that the,66,3,3
eHrCUjyzGdz8nV4M,the timber growing on the s:^d plantat:^n but w:^t shall bee,60,2,2
e00ghFMZNoeZmBvZ,attorney in the full some of eleaven thousand of good and merchantable Tobaccoe,79,4,2
Tnz6pJuXsyDIPwtq,In consideracon whereof the said Peeter Halloway is to pay or cause to be paid unto the,87,4,1
njIa6OVNsrJxGyk1,this day appeared before me William Johnes and Nicholas Hollie and did,70,3,2
TNj9e2WZsERqMUIr,sayd John Greene have hereunto sett my hand and seale,53,1,4
CFw27iS4gpxTmc5X,Island of Barbados Mchants well & truly paid whereof I the sd John,66,3,0
Hm3L8CPAOjdUxoOr,cotton shal be behind and unpaid att theis severall dayes of payment,68,3,0
DT8hpS05OChwmqkD,and Assignes and their Severall & Respective Go,47,0,1
9t5wgtLwgrL2SPwu,"called or Knowne by the name of Wadda, Nick,",44,0,0
92Yvo835PZ6a3XKx,day of ffebruary in the yeare of our Lord one thousand six -,60,2,4
wwtC3JfnU4CVAZCs,and unfallen now in the occupacon of the said John Walford or his assignes and,78,4,2
XA7nBLSQ2Gv5YeyD,"ffollowing Have granted,bargained & Sold, aliened",49,0,3
2nuLYXydaa4eJQRj,"all other papers writings Evidences , Escripts",46,0,0
39dak3AWZS6dfuhv,vessell to admitt of the said Hay Johnson as my attorney depute and,67,3,2
4qF3zwG4TSmNQXT2,S:^t Thomas in the Island of Barbados Gent: Sendeth,51,1,2
KuHdta2fXsyh1uMY,thereby he left and bequeathed unto his Sister ^Mary Rogers his Es,66,3,2
A43EdJbvVHVwJjrR,parcells of Land are now in the Possion of them the said,56,1,4
JonvoMhcg9ygkwYX,put their hands and seales dated ye day and yeare first above,61,2,3
tFx6nWCB2mWCWJ6T,Whatsoever had made done or suffered to bee done,48,0,3
JsWJIlzNSemffTM6,and his pteners contayninge one hundred acres or thereabouts beinge one,71,3,1
Kq6naek2cqUEYeoD,of y^m for ever & to ye heires Exr^s adm^rs & ass of every of ym: all,69,3,0
7BshOS7Qx9FJcMWD,"by the said Ralph Wyatt, or by any other act means possession",61,2,1
KYgjhPQJFbz60k84,of his Excellency William Lord Willenghley of Parham Magest Present,67,3,2
NwEJ0QMb2ouSSua6,"By this publique Act and Instrument of protest, be it knowne",60,2,3
HqirFgAsKeLhym8R,"Assignes for Ever. All the right, Title, Interest, Claime ,",59,2,3
igyGLtke0ct8sDUH,exr^s admrs or assignes at ye pte or pcell of land conteyning twenty acres or there,83,4,3
pcDd6xTmrx0DGzO7,me my heires exers and adminstrs doe give grant bargained and sell unto Edw^d Downes,84,4,0
QPaLbzTPwX096gN2,To Barbados by the Mary and Hannah Cap^tt: Thomas,49,0,1
iKSyoundSxLDUalx,Known and manifest unto all Christian people that upon the six and,66,3,0
IriYg7VRBnc5QKda,and th'other threescore and tene pounds residue of ye said some of one,70,3,3
xrsbWjDCydhQ3iog,of Robert Hobert Seite of the Island of Barbsdos,48,0,3
xVD4mUiLPEEtfWdv,to the said John Springham and George Peers theire heires,57,1,1
TYxkNBqpOuiigEmi,bee found This funerall right and charges together,50,0,4
js22NsYIMeGwkZUM,them and theire heyres according to the forme and effectt of this said,70,3,0
Yvzd34vuEnHTOW91,fifth of this instant ffeb: being fourteenth Months the,55,1,4
F48i2GDrmZhvkUDP,John Jewell lefte in the hands of the s^d Thomas Warr one bill of Capt Phillip Woodhouse,88,4,1
bx2sjjhylyRuRZqL,of the debt faile hereof at you pill Given under my hand the 30^th,66,3,1
y0Koco40Qky2tPvY,thereupon to be voyd to all intents & purposes as if noe,56,1,1
ozPB5CPGnWlcmezh,as Signified there by and Lyeing and being in S^t. Andrewes -,61,2,0
rb5FCCMszkdT8C4i,and Leonard Thraites in the penall some of fortie thousand pounds of,68,3,2
68oegBchwy2vp44K,"And by these presents , Doe giue grant bargai",45,0,4
pC3ngYHSSpwL6tgk,made by the Said John Thurnbarne by his Deed beareing,53,1,1
Nh7qyZapCIkJ84bo,Said Richard Bate as aforesaid his heires and Assignes,54,1,3
wTJFDFh2U3jhwfn3,stock servantes good chattells wares merchandizes or other effects and things,77,4,4
PMR5TI9MaDsLLpZu,Nathaniell his heires Executor & Adm^rs yt that he the sd -,59,2,4
nPFz46PDjqipVJIq,Buckly which by the consent and request of each party being,59,2,4
xC7aIldZbqIcAEuE,Willm Stoye doe for me my heires Execrs: Adm^rs & assignes wait the,67,3,3
3YaxWayIjfQ1kloO,alsoe to compound acquittance release or any other lawfull discharge,68,3,4
BUtsMqdXwRZIevgM,dureing the time aforesaid free and Cleere and freely and,57,1,3
dWaAi1OoeTjanGDx,to reenter upon ^one plantacon conteyneinge thirty acres with th'appurtenances together,87,4,3
YcEaOlP7sFsG0u5P,"Adm:^rs and assignes from the day of the date hereof, for and",61,2,0
lHzpLKSzktZbQkoG,Sealy his heires and Assignes be not Compelled or,49,0,0
a2bNd2a8r7atCyUK,dos in the parish of St. Michaells of the other partie Witnesseth that,70,3,3
tMAnF6JGefK15nH2,Carpenter M^r Arnold Gould M^r John Cole M^r William Bourne,59,2,1
ni3ntB0TQEkMK8tL,house of W^m Pead merchant in the same Island to wch payment well and truely,76,4,1
5snfYRc7DDkkjJDq,That by Virtue of full power and Authority unto,47,0,3
LRhUM45y2hkZEzzi,said James Holdipp as Executor above said and beareing date the,63,2,0
ZVy4yTSrn8cJybZs,Memorand:^m the Said Jacob Pretto Promisses to Pay the,54,1,0
pT2TyeF4cac9rG0w,and consigned to Anthory Wallenger and Nicholas,47,0,1
CxcwMgF8Vp9SXKpb,"drye flattes, one table, two formes, one Jarre-",47,0,3
LKRUyhnHdCeJR48y,and Competent Timber and other wood for the repaireing -,56,1,0
Ah36eonLvAmliq6x,Thomas Townes and Elizabeth Harding have by meanes aforesaid to the same,72,3,1
LAEuvXCLhZib1Mtv,of the date of the Deed within written of and from the,54,1,0
wWcnh1oLkGctIX80,upon it the said servantes shall to be imployed upon the said,61,2,1
OddwPjSIYgiFouJY,Griffith Anthony Standford and Company and whereas alsoe the said Arthur Bartlett,81,4,4
UvBCw8Q6znxxXGs4,and manifest unto all Christian people that upon the four and,61,2,4
yy3Iun1lrh9WsGsj,Interest priuity or procurement or by from,42,0,4
1jkqhkuWYaTn2HRn,"insealing hereof full power, rights Authority to",48,0,2
3SUBokfmU5Zx05Ia,Be it knowne unto all men by these pnts that I Nicolas Butler now resident,74,4,0
DrXnvg6YsMiG0Ami,in the yeare of o^r Lord God one Thousand Six hundred,53,1,3
UW4zAGqT0M94a6Rv,wages proffitts benefitts Comodityes privelidges and advantag,61,2,3
9yQmtSy5gOSwFf4O,unto Capt James Holdipp or his assignes one pound of merchantable cleere cotton,79,4,3
K2rVcYAxzwUGjpVs,time to time and at all times for ever hereafter peaceably,58,1,1
T9JS47NYwoQL0lyt,admistrs or assignes for the securitie of and payment of Eight thousand fower hundred,85,4,3
BvTl2Xitz2NzHZv8,James doth hereby give and grant unto the Said Margre,53,1,0
BJFM3na03XmajYGv,thirteene acres of that land to satisfy that debt and charge,60,2,1
eGVxwMtaUCLNZ5jo,ye younger Attorney and factor unto Sr Nicholas Onisigs Kent,60,2,1
kNwKBAWbWsJVFpy6,Johnson the one three yeares the other six yeares to serve & if the said,72,3,1
gxUU4frRO9Uo8w23,Said Jones Askew and Ann his wife have here unto Sett,53,1,3
zo5XLU2siDGGfzxG,hand paid Have given granted bargained aliened and sould And by these presents doe,82,4,3
tNCBYalqLGBBmrlV,deniall of me ye aforesd W^m Forster my heires Ex^rs Ad^rs or,61,2,3
URtapn2aqxr6qe8b,doe acknowledge and confesse my selfe to owe and stand,54,1,3
fbWcVnYOtostMMFx,onely ye Invasion of the forraigne Enimy Excepted,49,0,3
cXQyS96TFprMLydg,Christo Codrington of this Island of Barbados Esqr for divs good causes,71,3,4
V4fBfllhZvcWpUK0,Sealed & delivered in the pnce of us Joseph Taylor,50,0,4
UDTjHvuSOrhCLnS1,"hatchetts, & one Cleaver ffive paires of Iron",45,0,1
XtLO9GWKpMCxNwvp,"truly paide, the receipt whereof, wee the Said Jo",49,0,2
KUMdqR0AcbHlSV0p,estate rt title or interest by from or under me or by,53,1,1
IZmaF10bxns88KBU,A schedule of such goods as are in the storehouse unto Henry Walfree made,73,3,4
qsNVyBKvsi1fVWSE,my hand and seale this eleaventh day of January 1644,52,1,2
Gfj5aLLxRPDyuClG,occupye possesse and enjoye the said plantacon and all singuler other the,73,3,3
Olicgej41Y1E0ZaU,"Samuell Coward and Cap:^t William Martyn, And West",50,0,2
RsYyA82b8YB8IUKO,Request me the said Richard Noke to draw and,44,0,4
9kN8xcJzIF4Zrsfi,ffebruary; 1674 in the yeare of our Lord God One thousand Six hun,65,2,4
1DpgDn9K3tWBS6jr,heires executors administrators or assignes Hee ye said,55,1,0
gXd9E6aDhBprJx3Y,especially for ye valluable consideration of three thousand,59,2,4
VvrB5JPIFV9pTQdW,true intent and meaneing from and Elfect of these presents. In witnes,69,3,4
NSQD5TpJutr32lZr,Timothy Thornhill Esq^r came and p:sonally appeared,51,1,3
gXzGIuLlzzoEOUba,and reasoneable actt and Actts thing and things devis,53,1,4
r5IlXVv2xrql7HzD,and thereof and of every parte and parcell thereof doe hereby freely,68,3,2
CuCtPVsBSutTqIjh,of our soveraigne Lord and Lady William and Me,46,0,1
0mkR6NdY5gXd4l1M,in any wise acquitted released made Voyd or,43,0,0
h27paD3ripxXTLhr,standing in the fence and wyneinge to the falne ground if the said,66,3,3
JvQhAw3Q8WB36Ud9,the houses edifice & buildings with half of all ye servants stock of hoggs cattells chatles,91,4,3
MtCzWngHTnPqlTKb,in the Island of Barbados Planter and Elizabeth his,51,1,3
PgDdVwXzrDO3RBVv,and in the ... and twentieth years of his Ma.^ties,50,0,3
5NUBDy6QlSKgzS8c,all commodities and necessaries whatsoever either belonging or appertaininge,76,4,0
CoGoL6Rv6M21TQDi,heires and assignes sett over unto John Morgan his heires and assignes all my,77,4,1
5qMbB4b2HPlFBhba,"the said Richard Price , for himself his heyr",45,0,4
tym5EyycSRrSyvxZ,Bettrice Odiarne all my right title & interest in our plantacon lyinge,70,3,0
vB6dpofLaoAVW4ZY,in Consideration of the full sum and quanity of Twenty and three thousand,73,3,4
p1NwjXgh6fR9QFNa,date hereof and the said Robert Lees covenanteth and granteth and bindeth himselfe,82,4,4
TVSDgCBnV9uaA3YW,Set my hand & seale the three & twentie Day of July in ^the yeare,65,2,2
3IVyZNKLBLHGXj44,since his arrivall full twenty eight days and allways ready to have,67,3,1
5kTI5aWWhHnjpxnc,shall come I Maroe Edmund Read of the Island aforesd Gent,57,1,0
nEUA5avlpc6quJGg,I have hereunto sett my hand and seale this 28^th day of Febry 1641,67,3,4
4CXPmLZONWDaqWAM,Should enjoye the same In witness whereof I have putt my hand this 24^th,72,3,3
1J2dBwmmO6mYevmQ,Subscribed in whose presence the within was sealed and delivered by the wi,74,4,2
AEIelHGQpCNOoMPI,of y^e naturall Loue and Affeccon which Shee beareth to,55,1,0
YqJeK0o6qAyCOzBu,wnt and for ever defend by these prsents & lastly I ye sd Richard Wallis do hereby,82,4,3
QaYo1SNJahmoZODO,degrees or thereabouts mett with Contrary winds,47,0,3
G3iB7r2iLw39gGvl,to be had made committed or done by ye said John,48,0,3
n38Ncug2Vch791eW,theire heyers and assignes for ever for the use,47,0,4
cMKCJsslNGkLKpey,"wayes, Easem:^ts, rights, Members, Profitts, priviledges,",57,1,0
vCJ6TAC76h8jyuZE,hereunto moveing but more Especially for the sume of thirty pounds,66,3,3
nd6iA4uyrOD8TEg0,bargaine & sell unto W^m Cox & Thomas Blagge in the,51,1,0
x1ARAf3AAJL5tcKp,Sell alien confirme assigne and unto him the said Nicolas Barnes,64,2,0
mdluwL3VGXFLU6id,freely and absolutely give grante bargaine alliene,50,0,0
CwfudMPmLHoY7Xrm,former bargaines guiftes sales grantes leases feoffements mortgages judgements,78,4,4
URoWXipJITCRADy2,first had and Obtained in Writing Und:^r his or their hands and Seale,69,3,0
3hfE3NCj0WALNMNr,that he the sd Jon Darrell his heires Executors Adm^rs & assignes,65,2,0
6wrKvNOVPPNiKfWR,Thousand Six hundred Sixty and one made between the,51,1,2
ZlaiXPyVZHpJFJNc,lately purchased of Mr. Thomas Thomson together with twenty,59,2,1
0osXjXBzKJ98dANS,know all men by theis pnts that I Ens: Roger Bradley in consideracon,68,3,0
W2KNy3XndBz3Dbaw,itaments holden in Join ~tenancy Betweene the said,50,0,3
zD9aDrlh9v7peMpO,& comodities whatsovr unto ye sd Captn: Tho Stanhope his,56,1,1
Xqbz7HRIqemmmDof,over unto Christian Broeckhaven his heires exers and assignes all my,68,3,0
EQHCwqh7JfwBnjzG,of ye same Island Gent his heires Execrs or assignes for everall my right,73,3,4
bkGk7t4M9S8Hm8KW,twenty second day of July last past stands indebted unto us for goods by,72,3,0
1VhSU5dvy8Tov9PH,then and in such case and upon the said William Barrons dying and,65,2,0
x2zrClKiKRo0gUrZ,in the said Island aforesaid w^ch he lately purchased of John Murcott merchant and,82,4,4
0SwQKfck5tvgcLfc,in the Island aforesd . bounding on the lands of Mr Price Gent Leward,69,3,3
qSC9yKEXpWv9XDRD,or unfallen conteyninge fifteene acres of land being formerly pte of the plantacon,82,4,1
PC5P9rdb2TxNFxXH,any act of mine or any other persone or persones,48,0,2
vU7El68vyk9Kkz8L,Marmaduke Rawden knight deceased and of Elizabeth Forster of Hodsdon,68,3,2
RI0lmXgWontGtuXH,of the enemie onely excepted In witness where of I have hereunto sett my,72,3,0
bFdTs3v5xMsJ1tKS,or tytle in or unto ye premisses or any parte or,48,0,2
hzLcYyMQWyJw2Dqz,deputy and attorney formee and in my name and to and for my owne,64,2,4
sbDHoUUTXb9IodXz,Alsoe the Sold & other Goods are belonging to Mr Robert,55,1,4
KmShSWeml2uWokzO,aforesaid Thomas Jordan or his assignes Witness my hand and seale this,70,3,1
eq8InFTV0w562oCT,that the said Jeffery Baker As well ( for and in consideration of the sum,73,3,2
FWiyneKLYWwV5Py5,unto ye said Captn Jeremyah Hame his heires Executors Admirs-,61,2,0
n7rsVUNPzQyH9BBC,the sd Robert Kinge or my assignes or by my meanes consent,58,1,4
P5QNCc66w9iD4UDr,hereunto sett my hand and seale the five and twentieth day of January one,73,3,1
NN3iWefN1lrCq9nP,"formed aforesayd, Whereupon I the said Richard Noke",51,1,2
aP49RqsWkedeFw5U,parrish of St Peters and bounded with assigne John Jackson on the east,70,3,4
ibAnWfHUz0shEyeO,Island aforesd Mchant in behalfe of himselfe & Company,54,1,1
ekNUUuwvfRTbb9x4,Henry Milles Gent and Tho Jones boath of this Island ~,54,1,4
fWKWQl9cjSv1NV1L,bargained sold and conveyed and every part and parcell there of,63,2,2
ykECBGNVBWj09YEb,sell assigne & sett over unto Bartholamew Walter of this Island planter his,75,4,0
eTLeR7GdZtoG5tSp,"Did Demise grant , Sett and to ffarme Lett into the Sa",54,1,1
1J0VX8ck59Y7022i,Bartholomew: Rees my Said Sonne his heyres and assignes for Ever,64,2,2
nifBSWYhebXEWBcm,assignes or any of us or any other pson or psons w^tsoever clayinge by from or,78,4,4
bWa40fopd11ROkUh,Richard Pecocke my heires Executors and,39,0,0
BGvdCrxgdPyU7Bms,title or Interest in any of the aforegoing prmisses to the true pformance,73,3,2
M9UWA0xXEQxtM5Oj,the Comand of the aforesaid Master as aforesaid,47,0,0
ydadQfY9Y0hQXVdf,of fifteene hundred pounds of sound well condiconed and,55,1,0
TyBLQ7BMlXkKwooI,Anthony Richardson doe for me my heires Exec^rs Adm^rs and,58,1,2
0HagWfv50QnVAbNy,unto the Said twoe parcells of land belonging or in,51,1,4
ektv7klLjqZxyCRb,Whereas the Said Thomas Byfeild is dead and the said,52,1,2
qYeY5tNhzK7MLpWM,"over unto Richard Budding of the Said Island, Planter his heirs Ex",66,3,0
ktvEjpdISrOIhb0c,have to hould occupie possesse & enjoyed peaceably & quietly the sd fiftye,74,4,4
A8rvFQ7H8zuuWWw4,truee pfromance of the aforesaid prmisses the aforesaid Robert,62,2,2
jA2oQjwFbpKVSBxn,and sell unto the foresd David made & his heires Exce^rs Adm^rs & to he &,73,3,2
eLf2p0U4w5bwTVoU,consideracons me hereunto moveing have absolutely given,55,1,3
o0p4rYL7CkNB1NDb,lat master & comander under God of the Good Shipp,49,0,1
2BpLwzgiVzW1y7XC,said Piggot not loading of the said Tunnage due in time and,59,2,0
BnzAM1HpE1wxOPxP,one hundred acres of Land or there about bee y^e Same more,58,1,1
RdhJeV3xJKgmzIjL,& to hold & peacablye to enjoy all the premisses to Hugh,56,1,2
FCbXuoztr99Zp0q9,"thereof, Doe clearely Acquitt, Exonerate, & for Ever",52,1,3
Zwez3VcBbD6e3uKB,shipp that shall happen to arrive att this island after Christmas next that shall bring men,91,4,1
1FnhRcitkyZsuMUZ,necessary dureing his said natureall life,41,0,0
Z5tVCCfLH7WIGpCr,mchantable Tobaccoe allready received in hand have,50,0,0
slw5ce48zxCxxuEt,to these Presents have: Interchangeably Sett their hand,55,1,2
PvBgyjl1vyTTRrSF,the lett suite trouble molestation or deniall of me the said,60,2,1
kZU5BU5Ai1LMfjnt,hereby give and great unto my said attorney my full powerand lawfull authority,78,4,0
5c2b19kEWoaaQ2GB,of good sound neett merchantable cotton woole In witness whereof the,68,3,1
2q4XL6UQj52PGfva,to the windward and with the lands of Marmaduke Crosley To have,63,2,0
Cnq5UY0iyZ1XvI2E,Barbados To all Christian People to whome this present writeing,63,2,3
z2EBoCk8bmPCosXq,whereon the Same ought to be paid as aforesaid that then & in Such cas,70,3,0
68QwGt2k1Q4JlsgE,clayme to the said land by our or any of our meanes consent or pcurement forevermore,84,4,0
FMEaIydt5PpDWE6w,"and Assignes, To have hould and Continue the",44,0,4
br16vIpIFxca3VFV,"ffeaste day of S:^t Michaell, one eare of Indyan corne at the",61,2,2
yeYA9q4TIhTXMPIT,others in whose hands any ye pr'misses shal be and to appeare before all,72,3,4
KVb7Fh5if65kxFNZ,and possession of the within premisses delivered,48,0,1
9CsOlh5i9maNWqaD,admistrs and assignes forever without the lett suite trouble molestacon or other,80,4,0
10QrhU8DPSyyasuA,and another servant w^ch is betwixt them,40,0,2
IW54w3ffLLc6zuWz,& wheresoever giveing and by these pr^sents grannt,50,0,2
EHBoK6f9thISpuLc,and clearly exonerated acquitted and discharged of and,54,1,3
ExXxCyDlMNehTvsL,and upon the express condicon and it is the true intent and,59,2,4
8w0SwLIwhyciggKQ,then this within specified mortgage to be redelivered unto Hector,65,2,1
xrHsULSu9f33AvE0,country of Tyrone in Ireand my sometime husband,47,0,1
siYC73VEIyiB8ISQ,betweene Ian White off ye Island of Barbados merchant,53,1,0
vYL4qR1bbp07IgGZ,Signed sealed and delivered in prsence of us,44,0,2
3iWJWzFR5Gv6f9wR,of which said Acco^ts and Matters the said James Kendall Esq:^r is found,72,3,0
iv0hfiMQH7cV3n9W,by us the said Thomas Grigson and Katherine his,47,0,4
WbD9vSK9HINEPIAw,at the request of the said Apperer did then and there protest even,66,3,1
DdeGnixORSYzyV3e,Sale before recited under the hand and Seale of,47,0,2
J5TaRgiDEei4CFSg,"hold , use , occupy possess and Enjoy the Said planta",53,1,3
oWo8j93iGuuyWOQz,constituants as they shall thinke meete moreover upon sale assignement,70,3,4
UmfAca6qWdl6EkJ7,assignes to formely by these pr^sents dated this 29^th day of August 168,72,3,1
jbNTI6fKybVUiDOO,"Rich: Jacques, George Frry, W^m Howard, Gawyn Carowe William x Plasterer",72,3,4
CaYVhNs8WwmRNS6g,either of the sd sumes of wood be left behind unpaid at ye -,60,2,4
quoguynXdMpa5XZE,twoe hundred pounds of mchantable Tobaccoe already had & ~,58,1,0
4dnbGOIcHO5392eD,Court holding before me in the Chamber of y^e Guild hall of the,63,2,3
ZncYZQiEOyWN4qDm,To all Xpian people to whome these psents shall come,52,1,0
cLlvehrjWAkSxJkC,A shedule of all the goods moveable and immoveable w^ch Christo: Thompson is to,79,4,4
bnoPNHifsCJR1888,pr bargained land wth ye prviledges thereunto belonging from,60,2,2
BRVeiQGOK4HLNUoa,wife send greeting in our Lord God Everlasting where ~,54,1,4
66kgnjGo1mY5JNS1,Townsend have hereunto sett my hand and seale the first day of March Ano 1643.,78,4,1
EvpaaQf6h1KQFj8f,the profitts and comodities whatsoever standing ariseing or groweinge upon the same,83,4,3
6qyKnXSTwhb4kVft,by theis prsents as alsoe for divs other good causes and,56,1,2
X3NAdmnvJ4kQy7HB,mens plantacon & on the lewd side on ye plantacon of Wm Craven & Here:,70,3,2
2kNnsSVfQEilmkMF,all and w^tsoever theire attorney or any other by him to be substituted shall,77,4,4
GDHnebmgqZZwW6yr,James Downeman and Ursula his Wife sendeth greetinge in,55,1,1
W8wdFrxaW9VMnV3p,was in y^e possession of my late Dec^d: ffather &now in the possession me y^e. s^d. Robert San,94,4,3
T3Hhat7cR2M3fvD4,lately purchased of Tho: Whitehead. Together the moyetye of all and singuler the,80,4,1
sV3vZhD9ejW9o3RU,aforesaid Gent his heires exers admirs and assignes of and from all dammages suites or troubl,93,4,3
EZAP4ZkhiSUd82kg,freely and cleerely acquitted and discharged of and from all former bargaines sales,83,4,4
d0KvUoiQUzFaZJq3,before ye Twenty day of June next ensuing the date hereof,57,1,0
75u6pKmwtm0vHRAr,molestacon or further suite in law In wittness whereof I have hereunto,70,3,4
bQAC5dDF1NTRUUP0,the aforesaid parcell of Land of fourteen,41,0,3
kQKse0luKCNNV0Lc,Entr^d : the 26^th To all Xpian People To whome this present Writeing,69,3,2
beAivJwhwcRiSSOa,thousand pounds sterl in witness whereof they have hereunto,59,2,0
g9NIE4MigAvag2H9,the tenure or occupacon of the Said John Wells,46,0,2
WiGfAv4dAqzmaR0d,followinge wth all prviledges Comodities & Stocke wch now appteyne,66,3,1
LbW5OvygBwwAwdQp,consideracon therein expressed one plantacon conteyneinge fortie acres of land,78,4,4
fUVZgu51CqrTZNzQ,administrators in the some of fower thousand pounds of neatt ~~,63,2,0
xyssAJSwpQa7qxxu,the paymt of Eighteene hundred pounds of good sound ~,53,1,1
9NeEfZ4Zydpm1VZR,profitts Comodityes Emoluments Hereditaments & Appertenances to y^:e Said,73,3,2
irdmkTgewSo3vwau,leewardwest lyne of the same land withall and singular the wages,64,2,0
0qAbkepBWI2IsexF,heyres and all p:sons Claimeing interest to all or to any parte,63,2,1
f5cMjlBHvMlRBj5Q,attorney & attorneys & assignes Joyntly & sevally for me & in my name & to,74,4,1
mUYiTCH9nMAXVLlf,"Andrew sanders, W^m Chiknall. Tho: Jones.",41,0,0
2KW2WCEcogSZEaxB,was borne Same time in the moneth of January In the,51,1,3
AJxszlffy8CaOdAk,goods the Said negroes hadd then aboard the Said,48,0,2
Edih44tQyeVyN1VW,the Same to bee recovered against him them or an,48,0,3
ogDvw4kKCEzchqwG,edifices and buildings thereupon or thereunto in any,52,1,1
E2GxFys3BmMepJY9,the sume of six hundred twenty and five pounds like money att,61,2,4
2ooZXGXsfzi7WR0L,unto the same Plantation or parcell of Land belonging,53,1,0
faKkl4iufUqvwE6L,"read ^heard understood, Know yee that I Robert Stroude Serv^.t and my wife Doroth",81,4,0
fWxwvfAvWeFzIdHA,thereof now knowe yee there fore that wee the said Thomas Griffith and,70,3,0
kJPtwnLFqNVOLxbC,estate of Inheritance and assurance and conveyance in the simple,64,2,2
8Mqn9A6okDcxAgq9,true intent and meaneing thereof that ye before,47,0,0
Xeym5MC4Oxbx4C0V,have and to hold all and singuler y^e premisses,47,0,4
Ah7PQ8QJULt7Tn5E,pounds six shillings foure pence whereof wth all ye pfitts & increase,69,3,0
HjhxtxtsFbYjjYLA,or wch shall or may lawfully clayme any estate right title or interest in ye,76,4,0
onqijI8wSzkX8XHo,firme unto ye said Peter Handcock all that ye plan-,51,1,3
ESSDMSv2LK9vNtAv,which shalbe due for the afores^d Pcell of land And I the said Capt Holldipp,76,4,1
H66Ktb4aKQtyv2W3,ay ever and above the Annuall Rent before mentioned all the,59,2,0
6o52HAS5xDVfLgGi,person or persons whatsoever layeing title or lawfull clayme thereunto this aforesaid,85,4,3
sFn4R9dwVQE20SQC,Know all men by these presents that we Capt: George Stanfast,60,2,3
wpLj5zcN4BF2r7V0,Thomas Bartlett Robert Lea Signed by - Samuell Richardson,57,1,1
qIlP5XM90ZsmSxcd,"Acknowledgements , to bee thereupon reserved unto his Sai",57,1,4
QirrDMYOugoobTuo,said Capt James Futter his heires and assignes for ever twentye acres of,72,3,3
GTjQijyKVrd6UOxT,grant agree to and w^th them the said Thomas and William their exers admers,75,4,2
MibJx6ArKT1dh3mj,I have sett my hand and seale the xx^th day of November 1640,60,2,3
L0rGKAmrdBOFMgEB,"broade howes and two , Item - one game and allye boardes in and abouts",70,3,1
ZOu2b2QOtKii1hSD,prtendinge any right title or intent to any pte or pcell of the,63,2,1
cNTmRRUpTn8KBpFL,"Teste - John Hopcott, Tho: Griffine, John Walden",48,0,3
vjCXuOzdakipcio5,lasting know yee that wee the said Patrick and Bridgett,55,1,0
259Ksw56mJJlnipt,Repaire to the Dwelling house of the said Louis,47,0,0
oTWJalmBS9kgPYMU,Instruments is a Notri publick dwelling in London by the authority,66,3,1
fq16XqCf5Avc2qqX,they will not doe for his and therefore they hold it need less,62,2,3
XKA2mP9zjbTLeAa8,and John Bawdon ( Called Springhead) on The,43,0,0
MIJUdqbNnozUlCjr,more especially for and in Consideration of Twenty,50,0,0
Jw1pjbJLuWokZ90y,have hereunto put my hand and seale this twelveth day of December 1644,70,3,2
7WFFMBAd2uq6G15v,on the Holy Evangelists of almighty God that he did see,55,1,3
w4Aq5A2DiR4yWozJ,deniall eviccon expulcon hindrance or contradiccion of me ye sd,63,2,0
EZZYGdgGK3gwBREm,in the condicon menconed the said Thomas Rous hath given severall,65,2,3
oZSmA6hZ1peEN3Hv,Have and To Hould the said demised land & premises w^th the,59,2,4
ju1xBfrrg7jQ9TWS,"Thomas Mary and Ann, Groues, and theire Heires and",50,0,0
cQBkqiyhdTppjrJS,unsevered and undevided from the whole Comple,45,0,2
Yw2t4EqC9ZzSM9vc,yee that I James Drax of Island of Barbados Esq for divers,58,1,3
R65XbBlJVWGfuUSU,& bounds as about y^e Same Exprest w^:ch is Certified,53,1,4
8NzDIKPDzcK9HEne,of June in the year of our Lord God one thousand six hundred sixty,66,3,0
YRdcTS1AprPDtOXR,the date hereof In Wittness Whereof the said Benjamin,53,1,2
FOtNoBz2R7ouETXU,did then and there produce contain paper which he answerd,57,1,4
yAaXBC9ZwPhrhqHo,Two Large hanno^es: vats in one pound five Shillings,52,1,2
Pg8vHX272R3vRh1g,"All the right title interest, Clayme and de",43,0,2
0mqbB5m2yIbe4NMc,Shall have and hath hereby free liberty to Sell or Exchange any timber or wood,78,4,4
rh29cCzL51kVBiyO,lease being ye over plus not expressed in ye fore men-,54,1,3
ByMsGK8ModbxgLOS,any agent or agentts factor or factors for him in this Island,61,2,1
GNRUSgrv2q7IfZeJ,the Said parrish of S:^t Georges Butting and bounding,53,1,2
j9o9HyZLE6rRiSgP,not shipping of the said tunnage in due time & place,52,1,3
ZSPjdaElcis1xRR6,day of November 1639 as appeareth by the hill of Sale given me by the,69,3,0
mTqwzHR4GSr68Hzv,ffor the sume of six Hundred thirty Eight pounds thirteen Shilling,66,3,0
d6ZWfj6IpmfKvxG8,by the grace of God of England Scotland France & Ireland,56,1,3
8uO5nvI30O6tA1qc,heirs Executors Administrators and assignes for ever will warrant,65,2,0
lu14jUbWu4A9AtCV,contracts & Incumbrances whatsoev^r: as alsoe from all maner of psons whatsoevr:,80,4,0
CJPd5wE3TjeRwe9U,or to be extended toward the easte untill the said quantity and pporcon,71,3,4
H9erbIk6Il8sW1zt,Executo.^rs & Administrato.^rs in The Sume of foure hundr,57,1,1
unP6NNH4FxWPKZhx,reasonably Devised advised and required by the Said John Haggard his heires &,77,4,2
olYXw9BVl7tRJIV2,Sendeth Greeting Know yee that the Said Henry Sealy,51,1,3
VYwKACuCFMM2fgRm,in or to the premisses or any parte or percell thereof,54,1,2
xS55xsBVei0QZdoW,under the annuall rent of two hundred and fifty pounds,54,1,1
ywlRQxdJRhxKvMbt,all the Estate Right Title interest use Possession Benefitt,59,2,3
Z3ZqVvHCPVyyNq0L,sale of all those lands and plantations lying and,49,0,1
gMPtcUZKyfXd6Xvw,-inge I knowne yee that I the said John Hill for divers good causes and consider-,81,4,3
aks7LkPFI7Yvk2ms,Thomas Phillips his heires Ex^rs adm^rs. & Assignes,51,1,2
sXe2iqnAezdxaSlM,to have or Clayme of in or to the before mentioned,50,0,1
TnwF5fMlgsKzEKf0,Seaven and twentieth day of November in the Year of our Lord,60,2,1
Fi52OHIUuYFtqJ2K,Barbados - Knowne all men by theise presents that I Capt Thomas Gibbes of the said,82,4,1
cLZBesMYcK62fadM,Crisp or Heires Ex^rs adm^rs or assignes as Witnes my hand,58,1,4
8iVnzNdozl0VJM1e,assignes forever without the lett trouble molestacon or incombrances of me,74,4,3
sxdZHLh4CWFBWGcQ,& confirmed by ye Govr: Councell & Assembly of this Island Ratified &,69,3,0
7hlHU4tL0ZFgHwSK,under his and seale dated second day of January in ye yeare of our Lord God,75,4,2
0TKWS2TOSrKaupQT,10^o die July Known all men by theis presents ye I Richard Ast have,67,3,4
13pQPV2nSeeFdnaQ,houses outhouses edefices and buildings profitts and comodities there unto,74,4,3
aC6fjed0jT2rjmsR,shall come Greeting Know yee that I John Spence of ye Island,60,2,2
RVRqLy0O8xgRoEbN,thereabouts situate lying and beinge in ye pish of St: Phps bounding upon the lands of Richd,92,4,2
ysDMVtR1CoJAs2Bm,To have and to hould the said demised prmisses and every pte and pcell thereof,78,4,0
2m8vSp7Wvl9eweFm,same to be recovered against him them on any,44,0,0
51X1nEewj41TrmYh,or either of theire heyres or assignes for Ever Allw,52,1,1
MPaJUrR1VHNzu4oP,granted bargained allienated enfeoffed and sold ~,49,0,2
gYNNY28g0JcGgkOh,recovery and receipt of my debtes or any other matter or thing wt^soever Have,77,4,1
xQ8VS8IALVUj4APg,that the sd Thomas Barnes his heires execrs admistrs and assignes shall or may lawfully from,92,4,3
9hPjXosn6qrdT3DS,when hee shall arrive to the age of twenty one yeare;,53,1,2
0rQmhnOTWuSRRFta,with theire and Every of theire apportenances,45,0,4
FU6KMOCDjjkjSBt3,and fifty pounds Sterling Currant and Lawfull,45,0,4
7cL8lDtLpRK0cLHf,Charles the Second by the yeare of God of,41,0,1
h3s3bpBSLzOuTyzy,of the pish of Hollinger als Hollingsheath in ye county of Soffoke yeoman all &,79,4,2
UBCsB4Nv6GYG3hLO,those prsents shall come I Daniell Handlen and Eliz: his wife,61,2,0
QrEjY256VfDhW7ks,"manner and form aforesaid, and that free and cleare, and freely",63,2,0
szL6TXahFyngWMfK,"made, of in , or to the premises , or any parte these of , by his saide",71,3,1
ssS7mS2JzgiuWYL3,he the said appearer appeared againe on board the said ship and desired the,75,4,2
0NOtZTooF9xcrF5T,yeere of our Lord God One thousand sixe hundred fourty and this present deed,76,4,3
P6MbinkagywgMHJ7,part and parcell these of doth acquitt exonerate and for,56,1,4
LacYGRQHLjuX6YI1,yeare of the Raigne of our souveraigne Lord Charles,51,1,1
JBC2x4zE8x2nXYu8,upon the Broad path That leads Throught Spights Town,52,1,1
Ih7yfJs1ON43xKmT,"Island, Witnesseth that whereas the said Henry Sealy hath upon",62,2,1
0G7ijRfOZFw7OzkP,sell alienate infeoffe and confirme unto him the said John,58,1,4
keqOQku3kZyf7gLF,was taken with a violent Storme and tempestuous seas that,57,1,2
Id34joOtZXOrwBGs,"Eleaven hamackoes, one Spanish ducke one horse, twoe whipsawes",62,2,0
bAznl1dWezWkK79R,or to be done by me the aforesaid Harris Ingram my heires excrs,63,2,1
lPtejBQACA5PGbYP,house and Stephen: Clay theire Exec:^rs adm:^rs and,51,1,3
FqnUnttigcAxe3cZ,side as his act and deed given under my hand,44,0,4
bTAWmN4PRvOeTpAJ,Moggs his heyres & Assignes shall & may shall may fro,53,1,2
qQmJra9K87T1jXFC,"above Exprest and appointed, shall hapen to bee made Conk",57,1,3
iSq0yjrv2AeHxeFt,in the said articles mencond the said Richard Hill and John Horne did,69,3,0
WL4295AOCQhHHpKE,assignes shall quietlye possesse occupie and enjoye the said twentie acres,74,4,4
YYf3GK1Vh1g0LZZN,Administrators and Assignes against any other person or,55,1,3
cp7HtvFzVkbwRwwO,of the said good Tobacco on the first day of Aprill wch shal be in Anno Domi 1643,81,4,4
jUcte2XP5euTtIGc,some foure yeares according to their Indentures,47,0,1
WFM0BApCMYPuHfRS,To all Xpian people to whom this prsent writing,47,0,4
Zt4a1Tcn2VkEnbnW,five hundred and thirty pounds sterl served by Judgem.t^ to bee paid to,71,3,4
3cAEKtKC5vYyE1U1,to any of the within pmisses as witnes or hands & seales this 17^th day of -,76,4,2
CiTAYq2kOZBejUh6,to have plantation provissions such as the plantation produceth for,67,3,0
oQjNYvRMswl7o2fu,from all former and other bargaines sailes guifts mortages or,61,2,2
od0SyFJbeRKryFcf,being thereunto had may also more plainely and at Large,55,1,4
4Znn0LMPwczzSzPF,"Administrators, or Assignes yielding and illegible",50,0,2
HXQ2351MEhrRHUOb,8 bris 1647 of Barbados Gent doe confuse myself to owe & to stand truly ~,73,3,3
vu0p8xQzyNdw3vZg,wtsoever other name or names the same is or hath beene called soe or knowne,75,4,2
oPlxlHy9hYnkpUMq,of land compleat being a pt of yt land wherein ye sd: Rich^d.,61,2,0
ALAqbhdftzbf4NRm,granted bargained sold aliened released enffeofed and confirm,61,2,0
4Y3H0NPUKWow83tR,Knowe all men by theis pnts That I Arthure d,44,0,2
XmIJfHjDpa2QBoto,Tobaccoes well & desently made upp in reath & role to be at some,64,2,2
84fnxRVetPHuvVYb,appertaineing Together with Six Negroe Slaves commonly called or known by,73,3,4
mfPIBCibEwLgrr1V,"said Peter: Swaine for my selfe, my Executors and Adm:^rs",57,1,2
Eu1lFwsPlTGT6Q3m,W^m Powrey of the sd Isl^d Esq^r. before the insealing & delivery hereof,72,3,1
8zPd20EvRCHNUY1U,Just sum of two thousand two hundred pounds of merchantable,59,2,0
GVLnO1lH62DXnj7Y,be his Voluntary Act & Deed Given under my hand,47,0,4
VO4KBHOOIt6wEIoZ,leases feoffments mortgages judgements condempnacons execucons tytles entryes and,81,4,3
IlwUYQ7OzkW4tClJ,pounds of good & mchantable Tobaccoe unto the sd Jno Thomlinson,63,2,0
4DsnLbOz0q6IqEFm,putt yeoven the day & yeare ffirst above written Annog,54,1,4
uKzDWM9cJLIXRrpB,and means w^tsoever of and from Thomas Cooper of the island of B'dos,68,3,0
BuakYrLhzYpacLYS,buiseness although I am desyrous that all things that I have hereby impowered the,81,4,2
5FDJ2S72SQUSas6w,of Barbados Indies maker deceased of & for all such servants,60,2,4
2FwCdxn0lcKTpyeo,Delivered by y^e within Menconed Edwyn Stede to,47,0,1
7sHtBcoTymHoL0zT,the bodye of the said Thomas Morley on the bodye of the said Mar,64,2,3
J38BJHO9CIzbRlco,proffitts comodities and appurtenances to the said house,56,1,4
PNOo6fDmqS2kdzNB,that the said Nicholas Chandler for and in consideracon of the summe of foure,77,4,2
8mnOUvSE5RObkS5q,"old Boss, Hippoa, Surianas, Jackuas, Mobea, Jillean, Joan, Arur, young woemen",77,4,2
4T3KjmXjntlgbIM8,to doe & pforme such other acts & things as shall be necessary tuchinge,71,3,1
FqhTkuo9eQmEQNu2,and twentieth day of March in the nineteenth year of his Reigne,63,2,2
Nkxx6syAXvRMdYOP,manner of houses edifices buildings water & water couses ways & eas^mts backsides benefits,90,4,4
BnqtRsnOMqzGXMyV,sd Henry Geery soe yt there remainers due from the sd John,58,1,0
gCijUesXvSuLpTEB,Edward Port on the north the lands of John Carson on the west and the,69,3,4
5lZQwhSdHxFoHmJT,have agains repossesse & enjoye as in his form estate & any,59,2,2
NkSnbEIhrhi7XXvD,of S.^t Phillipps in the Island aforesaid,41,0,1
sAyihMNSFGQu1BvO,"These p^rsnts , Doe giue grant alyen infeoffe and Confirme",58,1,2
5RbF9LQzXtURcpOO,the Island aforesaid bound upon the lands of,44,0,0
eBdSEKQgF187Lgn6,at more at large recited in a schedule hereunto annexed being,61,2,1
JFMZ8R4DHGG3KCwR,the one halfe of one greate pott the one halfe of the dunghill fowle,68,3,4
yEvswCA0LOdLsfqi,red by them or either of them . Provided alwayes,48,0,3
CEbvnVInnIHWqJEN,hinderance me the said W^m Parkes and Thomas Kinge or either of them or either of,81,4,1
yKywAOe71naJEZBg,of the same Island aforesd Mchant the moyetie or halfe part of Sixth,68,3,4
hfyzCoYiN7as5Rv9,aforesd I do hereby grant as aforesd & absolutely confirm unto the,66,3,0
63QHtDP9bdE2zBRg,Jones his heires exers and assynes forever And also I the said John Ledall for mee my heires,92,4,3
3FePH8BcvyUTzIGa,Be it known unto all men by theis prsents that I Hugh,53,1,4
HoaT5mQrRj40OrmD,Interest clayme & demand of in and to the sd sev all ~,54,1,1
SbthGBN0yaNxyz31,"yeare of our Lord God, one thousand Six",39,0,4
5IgPYtsrksWJ32rj,being unto W^m Morgan of ye same Island planter his heires,58,1,0
85QhQi7IOUFfYSv3,Barbados Knowe all men by these presents that I Captaine Francis Steward of,75,4,1
9wh2Tp11XvIV5Di2,and either heires exectors administ^rs or ass^s for ever from the,65,2,3
uPeCDRHwi41XJOLl,examined the accompts on both sides and consider the same we therefore award ~~abovesaid.,89,4,0
K5PARWBu0ummdZFF,trouble molestacon or interupcon of from or by any pson or psons w^tsoever,74,4,0
5GPoqzPnPH0Mg4Bf,houses Ediffices timber and timber trees woods und:^r,53,1,0
nWVWouw5rGRBrdex,Ex^rs & Adm^rs to pay or cause to be well & truly paid unto Willm Phelp senior,78,4,1
HCtCrb3CmNEjKOAg,Moneths next after the Date of Those presents,45,0,2
JZOnaOmSsqYettGJ,two shares of the said plantation conteyninge twentye acres more or lesse to the,80,4,4
MFkLAHVklUJGQ5vV,In each yeare dureing the terme aforesaid which hee shall Serve in,66,3,0
2G5R0gi9WYA6dr3P,heires excers and admists and all and singuler his and their lands tents good chattels,86,4,0
CtyaslLp7D9gEUJ6,Know all men by these presents that wee Cap^t: George,53,1,0
UxaESJBF8KzKKMKn,of the Raigne of our Soveraigne Lord Charles,44,0,4
cipXfrj8OMaY9a9Y,each of them their heirs exrs and ass wthout the lett suit troube eviction,74,4,3
zpB1axciUH4PfPOB,"land conteyning by estimac""on sixteene acres and a halfe to bee",63,2,0
9Gf8JfyQEf5FCQgh,I the said Christopher Cotherington his,39,0,2
UYYE0ehKB9Urjfui,and all other the bargained prmisses and every part and pcell thereof with,74,4,3
uWJVE3zJGDTFCNlx,also stored away likewise Severall bags of Cotton most of which,63,2,0
2ccrKI22oT2ke0Pf,six piggs one boare six ghoatts tenne dunghill fooles two musketts,66,3,1
oK00i7IpX6ARLQiM,said goods shal be consigned that ye aforesaid some of money is satisfied,73,3,3
K8ffUF0eWIXiiQE8,Mortgages incumbrances dues & dutyes whatsoever and from,56,1,4
25QaQd6DRUoZxXOB,By this public act and Instrument of protest be it knowne,57,1,0
GBtoxJZpbLFuomSy,having heard did protest even as by the,39,0,0
Pu2f8rpvIUc1r1Ef,belonging to Mr Robert Greene Deceased and Collonell Thomas,59,2,2
spu7CIVYP6r2uNbV,presents doth fully Clearely and absolutely grant bargain,57,1,2
0NxSR9SRzZtfiiam,excepted nor reserved and of the receate to give due acqiuttane and discharge,77,4,2
KsteLTWhqDZKUd9x,& shewd us by the Marshall doe appraise them according to,57,1,3
qM6httunpFS9w1lb,Same and noe Longer for the Makeing the S:^d,44,0,3
9fDe1m4cWp8TFbND,of our sovereign Lord Charles the Second by the,47,0,2
SdPy7BVppEc60xOT,Purchased of W^m Gibbs with the half of eight servantes with their severall,75,4,0
HcXwlH2nZMX4c23v,in the yeare of our Lord Christ One Thousand six hundred,56,1,0
5z0BGufzQgliEu7p,6^th June 1645 Island aforesaid sendeth greetinge in our Lord God Everlastinge Knowe yee,88,4,0
5KaPaEpFLsNLN2Y8,witness whereof I have hereunto sett my hand and seale,54,1,1
45hJ7ilVlAA42E6K,Island Together wth all houses Emolumts: Isues pfitts benefitts,63,2,4
jdRUzCWMKGfoBsYz,ye said Capt Richard Peers and Wm: Morgan their heires exers admistrs or assignes,81,4,2
JRHlvie8k6QHTIyB,and from all and all manner of former bargaines sales,53,1,2
agEX0GmnjvRQ2VVG,said Thomas Grigg and James Chrichlow our heires exers or assignes or,69,3,2
4W226Jw5xCOTh6Be,except) In witness whereof I have hereunto sett my hand and seale the 24^th,75,4,1
XDoVOQ0ikJw07ZC7,of the reigne of our soveraigne Lord Kinge Charles &c,53,1,0
h1mqRdoFFNeDaX8n,Deliver the Said Deed of Bargaine & Sale as this Act & Deed:,60,2,4
WyB2fW66tMIjJUlq,Whitney of the Island of Barbados planter sendeth greetinge in our Lord God,75,4,4
PEDuA2X7UMMTNVaB,the day and yeare first above written :,39,0,0
4iYTgLRt720bit5D,and Edward Chamberline or any two of them until further order,61,2,3
Tx3bgo4Kh6KmHDdC,and Thomas Power Merchant of the said ship,42,0,4
CdOIRQzW6e3h0Ffn,heires and Successors on the Twenty Nineth day of Sixtene,57,1,2
TOrixRp7KSS0UZ2z,of and from all and all manner of former and,44,0,3
t8xXJs3PpH5ruSIG,Situate lying and being in the parish of St James in the Island aforesaid,73,3,4
pAtIveCHkSCRxVFE,the saide Gregory Hallett hath hereunto Sett his ha,51,1,4
nq6RswMVrkfbTtkb,of Parham Cap^t Generall and Governour in Cheife,48,0,0
9Qm9OusTY8YfwMZF,acquitted and discharge of and from all former & other titles troubles,70,3,0
uMfcaTr1qmzq4nzr,by Edward Sincklare Marshall was appraised are nineteen pounds sterl P acre as is above,87,4,3
cUWIqCRu02vxCRFp,to the times of this protest being the da,41,0,1
1BJCFSYqRhJ5BPwl,Hollbrooke or our assignes and aboutinge towards the south upon the land,72,3,3
HAeGBRWQSOHV9mWa,"chilldren by name Arra , Jacbatong , Bango",42,0,0
NU4wDSLEfgs3MfD6,one with him concerned for or by reason of the,46,0,3
V4HcQv4XNiMyjkl1,menconed without the consent and lysence of the said John Spendlove And if it shall happen,90,4,0
W0fOJITtl2OXtypG,Peter Harris his heires Ex^rs and Adm^rs by these presents Have given granted,77,4,0
6maa3GUUxFz7A8zV,that when the aforesaid fower bills shall be fully satisfied that then this,75,4,0
fNmdSy5qBOKhjyZF,Baldwin Junior and for want of such issue male,46,0,2
kyElHcaE8jTFk0aU,& Estate belonginge unto ye children of Captn W^m Rayly,55,1,0
D7zlLklBBBCG1SGa,Herinson all my right title & interest of this Bill of Sale,59,2,1
MT0qUtcywTTZOs73,my hand and seale the second day of August 1641,47,0,2
xdYDV87WtLphzyaH,Seizin and quiett possession of the within menconed p:^rmisses,62,2,2
uAH8MMShR5bJPPxI,of the Same he the said Rich^d Buckworth did deliver -,54,1,4
wVsxHXvGovSA5903,somme of twelve thousand pounds of good Tobaccoe well made,58,1,0
zwIfjZMibPxKU7kj,difference or by cause of M^r John Quarless his from the begininge,66,3,2
JWIyD7u3mSpKyo2X,him hereunto moveing & more especially for ye sum of One thousand pounds of cotton wool & One,93,4,1
1LkKJ4P9ajTHr8Pq,Notary publique in this Island Captaine Joh,43,0,2
vIrJvJdvkZzplQhh,Island Gent and William Harvey of the Island aforesaid marchant,63,2,3
rezrHFNiQ3Sed34r,hereunto sett my hand and seale this 22th of March 1653.,56,1,1
0F9UPVFDkUYwkiUI,and foure hundred pounds of merchantable cotton and tobaccoe to be well and truely paid,87,4,3
DxCYNbmkma07JHId,"Geo Dowlinge Testte Estte, George Hosking",41,0,0
HIj2uiUAP18MK9dT,Coman pleas within the Said beareing date the Nine and twentieth day,68,3,3
15qhODBLk4TS3YFW,said Peter Blater or the parte owners of the said ship for or by Reason,71,3,0
4UvcO2ggprq7MyI6,the marriners then aboard) the aforesaid Protest,48,0,2
fNdKPYY3938VlsJE,in the summe of 4000^ft of neat cotton dated the 15th day of June 1640,70,3,4
u6FvtEn5IGXaIslF,"Stepping StoNes, fronteinge Eastward on the Streete, and -",58,1,1
NlKMdDkiTAENrcBQ,acres of land parcell ofthe aforesaid plantacon or parcell,58,1,0
IuQEgdM6nmIWxnca,without y^e : Lett Trouble hinderance or deniall of the S^d :Jn:^o Johnson his heires,85,4,4
9YeE14A7D64MKo7u,convenient storehouse neare the sea syde for the better and securer -,69,3,1
UUwipoTjKC1a1rKP,times as is before expressed and well and truely observe,56,1,3
YLsuD6VqcvWhMQOK,who upon theire Oathes upon the holy Euangellist of Allmighty,61,2,1
KPgjD4gVhpb5Dlrb,by Hugh Ackerly to mee Robt: Pethelridge & John Grate manner to have & to,73,3,2
daVpziQl8f73e7TX,Meddow for divers good causes me thereunto moveing any especially,65,2,3
1He1NsieDM2qkPXS,Jarvis Greham or to his assignes wch sd Jarvis Gresham is depted this,69,3,2
6azNwPimvCI4zuXi,Assignes for ever against him the said Edward Cranfield.,56,1,4
KvjcxyecdA9FK8Ka,measured by a sworne surveyor tenne acres of ground or thereaboutes,67,3,0
XJOANO9yBTa2NAnw,yield^ing and paying therefore yearely and every yeare dureing all the rest,75,4,0
QfmOcnbCXy2yeEay,five months and twelve days from hence next,43,0,3
OhXmAkpnVVPY9OtC,wee the aforesaid Nicholas John and Damaris doe for us ou,57,1,2
epPndgbEvmx8WRcl,Leave and deliver up in Stocke Laid out for the benefitt,56,1,3
XjFjREzxmZe8s0x8,and a way the said Susack together with the said,48,0,2
b6oqCngDugcQlL7x,hands and Seales the Seventeenth day of August An,49,0,4
n3U7l64w9ZPRRLqC,and assignes shall or may peaceably and quieltlye Have hold occupie,67,3,4
tXRZz0pfWEXEeHzl,"the Severall uses, intents, & purposes, aforesaid, and",54,1,1
HnZzJDtDEU2FqaDb,have lately brought & purchased of & from Francis,49,0,1
FaZXVwKpNADcg50S,and every part thereof to him the said,38,0,0
Kif0Z6SDgDtRPTXD,Know all men by these pnts that I Enrgue Richard Ednye of the Island of Barbados,80,4,2
4KErc7eR7r5IKQcl,Barbados Knowe all men by theise pnts that I William Suires of the aforesaid Island doe,87,4,3
5y4unaLjqV9Asnb6,Executors Administrators and assignes all that,46,0,1
6jccAhEqemAtq77Y,thousand pounds of the like condiconed Tobaccoe above,53,1,0
kYjEpv3o1p2t5a8y,Eleaven pounds of good lawfull money to mee in hand paid by Lattimer Richards,77,4,1
vTZOfFoop6wHhoAG,By this publique A A and Instrum^t: of pt est be,48,0,3
5JaYHCXmvtpE3Q6J,And whereas the sd parties to theis prsents are twoe negroes by name,68,3,1
Q6qaOjwc8bArljDA,all to Whom these presents Shall Come Greeting Whereas at,57,1,4
6f5M1W5lCUk7C28Z,by force and virtue of these prsents In,39,0,2
PqQ3smZXin4z9lk0,The goods and ngroes under written being part of the proceede of,64,2,3
5SBSKp2ISc5ugqwp,Sealed and Delivered after the Interlineing -,45,0,1
zvX1Sb6kx69rWtFj,mee hereunto moveinge Have given granted bargained and sould and by,67,3,0
QQbkSrpZ1WxaSMtC,possess & Injoye the former prmisses without ye molestacon,58,1,4
BKxNrRzWnAJYJElx,party and the said Richard Seawell of the other party for the Consideration in the,82,4,0
Zc8MSUoQ1IBUMTSq,1659 six hundred forty and eight George Morgan of ye Citty of London,68,3,3
DwtPoCmS3r1E9yrk,Edifices Buildings wayes Easements waters profits benefits comodityes,69,3,1
8l8WnrYo0XH6JH9c,have put the said John Garraway to be my lawfull attorney f,59,2,3
wuI2FdZL99rOSdrj,doe give grant bargain sell alien & confirm unto the sd,55,1,2
tVvovXkeGOhHGm5X,there pnts absolutely gus grant bargaine and sell unto the said Thomas Bassell his heires,89,4,1
Y9vUpnwyAGZkiXWH,the same to be Recoured against him them or any,47,0,0
8rdcR8BqtPxsPDvV,of March 1653 did personally appeare before mee and did acknowledge,67,3,3
gvPSeD5TFWpWqvsS,necessaryes and househould stuffe as is nominated in a schedule hereunto,72,3,2
Qi23YZHBmahei4Y0,any other pson or psons clayming any Right title or interest,60,2,2
XBS5QXXuqkXerXdy,"the Boston which the said Robert Crocker refuseth to performe, according to the",79,4,3
0Uk8nMMGjepCrvvA,the sd Sugar worke and Planta : aforesaid and further that there now,68,3,2
lPqvHR04F5aflaVV,And the said Christopher Lyne for himselfe his heires Executors,63,2,1
xpxRRrf1zYbfKMfN,Nicho: Blades sign x Thom Morris sign x Hugh. Jones,51,1,1
JumTzaXOgEs7oSbq,any other incumbrance or Incumbrances whatsoever and wee the said,65,2,4
NYZyrSk7iLDhiu3j,the date hereof forever without the lett trouble hinderance or incumbrance,74,4,1
o8eSPJcwF78zpfR1,Cooper as rightfull owner of one sixth parte of a plan-,55,1,2
v1v7RE6EZcPiEjOD,12 die Junie To all Christian people to whome this presence shall concearne Know,80,4,2
aHIcnv3tANsyBa5t,be paid by my beloved Kingman ye Wor^tt Sir John -,50,0,4
Dh6qcbVPqLpIX8Je,1647 God Evlasting And Richard Specke & John Hide all of the Island,67,3,2
AEDnvMju3TuU3wzi,time and terme of one compleate years to be fully accomplished from this day forward thus,89,4,2
QRfP8SEpVyMaDVGL,for divers good causes and valluable considerations us here,59,2,4
hu97IL71fkZBI4zW,said Arthur Yeomans now liveth one Knowe all men by these prsents,65,2,1
zVt078wWbVRvIhPa,of our Soueraigne Lady Ann (by the Grace of God) Queen of Great,63,2,1
JBBP5cmkribqYZrQ,Intr 23^o die To all Cristian people to whome theis pnce shall come Greetinge,77,4,2
66nula27BklZydRK,ffor the true p:formance of all and Singular the Articles and,61,2,1
XVYxdHAl2IA6Iuys,and for ever confirmed and by these p^rsents by vertue of my said -,67,3,1
LiFHJsXrFONcLJyZ,part whereof is now in the possession and occupation of,55,1,4
Ia2gBi4qUxWzxczd,mortgages or any other incumbrances w^tsoever and for the pformance that they shall quiet,89,4,0
ZSYq25WX8bpr0HOq,here of the said Peter Coffin sorts of Goods towards,52,1,2
JmWAisJCtGvzln0C,"and all maner of fformer and other giftth , grant ,barg",55,1,4
kWkdfO4v2jN97SFN,"Island, And Sole Notary publique in his sayd",44,0,3
h4sjsrlBXaEYWHeL,first day of April which was in the year of our Lord One thousand Six,69,3,1
DIgJOd9EDN96TZrN,released and for ever quit Claymed and by the,45,0,2
i1ibtfADI7Xl5hwR,Knowe all men by theise p'sence that I Myles Batersbye of the,61,2,4
I8qUb66NZYXfekjv,person againe to release and acquittances or other discharges for mee,69,3,0
q5OgYhVQd5W3xwVA,thing thererin Conteyned Except onely as to brach of,52,1,3
5Ttj4wbDZ6toH2ic,This day psoneally appeared Before mee Henry :fford,51,1,0
6yURfWu7pp8cajFa,me^e hereunto moveing but more Especially for,45,0,4
ihXhjbXkNf4STnGf,menconed in a schedule hereunto annexed. To have and,52,1,0
fxvhF26uHWz5n576,the terme of Ninety and nine yeares from the,44,0,3
MiWiGODWCQCj3Uuf,1647 ye Island Barbados sent for divs good & valuable causes + consirderacon,76,4,4
vbmmszaTEtLA2O9G,or Children then to the use and behoofe of the,46,0,1
6Yqpt1KPtWQAvi6B,charge of Stocking building and repaires of his Said two-,57,1,1
vekk8v80VJ1sADYL,of the said Thomas Hyatt his heires or assignes or any other person Clayme,74,4,3
L27rgpkg9a5WKCid,wood or woods together with the profits priviledges and advantages,66,3,4
XnivpIhPEV8WL39S,To all Xpian People to whom this present writing shall come I John Lewis of ye,78,4,0
4VrWvM9NAIjirnf6,Executo^rs Administrators and assignes (o,41,0,3
n9xN4OBKHub47ruW,Articles of agreemt. Indented had made & concluded on this,58,1,3
4qNiElGdNamh3CJ3,wch either are or may growe due with in the sd :,48,0,3
nINb9kfKVNrZFhgp,whereas I Michaell Darison have abill of sale under the hand and seale,70,3,4
BJNdu54JXecIRb8h,Now Know ye that wee Roger Davis & Roger Proser both,52,1,4
Mvlhl0gRwyc0pGCe,Have given granted bargained Sold aliened conveyed,50,0,4
AljEeatSmmSgIDvg,halfe of all the Timber trees pfitts comodities & advantages whatsovr: ~,72,3,0
FBafS13DwW9hTVI4,hereafter haue or make claime Challeng or demand any rig,56,1,3
np9xlohQDOusGCF8,grant & Agree to & w:^th the s:^d Rob:^t Dowers,47,0,1
Lzmiw00NslOpO8iR,This Indenture made this eight day of Aprill 1654 Betweene John Stoe,68,3,2
GZz5q3NK5n2mQLCr,that the said Land Scituate in the Parrish aforesaid,52,1,2
V216R7BJFcBLauD9,shall come Doctor John Pake and Thomas Lilly of,47,0,4
1pjoYKQeTKUoQlvi,Indians witness my hand & seal this 21^st day of 7 ber,54,1,2
lbkhCuIKl06JnKSb,and every of theire appurtennces without a,42,0,4
PU01tMPGFSrMTmSl,"made oath upon the holy evanglist, that he Sam",46,0,2
qYvuLyRZ64uRXCQz,hand and seale the day and yeare above written.,47,0,4
XcdqvnvHwTLEnd8i,servantes and stocks dated the 24^th day of July 1640,53,1,1
RiqyocZf3UMIV9yT,"said Office as the Law of this Island require, and having requested",67,3,3
cQyrjSv5zKaGT8XF,"advantages . thereunto belonginge to him the afores^d ,, Capt Robert his heires",79,4,3
CduRh5IjwfP6hYb8,S:^t Michaells in the Island aforesaid and then and there,57,1,4
ipLd6mFhuPx77Hza,the Saide Phillip Bell and ffrancis Bell Severally,50,0,3
CqDTg3xidpufOKfK,and percell thereof doe hereby freely and fully,47,0,0
p3B2yAbKFQKFGZu7,"every of them to them the said William Dymock, Joseph Harbin -",62,2,4
oXTjLStwRDHB866F,by these presents ; In wittness whereof the said Walter &,57,1,0
qLwEhZWcZsjQ3vNL,"Doe you not know, or have you not be in informed",48,0,2
TcQuwjxCIkIth6bz,To all Christian people to whome theise prsents shall come Wee Edmund Bullocke,78,4,2
gJkn38FLpfjzN1EH,brgnd pltacon & evy pte & pcell thereof to the only and absolute behoofe,72,3,2
iPWaWN5GgJcRrdPK,"shall or may be had obtained, recovered or -",44,0,4
mwMsIlO63Yi6qxis,benefitt and behoofe of the Said John: Holder and his,53,1,2
DhMVyAAB8eaiuVz6,withall the houseing buildings and edefices that is or shal be,62,2,1
Od5TSJCaiEjI9l5c,that wee have in our selves just right full power and lawfull authority to be ),79,4,2
TjTVl32ifA12hdCO,hold occupie possesse and enjoye the before bargained prmisses and every,72,3,2
gxLPauNi31vAGDat,"fro: or under them or either of them, Doe & Will",48,0,1
pUIuo5O3ovG3QsKM,one parcell of Land conteyneing two acres two,45,0,0
vnzULIZIgysXLIbq,neare the Indian Bridge & comonly the signe of the shippe To have,65,2,2
OOTo1bjmAqWhSOBM,Barker & Hugh Adisson of the Island of Barbados aforsd,54,1,2
2z9CHRX74Mqxgg29,in Law shall bee reasoneably devised or advised,47,0,1
qHW40pv36jAHdz3r,said will and of every pte and pcell thereof and pson other lawfull,67,3,0
Fu5kdPpStqCBvcrV,& sell unto Willm Martine of the same Island planter the half of three,70,3,3
bGnOHxbCzvZNDwNu,sevally & Joyntly binde ourselves our sevall & Joynt heires Executors,69,3,4
NvGXQiMqIApYZdMK,"Of Land & three quarters of an Acre, bee the Same",49,0,2
JY0OpAyLZUqNHpwL,the p^rmisses the same to be recovered ag,41,0,0
B4oK8r9BHsxGnTgZ,and sold alienated released and Confirmed,41,0,1
tsVliOumuhe5DHRJ,Sealed and delivered in the presence of John Davis,50,0,1
Gh9CnJ3UB9Ig6ywl,Lett on the S.^d PremiSses to be in the Place,45,0,2
nkJAR26WhraTXiOs,and Discharged of & fro : all & all manner of former,52,1,4
HR2juRvjapl87R3U,"Edward Littleton, and William Robinson (in our Capacitys",56,1,4
D1dAPJP1aj3B0LQm,said foureteene Acres & halfe of land together wth all pfitts,61,2,2
TLbq3fOGULGvBz9S,with the houses boards timber water goods & watter course,57,1,3
j6eS8tpWzt0nIOg8,fore this Appearer as well for him self Company and owners of the said,70,3,4
sLPTLQQfXbd2tP57,with all appurtences: unto the said land and houses belonging,61,2,4
32605K4Fi1rvjJrh,to the said parcell of land or ground belonging or in any wise,62,2,4
W7hYYAfRyLnR9AZl,to the only proper use and behoofe of the S,43,0,4
1hIfwyb2v2skEdDM,unto the sd Jon: Burch his heires & assignes one hundred,56,1,1
wQNLK8FDXoUD6YKm,Island Mr John Presman told this depot yt he had sould,54,1,4
5YpfvklP6KS3gOZb,Knights & Body Island Mr John Knights and Mr Edward Body Appeares did,69,3,3
vDIxSlm9ujMGdbYN,nathaniell Haggatt & Walter Stevens theire heyres &,51,1,3
UWZaMgyybh0aW1P7,ye sd Mr W^m Powell his heires Exrs Admirs & ass for evr more free & cleer,74,4,2
4f0oEdScUSTeQSDr,I the Said Richard Noke Dep:^ty: Secre:^ry did protest Even,59,2,2
H19wBvWYnpXETEEY,attorney or more in my prmisses under him to constitute,55,1,1
2fgffYVajIBF5f7Y,thereof by from or under me them or any of them & shall & will wait &,69,3,4
LhYSi5doVSI82hJE,Johnson of Amsterdame marior or to his assignes the sume of eighteene,69,3,1
Gk4aEhw7tJfJuhoo,"in considercon of the sume of one Hundred pounds sterl, currant money",69,3,1
qINa3LHvMjCgqoRA,others nominated in the Saide Contract of the other p,53,1,3
jivfEKVdJzqfzGBX,maner of person or persons w^tsoever lawfully clayming any right or title therein,81,4,2
EOJR7CbyO0EOBnvp,granted bargained & sold & do by theis pnts for we my heires,60,2,1
5hdmpWMLpFGWGy8h,John Baker their and every of their heires exers administrators and assignes,76,4,3
yYC8hQJevpxjp90F,of sale for the land therein contained unto M^r Christopher Nevinson of,71,3,2
Ej4kqc5u7U7xZ05p,of the aforesaid Island have given Granted Bargained,52,1,0
iu7NukzNV1tLvG1G,doe absolutely give grant bargaine and sell unto Robert Humphreys of the Island aforesaid,89,4,2
9XuqchsLQ2RpJR82,"Covenant, grant, and agree, to and with the Said Thomas: Lake",61,2,3
4BnNG9Zu4R8vOqWT,of good and merchantable cotton wooll well cleered from the seedes to paymts,76,4,0
DcNLdUmhCYjgO4eY,tents or Comission relacon being thereto had (more fully may,60,2,1
0veJ7lEuwn5Krl8V,To all Christian people to whome this pnt writeing shall come send greeting in our,82,4,2
jXQqoEzxtxB5lIZr,Robt: Browne All these fifteen acres of or thereabutes whereon wee the said,75,4,1
9AiXepI7aZu6LweN,"his wifes or brother de""ptur from this Island",45,0,2
dgUSIE9pftnLfuf8,pformance hereof we the said Robert Watts & Edward Pater als:,61,2,3
BqjxsMCIdyroEfN1,"Ever, Against themselves & theire heyres, & all",47,0,2
S7HFCNO6W96psFjs,of them theire or either of theire heyres or assignes,53,1,1
qopdPRJbdP1SoEcc,in law all and wtsoever my said attorney his substitute or substitutes,70,3,1
l1FKZyakrkxCdpWn,lands of Wilson Clarke and leeward on the land of John Pattin,61,2,0
IcV9e4NMcpsjh92X,the said Bonam Carter his heires executors administrators and,61,2,4
fb2nkyXzsPW9Pjht,by these presents for me my heires executors or assignes give grante bargaine,77,4,4
m6lTRzmvwYrANRcn,writeing shall come Know yee that I John,40,0,2
L17n22GA39IkEJYq,of God of England Scotland and France and Ireland,49,0,4
VxfYLzkJkll3waWg,to lease unto Capt^n Jeremyah Hawe of Barbados Gent one hundred,63,2,1
m5xky1qivKQPNnhC,to them and theire heyres to the use of the Said Casar: Dum,59,2,3
ovrP9UOFtgzIv4Px,that I the said George Speeke for diverse good causes and,57,1,4
yYRvosFyWsfqsYjU,"good Right, full power and Lawfull and absolut Authority",56,1,0
y9CQ9E4eD6TDulMA,before me Richard Noke Deputy Secretary of,42,0,1
mWkFGDF4tFbf8zGD,to the land of Mr Carleton and his owne land with all profitts priviledges and comodities,89,4,3
BIEQFgv3AZKl8jUa,to the said Articles ) by them the said Tickle and Martin,57,1,1
WB2IhXfKpNF1Ifr8,to the said appeares according to order of the owners of the said,65,2,0
FAEf3t1KKRIBpjJL,given granted alliened enfeoffed bargained assigned,51,1,3
myFAGP8XEN9BEQty,of theire Appurtenances to the Said Samaell,43,0,3
ehwrX4Q5pKEI6gxF,1675: of S:^t phillips w^thin the Island abovesaid for and in,61,2,0
O1PfDkb8p9uELyw9,Have and doe by vertue of these presents freely and voluntary,61,2,4
hDfca31A6xA1j6zz,of the aforeSaid Messuage or Dwelling house,43,0,0
MMstRgEevrOu3rqP,James Comerford to serve till the seaventeenth day of March 1642. Christopher Bailey,84,4,4
iapgXHACB1UY0Drt,yeare of the reigne of our Sovereigne Lord Char,47,0,3
OZ9JEEEyvqaiot8E,"or late belongeinge to S:^r Paule Paynter Knight, o",51,1,0
pNQq47BRKT35Otn8,all dues duties and taxacons and for the true pformance of this bill of,71,3,4
lmdl9GB3vPS8v6Sb,for divs good causes & for & in consideracon of Twoe thousand,61,2,2
P860HlkSqTCpfiAe,and his heires for ever warrant and defend all and every the before,67,3,0
wrWfGnmXFJHgtPFW,conditioned to be paid the ffifteenth day of Aprill,51,1,4
SXsuy7Issi0yomn0,to virtuall and man his and are to pay freight on,49,0,0
8DWxKDSMxo2hKP0l,surveyed bounded and laid out by Richard Man Surveyor Scituated,63,2,4
bNjpiEQhK8nDSqXx,Barbados To all Xpian people to whome theis pnts shall come William Readye of the Island aforesaid,98,4,2
L165bOibyaFgpVzP,To all xpain People to whome this present ~,43,0,2
LdOlQ8KSXjoYotv2,take & keepe legall & free possesion & the same & evry pte & pcell,66,3,3
KPUBE47zl7VeGilt,of tenn yeares next Comeing after the date of these,51,1,0
BfeqoxfMcUy7zNPH,Entered To all Christian people to whome theise persents shall come Know ye that I,82,4,2
Szcz44vSpdVE6r5x,"appertayne, all and singular each tyme a sumes of money debts good were merchandizes",84,4,3
5nSR44wop9nxbh9z,Scituate Lying and being in the Parish of S^t Georges in,56,1,1
9E7C4vszxJAhEkJQ,"Morris, shall and will for see long time as the same shall bee for borne as aforesaid",85,4,2
ysyrUA18EyqDJ0wy,This Indenture made this 23day of June in the 16th yeare,56,1,0
dSgQLeE1M3kbjxjf,bargaines sales guiftes grantes leases feoffements mortgages condempuacons,74,4,0
mQVKRRMKleLiVeiq,or molestacon due by mee the said Daffe my heires exers or admnstrs and thee,76,4,2
7ZzS1VuuCroe8miX,any other person or persons whatsoever lawfully haveing or claymeing from by or under,85,4,2
XpRMATDlCwZDGsr8,w^ch said Island was formerly in the possession of the said Radford and the,75,4,2
kstboOXSpcrVh0Yy,of sale as aforesaid & yt ye sd Daniell Mghee shall quiettly & peaceably,72,3,3
RUZ2Cx1WPPduu9ES,bill of sale to be his volluntary Act and deed,46,0,0
Wu4T3ZEd8XWWUKtn,"two, for the Consideracons therein menconed,) did demise and",60,2,1
x9Sv9SXsQUxM4lcu,and M^r John Egron and confirmed to them by the grante,54,1,1
I3PH4MroJmchtJQx,"the persones above mentioned, ever have had, or Enjoyed",55,1,1
hGPvLBjOUzpchpzF,in the mayne topp for and untill the arrivall and establishm.^t of the said,75,4,2
3flKM48wC7Y5a7Zr,such sume or sumes of goods they are or shall be indebted any waies,67,3,2
iAhuhbCaVwQxFax9,day of ffebruary Parnell of the Island of Barbados Gents: for and,65,2,2
SXNZ5kUCcAxRUpCN,day of July Ano Domi 1640 - Intr XVI die mensis septembris Ano 1640 - And the bill of sale,90,4,2
LOPjEfKgGLKZoJ12,of Barbados Conteineing thirty three acres one,46,0,2
8nyC2jUQfe1uyCWU,shall Come I Lucie Mitchell of the parish of St. Phillipp,57,1,0
hz044m8fJ2FmiHcE,and seize in thereof by the same possession did fully deliver over unto,71,3,3
AnQSwh6VT76gbMAF,title thereunto; dated the xx day of May 1640,45,0,1
hapOjZ3aGj2pq6g0,Deed to be enrolled in the Searetaryes office of the,52,1,0
BRCNrKXYym4RIpa2,Sealed Signed and delivered in the prsence of Jon: Reade als,60,2,4
xb5vu5PpSOyiKTOf,day of June wch will be in the year of Our Lord 1648,52,1,1
BSIVwpVQ86048HRM,us the said Capt George Stanfast and Robert Jenning his attorney Genall and,75,4,1
B5GGvBIUtR81BF6A,heires Ex^rs Adm^rs or assigns or any other pson or psons,57,1,4
6re06p0OzvPmiLGu,my hand this 29^th day of September 1641,40,0,1
UpD34LSJrrbSKEeU,the Isues and profit there from time to time there upon growing to the,70,3,4
SGoNc4BiqzEjWHCM,bill beareing date to the prsents Have given granted bargained Sold,67,3,2
WJDW1zDD3QB2dayr,of Fortye foote square lyinge in the pish of St Michaell,56,1,0
O2qGFq562dfOB1rc,This Day personall appeared before me Rob^t. Richard,52,1,4
9Sx5ZRhI3p2Cya69,David or his assignes to take possession of the said stocke and cropp and all,77,4,4
4s3offmR26jZyygg,neate and cleered cotton wooll to be paid unto the said Thomas.,63,2,0
Hqb4MdJdRxgka9Ha,and admistrs doth covenant promiss condescend and agree that it shall,69,3,2
4MDlMv01Cuw4hjBn,Hooper shall bee at Liberty and may if hee please,49,0,2
MCpYlDGPhZM1v366,nowe with child and to ye longest liver or livers of them thier heres or,72,3,1
ztDVKMI39rzbWRuG,have hereunto put my hand and seale this 24th day of July 1641,62,2,3
cj4DY6Qgz5MHSJPT,"abovesaid Thomas Hothersall by his said father aforesaid, as",60,2,4
z6iIdvvdC0C7rTdz,Gent: doth owe and an indebted unto M^r John Wadloe march of London,67,3,3
so06UKuKMXR0upt4,In witness whereof I have hereunto sett my hand and seale this fifth day of October 1641,88,4,0
eFnyuqi5zlsgDIql,granted bargained Sold assigned Confirmed & sett over and by these,66,3,4
sED1fQkLdOnxacA7,my heires Executors and Admrs: & evy of us to uphold maintaine ~,64,2,1
l9DVLx7cfXtux5y0,debtes dues and demands wtsoever as are due owinge and belonging unto me by loud,80,4,3
pm4ks2pz6kLBiaZI,know ye that I Leonard Plumer of this Island of Barbados Planter,64,2,2
Upl3lRzFMeWhe0FG,to the therein named Richard Fforstall and that he,50,0,0
YsJV2oQ87wPJ8BOk,Evan Lloyd my heires Executors or adm^rs or by or. from any,59,2,1
FfiGe2YrqiNrr2qa,meaninge hereof Wee the said Edmond and Hugh binde ourselves by theise presents,79,4,1
gr2NL02Qt9clZmim,"Matthew Key, William Seares, William Wilson",43,0,3
MBHHxNnqU9iHJnOZ,joyneing to ye high water Marke to have and to hold,51,1,4
saMeASwEoEAis4kz,whatsoever together also all ye servants Cattell wtneses,56,1,0
bN5LAkx2qmGrH56b,occupacon of Captn : Daniell Flecther called by the name of the Blacks,70,3,0
9uQhwSzTiX4E1Z3F,for divers good causes and consideracons in thereabout moveing Have given,73,3,3
n3UK573fbXjPKkX7,thereunto espetially moveinge Have given granted bargained alienated,68,3,3
AVgRduqh3DYfucbY,"twenty Acres of Land, Lying & being in the s^d: parrish of",58,1,3
3J3dQymuGwobU1fb,pounds of tobaccoe to be paid to me by John Maycome of the,58,1,0
IydfuYEg2S4fYFhn,and continue to the said Peter Leare his heires executors and,61,2,3
4fetzTUEHAXA0Kei,Entd 3^rd June and to my use to aske for leave recover and receive all such debtes as are,89,4,3
N8OAXNKZy3XQs1JP,Survior: & the heires Exe^rs & adm^rs of ye deceased or betweene the,68,3,1
oMFzVNYfwB8787EQ,with note of the cargo formerly sent out also signed as aforesaid to be and,75,4,2
xbqy3aEbQcfs2P6r,Appearer and his Company so destitute of provisions that they,61,2,3
Rla5fQilC5uYY5Kw,being the 13th of June Anno Domi one thousand six hundred and forty,67,3,3
MPzcsDZRRkjbuoM5,to him the said John Bonnor his heires executors administrators,63,2,1
0SDEuPPz0ykdZxPB,certaine atturney for and dureing such tyme or terme the said John William,74,4,1
ccPugT9HO1r1VqLI,first of Juno next with the corne house above the cliffe with all other houseing,80,4,0
WRoSDSc7WAiElI2g,ye we ye sd John & Thomas for divs good causes & a valuable,59,2,4
9nTzbpXAGbGPvJQG,"of our Lord God one thousand six hundred seventy & five,",56,1,1
guOhV0tt0GEBkg77,Edwyn Stede his Mges:tes cheife Judge of Pleas of the ToCrowne and cheife,73,3,3
NJuFVII4CYk5J7jd,well made up in weath and role & to be paid into some,53,1,2
ItrTMIJYXZpIamCO,To all Christian people to whome these p^rSent shall come to,60,2,1
HjJV9Fio5RO2jtOt,severally joynt and severall yeares excers admistrs and assignes covenant,73,3,2
TLAeSfxO9PMTwRRO,"Two pounds of Sugar, the same being part Sattisfaccon",53,1,1
1v5WO5CWYR9Ysgf6,consituted and appointed my trusty and well belov,49,0,0
2dhN4UovsvYTR5co,of neat cotton wooll unto them the said Stephen and Thomas and -,64,2,2
KyqXi66L7vGOyhBC,maner aforesaide And that when the full demised,47,0,4
NI3oKisI2sGeobat,M^r John Forde which were lately in the possession of M^r Thomas,64,2,1
1iphKVG7hHQ1L8X7,pish of St George shall pay unto the pish of St Michaells fowerteene thousand,77,4,4
tQunpDjTjcfdL4hj,ward scituate Lyinge & being pte in the pish of St James & pte in the,69,3,0
PP4XJU3nBC4oAv0D,bargaine and sell and confirme unto Philip Jones of the same Island planter his heires exers,92,4,2
1BjRNfVdUGFo0Njk,other molestacon whatsoever of us the said James and Debora,59,2,4
MtfiGvpET1dcYy38,administrators and Assignes in manner aforesaid and that,56,1,3
v5Blm9Pi2Z21CFPT,Sealed and delivered in the psence of Daniell Compe,51,1,2
4sk17nCkqBBC3yV2,Directed in by the aforementioned Act of this -,47,0,0
xHncAJqR6Gn3BX7W,neate Cattle horses negroes and all Singular other the prom,59,2,2
7h9d18xLf696wVD5,"for Ever, And the Said Ann: Wright and Margrett: -",50,0,0
VPBr1xiRUv4EDCwX,time myself inthe penall summe of three Thousand Pounds of Wellcleered cotton from,82,4,1
ZQqFCBamJjZR9GdE,Acknowledged the Within written to be her Ac,44,0,1
uJif6kylAqn8MxzE,that I the said Thomas Duranes for divers good causes and,57,1,4
K0I5shzXqoC7CcOP,By this public act and Instrument of protest Be,47,0,2
TBl3UE2gqnWxNmqh,To all Christian People to whome these present shall,52,1,2
XzaMRNbKDwFTHIZY,ffebruary which will be in the yeare of our Lord one,52,1,2
NQAD74cvanuAX01k,Lawfull Attorney his heyres or Execut^rs Adm^rs or,50,0,0
bvBlAb3HuyqfhgIk,But freely & cleerely Exonated accquited released discharged of and from all,76,4,4
